#1,100
[info] init project...
[info] cli_home=C:/Users/S&SSLAWKS/BeyondSecurity/beSOURCE developer/beSOURCE 5.0/data/CodePrism/
[info] java_home=C:\Users\S&SSLAWKS\BeyondSecurity\beSOURCE developer\beSOURCE 5.0\data\CodePrism\analyzer\jre_x86
[trac] [RuleSync] rule sync start.
[trac] [RuleSync] base : C:/Users/S&SSLAWKS/BeyondSecurity/beSOURCE developer/beSOURCE 5.0/data/CodePrism/lib/data.db, project : C:\Users\S&SSLAWKS\Desktop\Project\JAVA/.data/data.db
[trac] [RuleSync] already has been updated...
[trac] [RuleSync] rule sync end. (292ms)
#5,100
[trac] db repository version: V20190208
[trac] db language code: en
[trac] product name: beSOURCE, version: 5.0.0.0
[info] module version info> cli = 0.9.3.1
[info] module version info> cli.collector = 0.4.3.1
[info] module version info> cli.standalone = 1.5.8.2
[info] [SourceCollector] start collect
#1,100
[info] [Collector] check remote files...
[trac] [Collector]    remote dir: /action
[trac] [Collector]    remote dir: /com
[trac] [Collector]    remote dir: /dao
[trac] [Collector]    remote dir: /com/gtone
[trac] [Collector]    remote dir: /com/gtone/dq
[trac] [Collector]    remote dir: /com/gtone/dq/customer
[trac] [Collector]    remote dir: /com/gtone/dq/customer/config
[trac] [Collector]    remote dir: /com/gtone/dq/customer/query
[trac] [Collector]    remote dir: /com/gtone/dq/customer/server
[trac] [Collector]    remote dir: /com/gtone/dq/customer/util
[info] [Collector] id=20200813185000(2001), from=C:/Users/S&SSLAWKS/BeyondSecurity/beSOURCE developer/Sample/Java, target files=33
[info] [Collector] new=0, change=0, remove=0
[info] [SourceCollector] updated by others=33
[info] [SourceCollector] end collect (time=101ms)
#6,100
[trac] read target source list
[trac] read rule list
[info] ruleset> ruleset: Java OWASP Top 10 2017(143112)
[info] ruleset> rule info (code=3112, cp=0, sp=49, total=49)
[info] ruleset> rule info (code=3100, cp=0, sp=0, total=0)
[info] ruleset> rule info (code=1000, cp=0, sp=0, total=0)
[info] ruleset> rule info (code=9900, cp=0, sp=0, total=0)
[trac] analysis updated file only - cancel> first analysis.
[trac] analysis updated file only - cancel> last analysis was failed.
[trac] analysis updated file only - cancel> ruleset changed(db).
[trac] analysis updated file only - cancel> module file updated.
[trac] analysis updated file only - cancel> module file changed. (dat file not found)
[trac] analysis updated file only - cancel> option changed. (dat file not found)
[trac] analysis updated file only - cancel> reference source file changed. (dat file not found)
[trac] init analyze unit
[trac] set source map
[info] [project info]
[info]   > name: JAVA, path: C:\Users\S&SSLAWKS\Desktop\Project\JAVA
[info]   > source size: 33, library size: 24
[info]   > ruleset name: Java OWASP Top 10 2017, rule size: 49, language: 3112
[info]   > module-info: codeMRI.exe=2.2.2
[info] init project end...
#10,100
[trac] [HandlerLoader] run startup handlers...
[trac] [HandlerLoader] do not use handlers. (skip)
[info] analyze project...
[trac] [18:50:40] CP/SP    <DEBUG> Memory-max=494.9375M, total=247.5M, free=194.89865M, used=52.60135M
[trac] [18:50:40] CP/SP     <TRACE> CPStandAlone-Analyzing Rule Infomations
[trac] [18:50:40] CP/SP     <TRACE> CPStandAlone-    - [31000015] [SP] External Control of System or Configuration Setting, sm.CODEMRIBasicRule, COMPILER: 3112, OPTION: 0
[trac] [18:50:40] CP/SP     <TRACE> CPStandAlone-    - [31000022] [SP] Path Traversal, sm.CODEMRIBasicRule, COMPILER: 3112, OPTION: 0
[trac] [18:50:40] CP/SP     <TRACE> CPStandAlone-    - [31000078] [SP] OS Command Injection, sm.CODEMRIBasicRule, COMPILER: 3112, OPTION: 0
[trac] [18:50:40] CP/SP     <TRACE> CPStandAlone-    - [31000080] [SP] Cross-Site Scripting, XSS, sm.CODEMRIBasicRule, COMPILER: 3112, OPTION: 0
[trac] [18:50:40] CP/SP     <TRACE> CPStandAlone-    - [31000089] [SP] SQL Injection, sm.CODEMRIBasicRule, COMPILER: 3112, OPTION: 0
[trac] [18:50:40] CP/SP     <TRACE> CPStandAlone-    - [31000090] [SP] LDAP Injection, sm.CODEMRIBasicRule, COMPILER: 3112, OPTION: 0
[trac] [18:50:40] CP/SP     <TRACE> CPStandAlone-    - [31000095] [SP] Improper Neutralization of Directives in Dynamically Evaluated Code ('Eval Injection'), sm.CODEMRIBasicRule, COMPILER: 3112, OPTION: 0
[trac] [18:50:40] CP/SP     <TRACE> CPStandAlone-    - [31000113] [SP] HTTP Response Splitting, sm.CODEMRIBasicRule, COMPILER: 3112, OPTION: 0
[trac] [18:50:40] CP/SP     <TRACE> CPStandAlone-    - [31000117] [SP] Improper Output Neutralization for Logs, sm.CODEMRIBasicRule, COMPILER: 3112, OPTION: 0
[trac] [18:50:40] CP/SP     <TRACE> CPStandAlone-    - [31000134] [SP] Use of Externally-Controlled Format String, sm.CODEMRIBasicRule, COMPILER: 3112, OPTION: 0
[trac] [18:50:40] CP/SP     <TRACE> CPStandAlone-    - [31000209] [SP] Information Leak through Error Message, sm.CODEMRIBasicRule, COMPILER: 3112, OPTION: 0
[trac] [18:50:40] CP/SP     <TRACE> CPStandAlone-    - [31000247] [SP] Reliance on DNS Lookups in a Security Decision, sm.CODEMRIBasicRule, COMPILER: 3112, OPTION: 0
[trac] [18:50:40] CP/SP     <TRACE> CPStandAlone-    - [31000256] [SP] Plaintext Storage of a Password, sm.CODEMRIBasicRule, COMPILER: 3112, OPTION: 0
[trac] [18:50:40] CP/SP     <TRACE> CPStandAlone-    - [31000258] [SP] Empty Password in Configuration File, sm.CODEMRIBasicRule, COMPILER: 3112, OPTION: 0
[trac] [18:50:40] CP/SP     <TRACE> CPStandAlone-    - [31000259] [SP] Hard-Coded Password, sm.CODEMRIBasicRule, COMPILER: 3112, OPTION: 0
[trac] [18:50:40] CP/SP     <TRACE> CPStandAlone-    - [31000260] [SP] Password in Configuration File, sm.CODEMRIBasicRule, COMPILER: 3112, OPTION: 0
[trac] [18:50:40] CP/SP     <TRACE> CPStandAlone-    - [31000285] [SP] Improper Authorization, sm.CODEMRIBasicRule, COMPILER: 3112, OPTION: 0
[trac] [18:50:40] CP/SP     <TRACE> CPStandAlone-    - [31000306] [SP] Missing Authentication for Critical Function, sm.CODEMRIBasicRule, COMPILER: 3112, OPTION: 0
[trac] [18:50:40] CP/SP     <TRACE> CPStandAlone-    - [31000307] [SP] Improper Restriction of Excessive Authentication Attempts, sm.CODEMRIBasicRule, COMPILER: 3112, OPTION: 0
[trac] [18:50:40] CP/SP     <TRACE> CPStandAlone-    - [31000312] [SP] Cleartext Storage of Sensitive Information, sm.CODEMRIBasicRule, COMPILER: 3112, OPTION: 0
[trac] [18:50:40] CP/SP     <TRACE> CPStandAlone-    - [31000319] [SP] Transport Confidential Information in Plain Text, sm.CODEMRIBasicRule, COMPILER: 3112, OPTION: 0
[trac] [18:50:40] CP/SP     <TRACE> CPStandAlone-    - [31000326] [SP] Inadequate Encryption Strength, sm.CODEMRIBasicRule, COMPILER: 3112, OPTION: 0
[trac] [18:50:40] CP/SP     <TRACE> CPStandAlone-    - [31000327] [SP] Use of a Broken or Risky Cryptographic Algorithm, sm.CODEMRIBasicRule, COMPILER: 3112, OPTION: 0
[trac] [18:50:40] CP/SP     <TRACE> CPStandAlone-    - [31000328] [SP] Reversible One-Way Hash, sm.CODEMRIBasicRule, COMPILER: 3112, OPTION: 0
[trac] [18:50:40] CP/SP     <TRACE> CPStandAlone-    - [31000329] [SP] Not Using a Random IV with CBC Mode, sm.CODEMRIBasicRule, COMPILER: 3112, OPTION: 0
[trac] [18:50:40] CP/SP     <TRACE> CPStandAlone-    - [31000359] [SP] Privacy Violation, sm.CODEMRIBasicRule, COMPILER: 3112, OPTION: 0
[trac] [18:50:40] CP/SP     <TRACE> CPStandAlone-    - [31000384] [SP] Security Function: Session Fixation, sm.CODEMRIBasicRule, COMPILER: 3112, OPTION: 0
[trac] [18:50:40] CP/SP     <TRACE> CPStandAlone-    - [31000477] [SP] Use of Obsolete Functions, sm.CODEMRIBasicRule, COMPILER: 3112, OPTION: 0
[trac] [18:50:40] CP/SP     <TRACE> CPStandAlone-    - [31000521] [SP] Weak Password Requirements, sm.CODEMRIBasicRule, COMPILER: 3112, OPTION: 0
[trac] [18:50:40] CP/SP     <TRACE> CPStandAlone-    - [31000564] [SP] SQL Injection: Hibernate, sm.CODEMRIBasicRule, COMPILER: 3112, OPTION: 0
[trac] [18:50:40] CP/SP     <TRACE> CPStandAlone-    - [31000613] [SP] Insufficient Session Expiration, sm.CODEMRIBasicRule, COMPILER: 3112, OPTION: 0
[trac] [18:50:40] CP/SP     <TRACE> CPStandAlone-    - [31000614] [SP] Sensitive Cookie in HTTPS Session without Secure Attribute, sm.CODEMRIBasicRule, COMPILER: 3112, OPTION: 0
[trac] [18:50:40] CP/SP     <TRACE> CPStandAlone-    - [31000615] [SP] Information Exposure Through Comments, sm.CODEMRIBasicRule, COMPILER: 3112, OPTION: 0
[trac] [18:50:40] CP/SP     <TRACE> CPStandAlone-    - [31000643] [SP] XPath Injection, sm.CODEMRIBasicRule, COMPILER: 3112, OPTION: 0
[trac] [18:50:40] CP/SP     <TRACE> CPStandAlone-    - [31000652] [SP] XQuery Injection, sm.CODEMRIBasicRule, COMPILER: 3112, OPTION: 0
[trac] [18:50:40] CP/SP     <TRACE> CPStandAlone-    - [31000676] [SP] Use of Potentially Dangerous Function, sm.CODEMRIBasicRule, COMPILER: 3112, OPTION: 0
[trac] [18:50:40] CP/SP     <TRACE> CPStandAlone-    - [31000732] [SP] Incorrect Permission Assignment for Critical Resource, sm.CODEMRIBasicRule, COMPILER: 3112, OPTION: 0
[trac] [18:50:40] CP/SP     <TRACE> CPStandAlone-    - [31000759] [SP] Use of a One-Way Hash without a Salt, sm.CODEMRIBasicRule, COMPILER: 3112, OPTION: 0
[trac] [18:50:40] CP/SP     <TRACE> CPStandAlone-    - [31003011] [SP] Sign then seal sensitive objects before sending them outside a trust boundary, sm.CODEMRIBasicRule, COMPILER: 3112, OPTION: 0
[trac] [18:50:40] CP/SP     <TRACE> CPStandAlone-    - [31003034] [SP] specify locale before using locale-dependent methods, sm.CODEMRIBasicRule, COMPILER: 3112, OPTION: 0
[trac] [18:50:40] CP/SP     <TRACE> CPStandAlone-    - [31003053] [SP] Do not allow serialization and deserialization to bypass the security manager, sm.CODEMRIBasicRule, COMPILER: 3112, OPTION: 0
[trac] [18:50:40] CP/SP     <TRACE> CPStandAlone-    - [31003054] [SP] Make defensive copies of private mutable components during deserialization, sm.CODEMRIBasicRule, COMPILER: 3112, OPTION: 0
[trac] [18:50:40] CP/SP     <TRACE> CPStandAlone-    - [31009102] [SP] SQL Injection: JDO, sm.CODEMRIBasicRule, COMPILER: 3112, OPTION: 0
[trac] [18:50:40] CP/SP     <TRACE> CPStandAlone-    - [31009103] [SP] SQL Injection: Persistence, sm.CODEMRIBasicRule, COMPILER: 3112, OPTION: 0
[trac] [18:50:40] CP/SP     <TRACE> CPStandAlone-    - [31009104] [SP] SQL Injection: IBatis Data Map, sm.CODEMRIBasicRule, COMPILER: 3112, OPTION: 0
[trac] [18:50:40] CP/SP     <TRACE> CPStandAlone-    - [31009106] [SP] LDAP Manipulation, sm.CODEMRIBasicRule, COMPILER: 3112, OPTION: 0
[trac] [18:50:40] CP/SP     <TRACE> CPStandAlone-    - [31009307] [SP] Weak Cryptographic Hash, sm.CODEMRIBasicRule, COMPILER: 3112, OPTION: 0
[trac] [18:50:40] CP/SP     <TRACE> CPStandAlone-    - [31009309] [SP] Weak Encryption: Inadequate RSA Padding, sm.CODEMRIBasicRule, COMPILER: 3112, OPTION: 0
[trac] [18:50:40] CP/SP     <TRACE> CPStandAlone-    - [31009472] [SP] Use of Hidden Field, sm.CODEMRIBasicRule, COMPILER: 3112, OPTION: 0
[trac] [18:50:40] CP/SP    <DEBUG> CPStandAlone-Initializing Directories.
[trac] [18:50:40] CP/SP    <DEBUG> CPStandAlone-  - directory : C:\Users\S&SSLAWKS\Desktop\Project\JAVA\temp
[trac] [18:50:40] CP/SP    <DEBUG> CPStandAlone-Loading CMParser...
[trac] [18:50:40] CP/SP     <TRACE> ExtractorLoader-COMPILER-CODE : {3113}
[trac] [18:50:40] CP/SP     <TRACE> ExtractorLoader-setting common options.
[trac] [18:50:40] CP/SP    <DEBUG> ExtractorLoader-load usa config
[trac] [18:50:40] CP/SP    <DEBUG> ExtractorLoader-  - analyzer exec : "C:/Users/S&SSLAWKS/BeyondSecurity/beSOURCE developer/beSOURCE 5.0/data/CodePrism/Analyzer/codeprism/usa/windows/usao5.exe.x86_64"
[trac] [18:50:40] CP/SP    <DEBUG> ExtractorLoader-  - temp dir : C:/Users/S&SSLAWKS/Desktop/Project/JAVA/temp
[trac] [18:50:40] CP/SP    <DEBUG> ExtractorLoader-  - time out : 10
[trac] [18:50:40] CP/SP    <DEBUG> ExtractorLoader-  - xml encoding : KSC5601
[trac] [18:50:40] CP/SP    <DEBUG> ExtractorLoader-usa targets
[trac] [18:50:40] CP/SP     <TRACE> ExtractorLoader-setting parser options.
[trac] [18:50:40] CP/SP     <TRACE> ExtractorLoader-private options : {}
[trac] [18:50:40] CP/SP     <TRACE> ExtractorLoader-parser options : {setDebugMode=public void com.itplus.cm.parser.java18.run.CMParserJavaExtractorArgument.setDebugMode(boolean), setUsa2OptimizeOption=public void com.itplus.cm.parser.java18.run.CMParserJavaExtractorArgument.setUsa2OptimizeOption(int), setLogManager=public void com.itplus.cm.parser.java18.run.CMParserJavaExtractorArgument.setLogManager(com.itplus.cm.ce.util.LogManager), setEncodingType=public void com.itplus.cm.parser.java18.run.CMParserJavaExtractorArgument.setEncodingType(java.lang.String), setFileListForAnalyzeUnit=public void com.itplus.cm.parser.java18.run.CMParserJavaExtractorArgument.setFileListForAnalyzeUnit(java.util.List), setJavaCodeType=public void com.itplus.cm.parser.java18.run.CMParserJavaExtractorArgument.setJavaCodeType(int), setCommonDataListForAnalyzeUnit=public void com.itplus.cm.parser.java18.run.CMParserJavaExtractorArgument.setCommonDataListForAnalyzeUnit(java.util.List), setUsa2Filters=public void com.itplus.cm.parser.java18.run.CMParserJavaExtractorArgument.setUsa2Filters(com.gtone.cm.parser.usa2.oast.filter.AbstractFilter[]), setUsaTransType=public void com.itplus.cm.parser.java18.run.CMParserJavaExtractorArgument.setUsaTransType(int), setUsaConfig=public void com.itplus.cm.parser.java18.run.CMParserJavaExtractorArgument.setUsaConfig(extractor.common.usa.config.UsaConfig), setExtractObjInMethod=public void com.itplus.cm.parser.java18.run.CMParserJavaExtractorArgument.setExtractObjInMethod(boolean), setTempDirectoryList=public void com.itplus.cm.parser.java18.run.CMParserJavaExtractorArgument.setTempDirectoryList(java.util.List), setClassLoader=public void com.itplus.cm.parser.java18.run.CMParserJavaExtractorArgument.setClassLoader(java.lang.ClassLoader), setCharset=public void com.itplus.cm.parser.java18.run.CMParserJavaExtractorArgument.setCharset(java.lang.String), setTargetList=public void com.itplus.cm.parser.java18.run.CMParserJavaExtractorArgument.setTargetList(java.util.List), setCacheSize=public void com.itplus.cm.parser.java18.run.CMParserJavaExtractorArgument.setCacheSize(int)}
[trac] [18:50:40] CP/SP     <TRACE> ExtractorLoader-argument setter invoke values : 
[trac] [18:50:40] CP/SP     <TRACE> ExtractorLoader-    - type name : int
[trac] [18:50:40] CP/SP     <TRACE> ExtractorLoader-    - method name : setCacheSize
[trac] [18:50:40] CP/SP     <TRACE> ExtractorLoader-    - parameter value : 512
[trac] [18:50:40] CP/SP     <TRACE> ExtractorLoader-  * argument setter invoke : setCacheSize()
[trac] [18:50:40] CP/SP     <TRACE> ExtractorLoader-argument setter invoke values : 
[trac] [18:50:40] CP/SP     <TRACE> ExtractorLoader-    - type name : int
[trac] [18:50:40] CP/SP     <TRACE> ExtractorLoader-    - method name : setJavaCodeType
[trac] [18:50:40] CP/SP     <TRACE> ExtractorLoader-    - parameter value : 5
[trac] [18:50:40] CP/SP     <TRACE> ExtractorLoader-  * argument setter invoke : setJavaCodeType()
[trac] [18:50:40] CP/SP     <TRACE> ExtractorLoader-argument setter invoke values : 
[trac] [18:50:40] CP/SP     <TRACE> ExtractorLoader-    - type name : boolean
[trac] [18:50:40] CP/SP     <TRACE> ExtractorLoader-    - method name : setExtractObjInMethod
[trac] [18:50:40] CP/SP     <TRACE> ExtractorLoader-    - parameter value : false
[trac] [18:50:40] CP/SP     <TRACE> ExtractorLoader-  * argument setter invoke : setExtractObjInMethod()
[trac] [18:50:40] CP/SP     <TRACE> ExtractorLoader-argument setter invoke values : 
[trac] [18:50:40] CP/SP     <TRACE> ExtractorLoader-    - type name : java.lang.String
[trac] [18:50:40] CP/SP     <TRACE> ExtractorLoader-    - method name : setEncodingType
[trac] [18:50:40] CP/SP     <TRACE> ExtractorLoader-    - parameter value : KSC5601
[trac] [18:50:40] CP/SP     <TRACE> ExtractorLoader-  * argument setter invoke : setEncodingType()
[trac] [18:50:40] CP/SP     <TRACE> ExtractorLoader-argument invoke success:class com.itplus.cm.parser.java18.run.CMParserJavaExtractorArgument
[trac] [18:50:40] CP/SP    <DEBUG> ExtractorLoader-extractor invoke success : class java.lang.String
[trac] [18:50:40] CP/SP    <DEBUG> Memory-max=494.9375M, total=247.5M, free=193.53232M, used=53.96768M
[trac] [18:50:40] CP/SP    <DEBUG> CPStandAlone-CMParser Intializing...
[trac] [18:50:40] CP/SP <INFO> [JAVA:JavaAnalyzer]-INIT> java 1.8 parser. (input file size=57, current-memory=53MB)
[trac] [18:50:40] CP/SP     <TRACE> [JAVA:JavaAnalyzer]-INIT> rt.jar path = C:/Users/S&SSLAWKS/BeyondSecurity/beSOURCE developer/beSOURCE 5.0/data/CodePrism/analyzer/jre_x86/lib/rt.jar
[trac] [18:50:40] CP/SP     <TRACE> [JAVA:JavaAnalyzer]-INIT> temp directory: C:/Users/S&SSLAWKS/Desktop/Project/JAVA/temp
[trac] [18:50:40] CP/SP <INFO> [JAVA:JavaAnalyzer]-INIT> file table creation completed. 57 files. (4ms, current-memory=53MB)
[trac] [18:50:40] CP/SP <INFO> [JAVA:JavaAnalyzer]-INIT> start to create symbol table.
[trac] [18:50:40] CP/SP <INFO> [JAVA:ClassNameCacheManager]-INFO> temp dir=C:/Users/S&SSLAWKS/Desktop/Project/JAVA/temp, cached files=0, doClear=false, other caches=0
[trac] [18:50:40] CP/SP     <TRACE> [JAVA:GlobalSymbolTable]-SYMBOL TABLE> source symbol build... 100%
[trac] [18:50:41] CP/SP <INFO> [JAVA:ClassNameCacheManager]-INFO> insert/change file size=57
[trac] [18:50:41] CP/SP <INFO> [JAVA:GlobalSymbolTable]-SYMBOLTABLE> total files (java: 33, class: 0, jar: 24)
[trac] [18:50:41] CP/SP <INFO> [JAVA:GlobalSymbolTable]-SYMBOLTABLE> error files: 0 files, time: 623ms, current-memory=63MB
[trac] [18:50:41] CP/SP <INFO> [JAVA:JavaAnalyzer]-INIT> symbol table creation completed. (626ms, current-memory=63MB)
[trac] [18:50:41] CP/SP <INFO> [AbstractOLanguage2Translator] INFO> USA2_ANALYZER_EXEC="C:/Users/S&SSLAWKS/BeyondSecurity/beSOURCE developer/beSOURCE 5.0/data/CodePrism/Analyzer/codeprism/usa/windows/usao5.exe.x86_64"
[trac] [18:50:41] CP/SP <INFO> [AbstractOLanguage2Translator] INFO> USA2_TEMP_DIR=C:/Users/S&SSLAWKS/Desktop/Project/JAVA/temp/
[trac] [18:50:41] CP/SP <INFO> [AbstractOLanguage2Translator] INFO> USA2_CL_FILE_ENCODING=KSC5601
[trac] [18:50:41] CP/SP <INFO> [AbstractOLanguage2Translator] INFO> USA2_TIMEOUT=10
[trac] [18:50:41] CP/SP <INFO> [AbstractOLanguage2Translator] INFO> USA2_OVERFLOW_LIMIT=4
[trac] [18:50:41] CP/SP <INFO> [AbstractOLanguage2Translator] INFO> 0-CFA(inter mode)=false
[trac] [18:50:41] CP/SP <INFO> [AbstractOLanguage2Translator] INFO> 1-CFA=false
[trac] [18:50:41] CP/SP <INFO> [AbstractOLanguage2Translator] INFO> path-insensitive=false
[trac] [18:50:41] CP/SP     <TRACE> CPStandAlone-SupportedFileExtensions-[java, jar]
[trac] [18:50:41] CP/SP     <TRACE> CPStandAlone-START ANALYSIS...
#10,100
[trac] [18:50:41] CP/SP     <TRACE> CPStandAlone-ANALYZE FILE : [1/33] :C:/Users/S&SSLAWKS/Desktop/Project/JAVA/src/20200813185000/action/TB_CD01Action.java
[trac] [18:50:41] CP/SP <INFO> [JAVA:JavaAnalyzer]-EXTRACT> begin. C:/Users/S&SSLAWKS/Desktop/Project/JAVA/src/20200813185000/action/TB_CD01Action.java
[trac] [18:50:41] CP/SP     <TRACE> [JAVA:JarAnalyzer]-WARNING> RT.JAR is LOW version! (java class version: 49)
[trac] [18:50:41] CP/SP <INFO> [JAVA:JavaAnalyzer]-EXTRACT> end. C:/Users/S&SSLAWKS/Desktop/Project/JAVA/src/20200813185000/action/TB_CD01Action.java (105ms, current-memory=69MB)
[trac] [18:50:41] CP/SP     <TRACE> [CoilTransManager] coil write> 20200813185000/action/TB_CD01Action.java to C:/Users/S&SSLAWKS/Desktop/Project/JAVA/temp/src/20200813185000/action/
[trac] [18:50:41] CP/SP     <TRACE> [JAVA:JavaAnalyzer]-build oast2 - translate... (hit: 0.0)
[trac] [18:50:41] CP/SP    <DEBUG> Create Analyzer-com.gtone.codeprism.standalone.analyzer.structure.StructureAnalyzer@1d53f5b
[trac] [18:50:41] CP/SP    <DEBUG> Create Analyzer-com.gtone.codeprism.standalone.analyzer.codeprism.CodePrismAnalyzer@26d607
[trac] [18:50:41] CP/SP    <DEBUG> Start Analyzer-com.gtone.codeprism.standalone.analyzer.structure.StructureAnalyzer@1d53f5b
[trac] [18:50:41] CP/SP    <DEBUG> End Analyzer-com.gtone.codeprism.standalone.analyzer.structure.StructureAnalyzer@1d53f5b
[trac] [18:50:41] CP/SP    <DEBUG> Start Analyzer-com.gtone.codeprism.standalone.analyzer.codeprism.CodePrismAnalyzer@26d607
[trac] [18:50:41] CP/SP    <DEBUG> CodePrismAnalyzer-file name :C:/Users/S&SSLAWKS/Desktop/Project/JAVA/src/20200813185000/action/TB_CD01Action.java
[trac] [18:50:41] CP/SP    <DEBUG> CodePrismAnalyzer-    - logical path :C:/Users/S&SSLAWKS/Desktop/Project/JAVA/src/20200813185000/action
[trac] [18:50:41] CP/SP    <DEBUG> CodePrismAnalyzer-    - only name : TB_CD01Action.java
[trac] [18:50:41] CP/SP    <DEBUG> analyzeStarted.-C:/Users/S&SSLAWKS/Desktop/Project/JAVA/src/20200813185000/action/TB_CD01Action.java
[trac] [18:50:41] CP/SP    <DEBUG> CodePrismAnalyzer-CommonData : com.gtone.cm.codeprism.CPCommonData@1687e7c
[trac] [18:50:41] CP/SP     <TRACE> -RuleVisitor Start.
[trac] [18:50:41] CP/SP     <TRACE> -RuleVisitor End.
[trac] [18:50:41] CP/SP <INFO> CodePrism- Analyzing is ended...
[trac] [18:50:41] CP/SP    <DEBUG> End Analyzer-com.gtone.codeprism.standalone.analyzer.codeprism.CodePrismAnalyzer@26d607
[trac] [18:50:41] CP/SP    <DEBUG> Memory-max=494.9375M, total=247.5M, free=175.14395M, used=72.35605M
#11,100
[trac] [18:50:41] CP/SP     <TRACE> CPStandAlone-ANALYZE FILE : [2/33] :C:/Users/S&SSLAWKS/Desktop/Project/JAVA/src/20200813185000/action/TB_CD02Action.java
[trac] [18:50:41] CP/SP <INFO> [JAVA:JavaAnalyzer]-EXTRACT> begin. C:/Users/S&SSLAWKS/Desktop/Project/JAVA/src/20200813185000/action/TB_CD02Action.java
[trac] [18:50:41] CP/SP <INFO> [JAVA:JavaAnalyzer]-EXTRACT> end. C:/Users/S&SSLAWKS/Desktop/Project/JAVA/src/20200813185000/action/TB_CD02Action.java (29ms, current-memory=8MB)
[trac] [18:50:41] CP/SP     <TRACE> [CoilTransManager] coil write> 20200813185000/action/TB_CD02Action.java to C:/Users/S&SSLAWKS/Desktop/Project/JAVA/temp/src/20200813185000/action/
[trac] [18:50:41] CP/SP     <TRACE> [JAVA:JavaAnalyzer]-build oast2 - translate... (hit: 0.0)
[trac] [18:50:41] CP/SP    <DEBUG> Create Analyzer-com.gtone.codeprism.standalone.analyzer.structure.StructureAnalyzer@1c50507
[trac] [18:50:41] CP/SP    <DEBUG> Create Analyzer-com.gtone.codeprism.standalone.analyzer.codeprism.CodePrismAnalyzer@1cd107f
[trac] [18:50:41] CP/SP    <DEBUG> Start Analyzer-com.gtone.codeprism.standalone.analyzer.structure.StructureAnalyzer@1c50507
[trac] [18:50:41] CP/SP    <DEBUG> End Analyzer-com.gtone.codeprism.standalone.analyzer.structure.StructureAnalyzer@1c50507
[trac] [18:50:41] CP/SP    <DEBUG> Start Analyzer-com.gtone.codeprism.standalone.analyzer.codeprism.CodePrismAnalyzer@1cd107f
[trac] [18:50:41] CP/SP    <DEBUG> CodePrismAnalyzer-file name :C:/Users/S&SSLAWKS/Desktop/Project/JAVA/src/20200813185000/action/TB_CD02Action.java
[trac] [18:50:41] CP/SP    <DEBUG> CodePrismAnalyzer-    - logical path :C:/Users/S&SSLAWKS/Desktop/Project/JAVA/src/20200813185000/action
[trac] [18:50:41] CP/SP    <DEBUG> CodePrismAnalyzer-    - only name : TB_CD02Action.java
[trac] [18:50:41] CP/SP    <DEBUG> analyzeStarted.-C:/Users/S&SSLAWKS/Desktop/Project/JAVA/src/20200813185000/action/TB_CD02Action.java
[trac] [18:50:41] CP/SP    <DEBUG> CodePrismAnalyzer-CommonData : com.gtone.cm.codeprism.CPCommonData@56860b
[trac] [18:50:41] CP/SP     <TRACE> -RuleVisitor Start.
[trac] [18:50:41] CP/SP     <TRACE> -RuleVisitor End.
[trac] [18:50:41] CP/SP <INFO> CodePrism- Analyzing is ended...
[trac] [18:50:41] CP/SP    <DEBUG> End Analyzer-com.gtone.codeprism.standalone.analyzer.codeprism.CodePrismAnalyzer@1cd107f
[trac] [18:50:41] CP/SP    <DEBUG> Memory-max=494.9375M, total=247.5M, free=238.47223M, used=9.027771M
#12,100
[trac] [18:50:41] CP/SP     <TRACE> CPStandAlone-ANALYZE FILE : [3/33] :C:/Users/S&SSLAWKS/Desktop/Project/JAVA/src/20200813185000/action/TB_CDAction.java
[trac] [18:50:41] CP/SP <INFO> [JAVA:JavaAnalyzer]-EXTRACT> begin. C:/Users/S&SSLAWKS/Desktop/Project/JAVA/src/20200813185000/action/TB_CDAction.java
[trac] [18:50:41] CP/SP <INFO> [JAVA:JavaAnalyzer]-EXTRACT> end. C:/Users/S&SSLAWKS/Desktop/Project/JAVA/src/20200813185000/action/TB_CDAction.java (10ms, current-memory=9MB)
[trac] [18:50:41] CP/SP     <TRACE> [CoilTransManager] coil write> 20200813185000/action/TB_CDAction.java to C:/Users/S&SSLAWKS/Desktop/Project/JAVA/temp/src/20200813185000/action/
[trac] [18:50:41] CP/SP     <TRACE> [JAVA:JavaAnalyzer]-build oast2 - translate... (hit: 0.0)
[trac] [18:50:41] CP/SP    <DEBUG> Create Analyzer-com.gtone.codeprism.standalone.analyzer.structure.StructureAnalyzer@b122a1
[trac] [18:50:41] CP/SP    <DEBUG> Create Analyzer-com.gtone.codeprism.standalone.analyzer.codeprism.CodePrismAnalyzer@1589e56
[trac] [18:50:41] CP/SP    <DEBUG> Start Analyzer-com.gtone.codeprism.standalone.analyzer.structure.StructureAnalyzer@b122a1
[trac] [18:50:41] CP/SP    <DEBUG> End Analyzer-com.gtone.codeprism.standalone.analyzer.structure.StructureAnalyzer@b122a1
[trac] [18:50:41] CP/SP    <DEBUG> Start Analyzer-com.gtone.codeprism.standalone.analyzer.codeprism.CodePrismAnalyzer@1589e56
[trac] [18:50:41] CP/SP    <DEBUG> CodePrismAnalyzer-file name :C:/Users/S&SSLAWKS/Desktop/Project/JAVA/src/20200813185000/action/TB_CDAction.java
[trac] [18:50:41] CP/SP    <DEBUG> CodePrismAnalyzer-    - logical path :C:/Users/S&SSLAWKS/Desktop/Project/JAVA/src/20200813185000/action
[trac] [18:50:41] CP/SP    <DEBUG> CodePrismAnalyzer-    - only name : TB_CDAction.java
[trac] [18:50:41] CP/SP    <DEBUG> analyzeStarted.-C:/Users/S&SSLAWKS/Desktop/Project/JAVA/src/20200813185000/action/TB_CDAction.java
[trac] [18:50:41] CP/SP    <DEBUG> CodePrismAnalyzer-CommonData : com.gtone.cm.codeprism.CPCommonData@1033a6f
[trac] [18:50:41] CP/SP     <TRACE> -RuleVisitor Start.
[trac] [18:50:41] CP/SP     <TRACE> -RuleVisitor End.
[trac] [18:50:41] CP/SP <INFO> CodePrism- Analyzing is ended...
[trac] [18:50:41] CP/SP    <DEBUG> End Analyzer-com.gtone.codeprism.standalone.analyzer.codeprism.CodePrismAnalyzer@1589e56
[trac] [18:50:41] CP/SP    <DEBUG> Memory-max=494.9375M, total=247.5M, free=237.40903M, used=10.090973M
#13,100
[trac] [18:50:41] CP/SP     <TRACE> CPStandAlone-ANALYZE FILE : [4/33] :C:/Users/S&SSLAWKS/Desktop/Project/JAVA/src/20200813185000/action/TB_CUSTOMER10Action.java
[trac] [18:50:41] CP/SP <INFO> [JAVA:JavaAnalyzer]-EXTRACT> begin. C:/Users/S&SSLAWKS/Desktop/Project/JAVA/src/20200813185000/action/TB_CUSTOMER10Action.java
[trac] [18:50:41] CP/SP <INFO> [JAVA:JavaAnalyzer]-EXTRACT> end. C:/Users/S&SSLAWKS/Desktop/Project/JAVA/src/20200813185000/action/TB_CUSTOMER10Action.java (13ms, current-memory=10MB)
[trac] [18:50:41] CP/SP     <TRACE> [CoilTransManager] coil write> 20200813185000/action/TB_CUSTOMER10Action.java to C:/Users/S&SSLAWKS/Desktop/Project/JAVA/temp/src/20200813185000/action/
[trac] [18:50:41] CP/SP     <TRACE> [JAVA:JavaAnalyzer]-build oast2 - translate... (hit: 0.0)
[trac] [18:50:41] CP/SP    <DEBUG> Create Analyzer-com.gtone.codeprism.standalone.analyzer.structure.StructureAnalyzer@c623af
[trac] [18:50:41] CP/SP    <DEBUG> Create Analyzer-com.gtone.codeprism.standalone.analyzer.codeprism.CodePrismAnalyzer@50ca0c
[trac] [18:50:41] CP/SP    <DEBUG> Start Analyzer-com.gtone.codeprism.standalone.analyzer.structure.StructureAnalyzer@c623af
[trac] [18:50:41] CP/SP    <DEBUG> End Analyzer-com.gtone.codeprism.standalone.analyzer.structure.StructureAnalyzer@c623af
[trac] [18:50:41] CP/SP    <DEBUG> Start Analyzer-com.gtone.codeprism.standalone.analyzer.codeprism.CodePrismAnalyzer@50ca0c
[trac] [18:50:41] CP/SP    <DEBUG> CodePrismAnalyzer-file name :C:/Users/S&SSLAWKS/Desktop/Project/JAVA/src/20200813185000/action/TB_CUSTOMER10Action.java
[trac] [18:50:41] CP/SP    <DEBUG> CodePrismAnalyzer-    - logical path :C:/Users/S&SSLAWKS/Desktop/Project/JAVA/src/20200813185000/action
[trac] [18:50:41] CP/SP    <DEBUG> CodePrismAnalyzer-    - only name : TB_CUSTOMER10Action.java
[trac] [18:50:41] CP/SP    <DEBUG> analyzeStarted.-C:/Users/S&SSLAWKS/Desktop/Project/JAVA/src/20200813185000/action/TB_CUSTOMER10Action.java
[trac] [18:50:41] CP/SP    <DEBUG> CodePrismAnalyzer-CommonData : com.gtone.cm.codeprism.CPCommonData@1a918d5
[trac] [18:50:41] CP/SP     <TRACE> -RuleVisitor Start.
[trac] [18:50:41] CP/SP     <TRACE> -RuleVisitor End.
[trac] [18:50:41] CP/SP <INFO> CodePrism- Analyzing is ended...
[trac] [18:50:41] CP/SP    <DEBUG> End Analyzer-com.gtone.codeprism.standalone.analyzer.codeprism.CodePrismAnalyzer@50ca0c
[trac] [18:50:41] CP/SP    <DEBUG> Memory-max=494.9375M, total=247.5M, free=236.34619M, used=11.153809M
#14,100
[trac] [18:50:41] CP/SP     <TRACE> CPStandAlone-ANALYZE FILE : [5/33] :C:/Users/S&SSLAWKS/Desktop/Project/JAVA/src/20200813185000/action/TB_CUSTOMER20Action.java
[trac] [18:50:41] CP/SP <INFO> [JAVA:JavaAnalyzer]-EXTRACT> begin. C:/Users/S&SSLAWKS/Desktop/Project/JAVA/src/20200813185000/action/TB_CUSTOMER20Action.java
[trac] [18:50:41] CP/SP <INFO> [JAVA:JavaAnalyzer]-EXTRACT> end. C:/Users/S&SSLAWKS/Desktop/Project/JAVA/src/20200813185000/action/TB_CUSTOMER20Action.java (14ms, current-memory=11MB)
[trac] [18:50:41] CP/SP     <TRACE> [CoilTransManager] coil write> 20200813185000/action/TB_CUSTOMER20Action.java to C:/Users/S&SSLAWKS/Desktop/Project/JAVA/temp/src/20200813185000/action/
[trac] [18:50:41] CP/SP     <TRACE> [JAVA:JavaAnalyzer]-build oast2 - translate... (hit: 0.0)
[trac] [18:50:41] CP/SP    <DEBUG> Create Analyzer-com.gtone.codeprism.standalone.analyzer.structure.StructureAnalyzer@238a47
[trac] [18:50:41] CP/SP    <DEBUG> Create Analyzer-com.gtone.codeprism.standalone.analyzer.codeprism.CodePrismAnalyzer@14b5f4a
[trac] [18:50:41] CP/SP    <DEBUG> Start Analyzer-com.gtone.codeprism.standalone.analyzer.structure.StructureAnalyzer@238a47
[trac] [18:50:41] CP/SP    <DEBUG> End Analyzer-com.gtone.codeprism.standalone.analyzer.structure.StructureAnalyzer@238a47
[trac] [18:50:41] CP/SP    <DEBUG> Start Analyzer-com.gtone.codeprism.standalone.analyzer.codeprism.CodePrismAnalyzer@14b5f4a
[trac] [18:50:41] CP/SP    <DEBUG> CodePrismAnalyzer-file name :C:/Users/S&SSLAWKS/Desktop/Project/JAVA/src/20200813185000/action/TB_CUSTOMER20Action.java
[trac] [18:50:41] CP/SP    <DEBUG> CodePrismAnalyzer-    - logical path :C:/Users/S&SSLAWKS/Desktop/Project/JAVA/src/20200813185000/action
[trac] [18:50:41] CP/SP    <DEBUG> CodePrismAnalyzer-    - only name : TB_CUSTOMER20Action.java
[trac] [18:50:41] CP/SP    <DEBUG> analyzeStarted.-C:/Users/S&SSLAWKS/Desktop/Project/JAVA/src/20200813185000/action/TB_CUSTOMER20Action.java
[trac] [18:50:41] CP/SP    <DEBUG> CodePrismAnalyzer-CommonData : com.gtone.cm.codeprism.CPCommonData@15d17d7
[trac] [18:50:41] CP/SP     <TRACE> -RuleVisitor Start.
[trac] [18:50:41] CP/SP     <TRACE> -RuleVisitor End.
[trac] [18:50:41] CP/SP <INFO> CodePrism- Analyzing is ended...
[trac] [18:50:41] CP/SP    <DEBUG> End Analyzer-com.gtone.codeprism.standalone.analyzer.codeprism.CodePrismAnalyzer@14b5f4a
[trac] [18:50:41] CP/SP    <DEBUG> Memory-max=494.9375M, total=247.5M, free=235.28336M, used=12.216644M
#15,100
[trac] [18:50:41] CP/SP     <TRACE> CPStandAlone-ANALYZE FILE : [6/33] :C:/Users/S&SSLAWKS/Desktop/Project/JAVA/src/20200813185000/action/TB_CUSTOMERAction.java
[trac] [18:50:41] CP/SP <INFO> [JAVA:JavaAnalyzer]-EXTRACT> begin. C:/Users/S&SSLAWKS/Desktop/Project/JAVA/src/20200813185000/action/TB_CUSTOMERAction.java
[trac] [18:50:41] CP/SP <INFO> [JAVA:JavaAnalyzer]-EXTRACT> end. C:/Users/S&SSLAWKS/Desktop/Project/JAVA/src/20200813185000/action/TB_CUSTOMERAction.java (15ms, current-memory=13MB)
[trac] [18:50:41] CP/SP     <TRACE> [CoilTransManager] coil write> 20200813185000/action/TB_CUSTOMERAction.java to C:/Users/S&SSLAWKS/Desktop/Project/JAVA/temp/src/20200813185000/action/
[trac] [18:50:41] CP/SP     <TRACE> [JAVA:JavaAnalyzer]-build oast2 - translate... (hit: 0.0)
[trac] [18:50:41] CP/SP    <DEBUG> Create Analyzer-com.gtone.codeprism.standalone.analyzer.structure.StructureAnalyzer@c8376b
[trac] [18:50:41] CP/SP    <DEBUG> Create Analyzer-com.gtone.codeprism.standalone.analyzer.codeprism.CodePrismAnalyzer@ae533a
[trac] [18:50:41] CP/SP    <DEBUG> Start Analyzer-com.gtone.codeprism.standalone.analyzer.structure.StructureAnalyzer@c8376b
[trac] [18:50:41] CP/SP    <DEBUG> End Analyzer-com.gtone.codeprism.standalone.analyzer.structure.StructureAnalyzer@c8376b
[trac] [18:50:41] CP/SP    <DEBUG> Start Analyzer-com.gtone.codeprism.standalone.analyzer.codeprism.CodePrismAnalyzer@ae533a
[trac] [18:50:41] CP/SP    <DEBUG> CodePrismAnalyzer-file name :C:/Users/S&SSLAWKS/Desktop/Project/JAVA/src/20200813185000/action/TB_CUSTOMERAction.java
[trac] [18:50:41] CP/SP    <DEBUG> CodePrismAnalyzer-    - logical path :C:/Users/S&SSLAWKS/Desktop/Project/JAVA/src/20200813185000/action
[trac] [18:50:41] CP/SP    <DEBUG> CodePrismAnalyzer-    - only name : TB_CUSTOMERAction.java
[trac] [18:50:41] CP/SP    <DEBUG> analyzeStarted.-C:/Users/S&SSLAWKS/Desktop/Project/JAVA/src/20200813185000/action/TB_CUSTOMERAction.java
[trac] [18:50:41] CP/SP    <DEBUG> CodePrismAnalyzer-CommonData : com.gtone.cm.codeprism.CPCommonData@15fc40c
[trac] [18:50:41] CP/SP     <TRACE> -RuleVisitor Start.
[trac] [18:50:41] CP/SP     <TRACE> -RuleVisitor End.
[trac] [18:50:41] CP/SP <INFO> CodePrism- Analyzing is ended...
[trac] [18:50:41] CP/SP    <DEBUG> End Analyzer-com.gtone.codeprism.standalone.analyzer.codeprism.CodePrismAnalyzer@ae533a
[trac] [18:50:41] CP/SP    <DEBUG> Memory-max=494.9375M, total=247.5M, free=233.68881M, used=13.811188M
#16,100
[trac] [18:50:41] CP/SP     <TRACE> CPStandAlone-ANALYZE FILE : [7/33] :C:/Users/S&SSLAWKS/Desktop/Project/JAVA/src/20200813185000/dao/DAO.java
[trac] [18:50:41] CP/SP <INFO> [JAVA:JavaAnalyzer]-EXTRACT> begin. C:/Users/S&SSLAWKS/Desktop/Project/JAVA/src/20200813185000/dao/DAO.java
[trac] [18:50:41] CP/SP <INFO> [JAVA:JavaAnalyzer]-EXTRACT> end. C:/Users/S&SSLAWKS/Desktop/Project/JAVA/src/20200813185000/dao/DAO.java (31ms, current-memory=17MB)
[trac] [18:50:41] CP/SP     <TRACE> [CoilTransManager] coil write> 20200813185000/dao/DAO.java to C:/Users/S&SSLAWKS/Desktop/Project/JAVA/temp/src/20200813185000/dao/
[trac] [18:50:41] CP/SP     <TRACE> [JAVA:JavaAnalyzer]-build oast2 - translate... (hit: 0.0)
[trac] [18:50:41] CP/SP    <DEBUG> Create Analyzer-com.gtone.codeprism.standalone.analyzer.structure.StructureAnalyzer@349471
[trac] [18:50:41] CP/SP    <DEBUG> Create Analyzer-com.gtone.codeprism.standalone.analyzer.codeprism.CodePrismAnalyzer@1fdadcd
[trac] [18:50:41] CP/SP    <DEBUG> Start Analyzer-com.gtone.codeprism.standalone.analyzer.structure.StructureAnalyzer@349471
[trac] [18:50:41] CP/SP    <DEBUG> End Analyzer-com.gtone.codeprism.standalone.analyzer.structure.StructureAnalyzer@349471
[trac] [18:50:41] CP/SP    <DEBUG> Start Analyzer-com.gtone.codeprism.standalone.analyzer.codeprism.CodePrismAnalyzer@1fdadcd
[trac] [18:50:41] CP/SP    <DEBUG> CodePrismAnalyzer-file name :C:/Users/S&SSLAWKS/Desktop/Project/JAVA/src/20200813185000/dao/DAO.java
[trac] [18:50:41] CP/SP    <DEBUG> CodePrismAnalyzer-    - logical path :C:/Users/S&SSLAWKS/Desktop/Project/JAVA/src/20200813185000/dao
[trac] [18:50:41] CP/SP    <DEBUG> CodePrismAnalyzer-    - only name : DAO.java
[trac] [18:50:41] CP/SP    <DEBUG> analyzeStarted.-C:/Users/S&SSLAWKS/Desktop/Project/JAVA/src/20200813185000/dao/DAO.java
[trac] [18:50:41] CP/SP    <DEBUG> CodePrismAnalyzer-CommonData : com.gtone.cm.codeprism.CPCommonData@6e4365
[trac] [18:50:41] CP/SP     <TRACE> -RuleVisitor Start.
[trac] [18:50:41] CP/SP     <TRACE> -RuleVisitor End.
[trac] [18:50:41] CP/SP <INFO> CodePrism- Analyzing is ended...
[trac] [18:50:41] CP/SP    <DEBUG> End Analyzer-com.gtone.codeprism.standalone.analyzer.codeprism.CodePrismAnalyzer@1fdadcd
[trac] [18:50:41] CP/SP    <DEBUG> Memory-max=494.9375M, total=247.5M, free=229.95256M, used=17.54744M
#17,100
[trac] [18:50:41] CP/SP     <TRACE> CPStandAlone-ANALYZE FILE : [8/33] :C:/Users/S&SSLAWKS/Desktop/Project/JAVA/src/20200813185000/dao/TB_CD.java
[trac] [18:50:41] CP/SP <INFO> [JAVA:JavaAnalyzer]-EXTRACT> begin. C:/Users/S&SSLAWKS/Desktop/Project/JAVA/src/20200813185000/dao/TB_CD.java
[trac] [18:50:41] CP/SP <INFO> [JAVA:JavaAnalyzer]-EXTRACT> end. C:/Users/S&SSLAWKS/Desktop/Project/JAVA/src/20200813185000/dao/TB_CD.java (14ms, current-memory=18MB)
[trac] [18:50:41] CP/SP     <TRACE> [CoilTransManager] coil write> 20200813185000/dao/TB_CD.java to C:/Users/S&SSLAWKS/Desktop/Project/JAVA/temp/src/20200813185000/dao/
[trac] [18:50:41] CP/SP     <TRACE> [JAVA:JavaAnalyzer]-build oast2 - translate... (hit: 0.0)
[trac] [18:50:41] CP/SP    <DEBUG> Create Analyzer-com.gtone.codeprism.standalone.analyzer.structure.StructureAnalyzer@19113f8
[trac] [18:50:41] CP/SP    <DEBUG> Create Analyzer-com.gtone.codeprism.standalone.analyzer.codeprism.CodePrismAnalyzer@1b62aab
[trac] [18:50:41] CP/SP    <DEBUG> Start Analyzer-com.gtone.codeprism.standalone.analyzer.structure.StructureAnalyzer@19113f8
[trac] [18:50:41] CP/SP    <DEBUG> End Analyzer-com.gtone.codeprism.standalone.analyzer.structure.StructureAnalyzer@19113f8
[trac] [18:50:41] CP/SP    <DEBUG> Start Analyzer-com.gtone.codeprism.standalone.analyzer.codeprism.CodePrismAnalyzer@1b62aab
[trac] [18:50:41] CP/SP    <DEBUG> CodePrismAnalyzer-file name :C:/Users/S&SSLAWKS/Desktop/Project/JAVA/src/20200813185000/dao/TB_CD.java
[trac] [18:50:41] CP/SP    <DEBUG> CodePrismAnalyzer-    - logical path :C:/Users/S&SSLAWKS/Desktop/Project/JAVA/src/20200813185000/dao
[trac] [18:50:41] CP/SP    <DEBUG> CodePrismAnalyzer-    - only name : TB_CD.java
[trac] [18:50:41] CP/SP    <DEBUG> analyzeStarted.-C:/Users/S&SSLAWKS/Desktop/Project/JAVA/src/20200813185000/dao/TB_CD.java
[trac] [18:50:41] CP/SP    <DEBUG> CodePrismAnalyzer-CommonData : com.gtone.cm.codeprism.CPCommonData@ab54eb
[trac] [18:50:41] CP/SP     <TRACE> -RuleVisitor Start.
[trac] [18:50:41] CP/SP     <TRACE> -RuleVisitor End.
[trac] [18:50:41] CP/SP <INFO> CodePrism- Analyzing is ended...
[trac] [18:50:41] CP/SP    <DEBUG> End Analyzer-com.gtone.codeprism.standalone.analyzer.codeprism.CodePrismAnalyzer@1b62aab
[trac] [18:50:41] CP/SP    <DEBUG> Memory-max=494.9375M, total=247.5M, free=228.35826M, used=19.141739M
#18,100
[trac] [18:50:41] CP/SP     <TRACE> CPStandAlone-ANALYZE FILE : [9/33] :C:/Users/S&SSLAWKS/Desktop/Project/JAVA/src/20200813185000/dao/TB_CD10.java
[trac] [18:50:41] CP/SP <INFO> [JAVA:JavaAnalyzer]-EXTRACT> begin. C:/Users/S&SSLAWKS/Desktop/Project/JAVA/src/20200813185000/dao/TB_CD10.java
[trac] [18:50:41] CP/SP <INFO> [JAVA:JavaAnalyzer]-EXTRACT> end. C:/Users/S&SSLAWKS/Desktop/Project/JAVA/src/20200813185000/dao/TB_CD10.java (6ms, current-memory=19MB)
[trac] [18:50:41] CP/SP     <TRACE> [CoilTransManager] coil write> 20200813185000/dao/TB_CD10.java to C:/Users/S&SSLAWKS/Desktop/Project/JAVA/temp/src/20200813185000/dao/
[trac] [18:50:41] CP/SP     <TRACE> [JAVA:JavaAnalyzer]-build oast2 - translate... (hit: 0.0)
[trac] [18:50:41] CP/SP    <DEBUG> Create Analyzer-com.gtone.codeprism.standalone.analyzer.structure.StructureAnalyzer@e51b2c
[trac] [18:50:41] CP/SP    <DEBUG> Create Analyzer-com.gtone.codeprism.standalone.analyzer.codeprism.CodePrismAnalyzer@15aed57
[trac] [18:50:41] CP/SP    <DEBUG> Start Analyzer-com.gtone.codeprism.standalone.analyzer.structure.StructureAnalyzer@e51b2c
[trac] [18:50:41] CP/SP    <DEBUG> End Analyzer-com.gtone.codeprism.standalone.analyzer.structure.StructureAnalyzer@e51b2c
[trac] [18:50:41] CP/SP    <DEBUG> Start Analyzer-com.gtone.codeprism.standalone.analyzer.codeprism.CodePrismAnalyzer@15aed57
[trac] [18:50:41] CP/SP    <DEBUG> CodePrismAnalyzer-file name :C:/Users/S&SSLAWKS/Desktop/Project/JAVA/src/20200813185000/dao/TB_CD10.java
[trac] [18:50:41] CP/SP    <DEBUG> CodePrismAnalyzer-    - logical path :C:/Users/S&SSLAWKS/Desktop/Project/JAVA/src/20200813185000/dao
[trac] [18:50:41] CP/SP    <DEBUG> CodePrismAnalyzer-    - only name : TB_CD10.java
[trac] [18:50:41] CP/SP    <DEBUG> analyzeStarted.-C:/Users/S&SSLAWKS/Desktop/Project/JAVA/src/20200813185000/dao/TB_CD10.java
[trac] [18:50:41] CP/SP    <DEBUG> CodePrismAnalyzer-CommonData : com.gtone.cm.codeprism.CPCommonData@941db6
[trac] [18:50:41] CP/SP     <TRACE> -RuleVisitor Start.
[trac] [18:50:41] CP/SP     <TRACE> -RuleVisitor End.
[trac] [18:50:41] CP/SP <INFO> CodePrism- Analyzing is ended...
[trac] [18:50:41] CP/SP    <DEBUG> End Analyzer-com.gtone.codeprism.standalone.analyzer.codeprism.CodePrismAnalyzer@15aed57
[trac] [18:50:41] CP/SP    <DEBUG> Memory-max=494.9375M, total=247.5M, free=227.29535M, used=20.20465M
#19,100
[trac] [18:50:41] CP/SP     <TRACE> CPStandAlone-ANALYZE FILE : [10/33] :C:/Users/S&SSLAWKS/Desktop/Project/JAVA/src/20200813185000/dao/TB_CD20.java
[trac] [18:50:41] CP/SP <INFO> [JAVA:JavaAnalyzer]-EXTRACT> begin. C:/Users/S&SSLAWKS/Desktop/Project/JAVA/src/20200813185000/dao/TB_CD20.java
[trac] [18:50:41] CP/SP <INFO> [JAVA:JavaAnalyzer]-EXTRACT> end. C:/Users/S&SSLAWKS/Desktop/Project/JAVA/src/20200813185000/dao/TB_CD20.java (6ms, current-memory=20MB)
[trac] [18:50:41] CP/SP     <TRACE> [CoilTransManager] coil write> 20200813185000/dao/TB_CD20.java to C:/Users/S&SSLAWKS/Desktop/Project/JAVA/temp/src/20200813185000/dao/
[trac] [18:50:41] CP/SP     <TRACE> [JAVA:JavaAnalyzer]-build oast2 - translate... (hit: 0.0)
[trac] [18:50:41] CP/SP    <DEBUG> Create Analyzer-com.gtone.codeprism.standalone.analyzer.structure.StructureAnalyzer@1cd66ea
[trac] [18:50:41] CP/SP    <DEBUG> Create Analyzer-com.gtone.codeprism.standalone.analyzer.codeprism.CodePrismAnalyzer@1fbfd6
[trac] [18:50:41] CP/SP    <DEBUG> Start Analyzer-com.gtone.codeprism.standalone.analyzer.structure.StructureAnalyzer@1cd66ea
[trac] [18:50:41] CP/SP    <DEBUG> End Analyzer-com.gtone.codeprism.standalone.analyzer.structure.StructureAnalyzer@1cd66ea
[trac] [18:50:41] CP/SP    <DEBUG> Start Analyzer-com.gtone.codeprism.standalone.analyzer.codeprism.CodePrismAnalyzer@1fbfd6
[trac] [18:50:41] CP/SP    <DEBUG> CodePrismAnalyzer-file name :C:/Users/S&SSLAWKS/Desktop/Project/JAVA/src/20200813185000/dao/TB_CD20.java
[trac] [18:50:41] CP/SP    <DEBUG> CodePrismAnalyzer-    - logical path :C:/Users/S&SSLAWKS/Desktop/Project/JAVA/src/20200813185000/dao
[trac] [18:50:41] CP/SP    <DEBUG> CodePrismAnalyzer-    - only name : TB_CD20.java
[trac] [18:50:41] CP/SP    <DEBUG> analyzeStarted.-C:/Users/S&SSLAWKS/Desktop/Project/JAVA/src/20200813185000/dao/TB_CD20.java
[trac] [18:50:41] CP/SP    <DEBUG> CodePrismAnalyzer-CommonData : com.gtone.cm.codeprism.CPCommonData@6b9c84
[trac] [18:50:41] CP/SP     <TRACE> -RuleVisitor Start.
[trac] [18:50:41] CP/SP     <TRACE> -RuleVisitor End.
[trac] [18:50:41] CP/SP <INFO> CodePrism- Analyzing is ended...
[trac] [18:50:41] CP/SP    <DEBUG> End Analyzer-com.gtone.codeprism.standalone.analyzer.codeprism.CodePrismAnalyzer@1fbfd6
[trac] [18:50:41] CP/SP    <DEBUG> Memory-max=494.9375M, total=247.5M, free=225.701M, used=21.798996M
#20,100
[trac] [18:50:41] CP/SP     <TRACE> CPStandAlone-ANALYZE FILE : [11/33] :C:/Users/S&SSLAWKS/Desktop/Project/JAVA/src/20200813185000/dao/TB_CODE_ANAL_LOAD.java
[trac] [18:50:41] CP/SP <INFO> [JAVA:JavaAnalyzer]-EXTRACT> begin. C:/Users/S&SSLAWKS/Desktop/Project/JAVA/src/20200813185000/dao/TB_CODE_ANAL_LOAD.java
[trac] [18:50:41] CP/SP <INFO> [JAVA:JavaAnalyzer]-EXTRACT> end. C:/Users/S&SSLAWKS/Desktop/Project/JAVA/src/20200813185000/dao/TB_CODE_ANAL_LOAD.java (14ms, current-memory=22MB)
[trac] [18:50:41] CP/SP     <TRACE> [CoilTransManager] coil write> 20200813185000/dao/TB_CODE_ANAL_LOAD.java to C:/Users/S&SSLAWKS/Desktop/Project/JAVA/temp/src/20200813185000/dao/
[trac] [18:50:41] CP/SP     <TRACE> [JAVA:JavaAnalyzer]-build oast2 - translate... (hit: 0.0)
[trac] [18:50:41] CP/SP    <DEBUG> Create Analyzer-com.gtone.codeprism.standalone.analyzer.structure.StructureAnalyzer@17cec96
[trac] [18:50:41] CP/SP    <DEBUG> Create Analyzer-com.gtone.codeprism.standalone.analyzer.codeprism.CodePrismAnalyzer@90832e
[trac] [18:50:41] CP/SP    <DEBUG> Start Analyzer-com.gtone.codeprism.standalone.analyzer.structure.StructureAnalyzer@17cec96
[trac] [18:50:41] CP/SP    <DEBUG> End Analyzer-com.gtone.codeprism.standalone.analyzer.structure.StructureAnalyzer@17cec96
[trac] [18:50:41] CP/SP    <DEBUG> Start Analyzer-com.gtone.codeprism.standalone.analyzer.codeprism.CodePrismAnalyzer@90832e
[trac] [18:50:41] CP/SP    <DEBUG> CodePrismAnalyzer-file name :C:/Users/S&SSLAWKS/Desktop/Project/JAVA/src/20200813185000/dao/TB_CODE_ANAL_LOAD.java
[trac] [18:50:41] CP/SP    <DEBUG> CodePrismAnalyzer-    - logical path :C:/Users/S&SSLAWKS/Desktop/Project/JAVA/src/20200813185000/dao
[trac] [18:50:41] CP/SP    <DEBUG> CodePrismAnalyzer-    - only name : TB_CODE_ANAL_LOAD.java
[trac] [18:50:41] CP/SP    <DEBUG> analyzeStarted.-C:/Users/S&SSLAWKS/Desktop/Project/JAVA/src/20200813185000/dao/TB_CODE_ANAL_LOAD.java
[trac] [18:50:41] CP/SP    <DEBUG> CodePrismAnalyzer-CommonData : com.gtone.cm.codeprism.CPCommonData@1947496
[trac] [18:50:41] CP/SP     <TRACE> -RuleVisitor Start.
[trac] [18:50:41] CP/SP     <TRACE> -RuleVisitor End.
[trac] [18:50:41] CP/SP <INFO> CodePrism- Analyzing is ended...
[trac] [18:50:41] CP/SP    <DEBUG> End Analyzer-com.gtone.codeprism.standalone.analyzer.codeprism.CodePrismAnalyzer@90832e
[trac] [18:50:41] CP/SP    <DEBUG> Memory-max=494.9375M, total=247.5M, free=223.57533M, used=23.924667M
#20,100
[trac] [18:50:41] CP/SP     <TRACE> CPStandAlone-ANALYZE FILE : [12/33] :C:/Users/S&SSLAWKS/Desktop/Project/JAVA/src/20200813185000/dao/TB_CUSTOMER.java
[trac] [18:50:41] CP/SP <INFO> [JAVA:JavaAnalyzer]-EXTRACT> begin. C:/Users/S&SSLAWKS/Desktop/Project/JAVA/src/20200813185000/dao/TB_CUSTOMER.java
[trac] [18:50:41] CP/SP <INFO> [JAVA:JavaAnalyzer]-EXTRACT> end. C:/Users/S&SSLAWKS/Desktop/Project/JAVA/src/20200813185000/dao/TB_CUSTOMER.java (14ms, current-memory=25MB)
[trac] [18:50:41] CP/SP     <TRACE> [CoilTransManager] coil write> 20200813185000/dao/TB_CUSTOMER.java to C:/Users/S&SSLAWKS/Desktop/Project/JAVA/temp/src/20200813185000/dao/
[trac] [18:50:41] CP/SP     <TRACE> [JAVA:JavaAnalyzer]-build oast2 - translate... (hit: 0.0)
[trac] [18:50:41] CP/SP    <DEBUG> Create Analyzer-com.gtone.codeprism.standalone.analyzer.structure.StructureAnalyzer@18166e5
[trac] [18:50:41] CP/SP    <DEBUG> Create Analyzer-com.gtone.codeprism.standalone.analyzer.codeprism.CodePrismAnalyzer@8a548b
[trac] [18:50:41] CP/SP    <DEBUG> Start Analyzer-com.gtone.codeprism.standalone.analyzer.structure.StructureAnalyzer@18166e5
[trac] [18:50:41] CP/SP    <DEBUG> End Analyzer-com.gtone.codeprism.standalone.analyzer.structure.StructureAnalyzer@18166e5
[trac] [18:50:41] CP/SP    <DEBUG> Start Analyzer-com.gtone.codeprism.standalone.analyzer.codeprism.CodePrismAnalyzer@8a548b
[trac] [18:50:41] CP/SP    <DEBUG> CodePrismAnalyzer-file name :C:/Users/S&SSLAWKS/Desktop/Project/JAVA/src/20200813185000/dao/TB_CUSTOMER.java
[trac] [18:50:41] CP/SP    <DEBUG> CodePrismAnalyzer-    - logical path :C:/Users/S&SSLAWKS/Desktop/Project/JAVA/src/20200813185000/dao
[trac] [18:50:41] CP/SP    <DEBUG> CodePrismAnalyzer-    - only name : TB_CUSTOMER.java
[trac] [18:50:41] CP/SP    <DEBUG> analyzeStarted.-C:/Users/S&SSLAWKS/Desktop/Project/JAVA/src/20200813185000/dao/TB_CUSTOMER.java
[trac] [18:50:41] CP/SP    <DEBUG> CodePrismAnalyzer-CommonData : com.gtone.cm.codeprism.CPCommonData@15356d5
[trac] [18:50:41] CP/SP     <TRACE> -RuleVisitor Start.
[trac] [18:50:41] CP/SP     <TRACE> -RuleVisitor End.
[trac] [18:50:41] CP/SP <INFO> CodePrism- Analyzing is ended...
[trac] [18:50:41] CP/SP    <DEBUG> End Analyzer-com.gtone.codeprism.standalone.analyzer.codeprism.CodePrismAnalyzer@8a548b
[trac] [18:50:41] CP/SP    <DEBUG> Memory-max=494.9375M, total=247.5M, free=219.85538M, used=27.644623M
#21,100
[trac] [18:50:41] CP/SP     <TRACE> CPStandAlone-ANALYZE FILE : [13/33] :C:/Users/S&SSLAWKS/Desktop/Project/JAVA/src/20200813185000/dao/TB_CUSTOMER10.java
[trac] [18:50:41] CP/SP <INFO> [JAVA:JavaAnalyzer]-EXTRACT> begin. C:/Users/S&SSLAWKS/Desktop/Project/JAVA/src/20200813185000/dao/TB_CUSTOMER10.java
[trac] [18:50:41] CP/SP <INFO> [JAVA:JavaAnalyzer]-EXTRACT> end. C:/Users/S&SSLAWKS/Desktop/Project/JAVA/src/20200813185000/dao/TB_CUSTOMER10.java (13ms, current-memory=29MB)
[trac] [18:50:41] CP/SP     <TRACE> [CoilTransManager] coil write> 20200813185000/dao/TB_CUSTOMER10.java to C:/Users/S&SSLAWKS/Desktop/Project/JAVA/temp/src/20200813185000/dao/
[trac] [18:50:41] CP/SP     <TRACE> [JAVA:JavaAnalyzer]-build oast2 - translate... (hit: 0.0)
[trac] [18:50:41] CP/SP    <DEBUG> Create Analyzer-com.gtone.codeprism.standalone.analyzer.structure.StructureAnalyzer@e1eea8
[trac] [18:50:41] CP/SP    <DEBUG> Create Analyzer-com.gtone.codeprism.standalone.analyzer.codeprism.CodePrismAnalyzer@fb6354
[trac] [18:50:41] CP/SP    <DEBUG> Start Analyzer-com.gtone.codeprism.standalone.analyzer.structure.StructureAnalyzer@e1eea8
[trac] [18:50:41] CP/SP    <DEBUG> End Analyzer-com.gtone.codeprism.standalone.analyzer.structure.StructureAnalyzer@e1eea8
[trac] [18:50:41] CP/SP    <DEBUG> Start Analyzer-com.gtone.codeprism.standalone.analyzer.codeprism.CodePrismAnalyzer@fb6354
[trac] [18:50:41] CP/SP    <DEBUG> CodePrismAnalyzer-file name :C:/Users/S&SSLAWKS/Desktop/Project/JAVA/src/20200813185000/dao/TB_CUSTOMER10.java
[trac] [18:50:41] CP/SP    <DEBUG> CodePrismAnalyzer-    - logical path :C:/Users/S&SSLAWKS/Desktop/Project/JAVA/src/20200813185000/dao
[trac] [18:50:41] CP/SP    <DEBUG> CodePrismAnalyzer-    - only name : TB_CUSTOMER10.java
[trac] [18:50:41] CP/SP    <DEBUG> analyzeStarted.-C:/Users/S&SSLAWKS/Desktop/Project/JAVA/src/20200813185000/dao/TB_CUSTOMER10.java
[trac] [18:50:41] CP/SP    <DEBUG> CodePrismAnalyzer-CommonData : com.gtone.cm.codeprism.CPCommonData@364641
[trac] [18:50:41] CP/SP     <TRACE> -RuleVisitor Start.
[trac] [18:50:41] CP/SP     <TRACE> -RuleVisitor End.
[trac] [18:50:41] CP/SP <INFO> CodePrism- Analyzing is ended...
[trac] [18:50:41] CP/SP    <DEBUG> End Analyzer-com.gtone.codeprism.standalone.analyzer.codeprism.CodePrismAnalyzer@fb6354
[trac] [18:50:41] CP/SP    <DEBUG> Memory-max=494.9375M, total=247.5M, free=215.54063M, used=31.959366M
#22,100
[trac] [18:50:41] CP/SP     <TRACE> CPStandAlone-ANALYZE FILE : [14/33] :C:/Users/S&SSLAWKS/Desktop/Project/JAVA/src/20200813185000/dao/TB_CUSTOMER20.java
[trac] [18:50:41] CP/SP <INFO> [JAVA:JavaAnalyzer]-EXTRACT> begin. C:/Users/S&SSLAWKS/Desktop/Project/JAVA/src/20200813185000/dao/TB_CUSTOMER20.java
[trac] [18:50:41] CP/SP <INFO> [JAVA:JavaAnalyzer]-EXTRACT> end. C:/Users/S&SSLAWKS/Desktop/Project/JAVA/src/20200813185000/dao/TB_CUSTOMER20.java (14ms, current-memory=33MB)
[trac] [18:50:41] CP/SP     <TRACE> [CoilTransManager] coil write> 20200813185000/dao/TB_CUSTOMER20.java to C:/Users/S&SSLAWKS/Desktop/Project/JAVA/temp/src/20200813185000/dao/
[trac] [18:50:41] CP/SP     <TRACE> [JAVA:JavaAnalyzer]-build oast2 - translate... (hit: 0.0)
[trac] [18:50:41] CP/SP    <DEBUG> Create Analyzer-com.gtone.codeprism.standalone.analyzer.structure.StructureAnalyzer@10ffb38
[trac] [18:50:41] CP/SP    <DEBUG> Create Analyzer-com.gtone.codeprism.standalone.analyzer.codeprism.CodePrismAnalyzer@36527f
[trac] [18:50:41] CP/SP    <DEBUG> Start Analyzer-com.gtone.codeprism.standalone.analyzer.structure.StructureAnalyzer@10ffb38
[trac] [18:50:41] CP/SP    <DEBUG> End Analyzer-com.gtone.codeprism.standalone.analyzer.structure.StructureAnalyzer@10ffb38
[trac] [18:50:41] CP/SP    <DEBUG> Start Analyzer-com.gtone.codeprism.standalone.analyzer.codeprism.CodePrismAnalyzer@36527f
[trac] [18:50:41] CP/SP    <DEBUG> CodePrismAnalyzer-file name :C:/Users/S&SSLAWKS/Desktop/Project/JAVA/src/20200813185000/dao/TB_CUSTOMER20.java
[trac] [18:50:41] CP/SP    <DEBUG> CodePrismAnalyzer-    - logical path :C:/Users/S&SSLAWKS/Desktop/Project/JAVA/src/20200813185000/dao
[trac] [18:50:41] CP/SP    <DEBUG> CodePrismAnalyzer-    - only name : TB_CUSTOMER20.java
[trac] [18:50:41] CP/SP    <DEBUG> analyzeStarted.-C:/Users/S&SSLAWKS/Desktop/Project/JAVA/src/20200813185000/dao/TB_CUSTOMER20.java
[trac] [18:50:41] CP/SP    <DEBUG> CodePrismAnalyzer-CommonData : com.gtone.cm.codeprism.CPCommonData@6210fb
[trac] [18:50:41] CP/SP     <TRACE> -RuleVisitor Start.
[trac] [18:50:41] CP/SP     <TRACE> -RuleVisitor End.
[trac] [18:50:41] CP/SP <INFO> CodePrism- Analyzing is ended...
[trac] [18:50:41] CP/SP    <DEBUG> End Analyzer-com.gtone.codeprism.standalone.analyzer.codeprism.CodePrismAnalyzer@36527f
[trac] [18:50:41] CP/SP    <DEBUG> Memory-max=494.9375M, total=247.5M, free=212.35213M, used=35.147873M
#23,100
[trac] [18:50:41] CP/SP     <TRACE> CPStandAlone-ANALYZE FILE : [15/33] :C:/Users/S&SSLAWKS/Desktop/Project/JAVA/src/20200813185000/dao/TB_CUST_HOUSEH.java
[trac] [18:50:41] CP/SP <INFO> [JAVA:JavaAnalyzer]-EXTRACT> begin. C:/Users/S&SSLAWKS/Desktop/Project/JAVA/src/20200813185000/dao/TB_CUST_HOUSEH.java
[trac] [18:50:41] CP/SP <INFO> [JAVA:JavaAnalyzer]-EXTRACT> end. C:/Users/S&SSLAWKS/Desktop/Project/JAVA/src/20200813185000/dao/TB_CUST_HOUSEH.java (11ms, current-memory=36MB)
[trac] [18:50:41] CP/SP     <TRACE> [CoilTransManager] coil write> 20200813185000/dao/TB_CUST_HOUSEH.java to C:/Users/S&SSLAWKS/Desktop/Project/JAVA/temp/src/20200813185000/dao/
[trac] [18:50:41] CP/SP     <TRACE> [JAVA:JavaAnalyzer]-build oast2 - translate... (hit: 0.0)
[trac] [18:50:41] CP/SP    <DEBUG> Create Analyzer-com.gtone.codeprism.standalone.analyzer.structure.StructureAnalyzer@48edb5
[trac] [18:50:41] CP/SP    <DEBUG> Create Analyzer-com.gtone.codeprism.standalone.analyzer.codeprism.CodePrismAnalyzer@1ee2c2c
[trac] [18:50:41] CP/SP    <DEBUG> Start Analyzer-com.gtone.codeprism.standalone.analyzer.structure.StructureAnalyzer@48edb5
[trac] [18:50:41] CP/SP    <DEBUG> End Analyzer-com.gtone.codeprism.standalone.analyzer.structure.StructureAnalyzer@48edb5
[trac] [18:50:41] CP/SP    <DEBUG> Start Analyzer-com.gtone.codeprism.standalone.analyzer.codeprism.CodePrismAnalyzer@1ee2c2c
[trac] [18:50:41] CP/SP    <DEBUG> CodePrismAnalyzer-file name :C:/Users/S&SSLAWKS/Desktop/Project/JAVA/src/20200813185000/dao/TB_CUST_HOUSEH.java
[trac] [18:50:41] CP/SP    <DEBUG> CodePrismAnalyzer-    - logical path :C:/Users/S&SSLAWKS/Desktop/Project/JAVA/src/20200813185000/dao
[trac] [18:50:41] CP/SP    <DEBUG> CodePrismAnalyzer-    - only name : TB_CUST_HOUSEH.java
[trac] [18:50:41] CP/SP    <DEBUG> analyzeStarted.-C:/Users/S&SSLAWKS/Desktop/Project/JAVA/src/20200813185000/dao/TB_CUST_HOUSEH.java
[trac] [18:50:41] CP/SP    <DEBUG> CodePrismAnalyzer-CommonData : com.gtone.cm.codeprism.CPCommonData@1963b3e
[trac] [18:50:41] CP/SP     <TRACE> -RuleVisitor Start.
[trac] [18:50:41] CP/SP     <TRACE> -RuleVisitor End.
[trac] [18:50:41] CP/SP <INFO> CodePrism- Analyzing is ended...
[trac] [18:50:41] CP/SP    <DEBUG> End Analyzer-com.gtone.codeprism.standalone.analyzer.codeprism.CodePrismAnalyzer@1ee2c2c
[trac] [18:50:41] CP/SP    <DEBUG> Memory-max=494.9375M, total=247.5M, free=210.22638M, used=37.27362M
#24,100
[trac] [18:50:41] CP/SP     <TRACE> CPStandAlone-ANALYZE FILE : [16/33] :C:/Users/S&SSLAWKS/Desktop/Project/JAVA/src/20200813185000/dao/TB_CUST_ORDSUM.java
[trac] [18:50:41] CP/SP <INFO> [JAVA:JavaAnalyzer]-EXTRACT> begin. C:/Users/S&SSLAWKS/Desktop/Project/JAVA/src/20200813185000/dao/TB_CUST_ORDSUM.java
[trac] [18:50:41] CP/SP <INFO> [JAVA:JavaAnalyzer]-EXTRACT> end. C:/Users/S&SSLAWKS/Desktop/Project/JAVA/src/20200813185000/dao/TB_CUST_ORDSUM.java (10ms, current-memory=38MB)
[trac] [18:50:41] CP/SP     <TRACE> [CoilTransManager] coil write> 20200813185000/dao/TB_CUST_ORDSUM.java to C:/Users/S&SSLAWKS/Desktop/Project/JAVA/temp/src/20200813185000/dao/
[trac] [18:50:41] CP/SP     <TRACE> [JAVA:JavaAnalyzer]-build oast2 - translate... (hit: 0.0)
[trac] [18:50:41] CP/SP    <DEBUG> Create Analyzer-com.gtone.codeprism.standalone.analyzer.structure.StructureAnalyzer@b6548
[trac] [18:50:41] CP/SP    <DEBUG> Create Analyzer-com.gtone.codeprism.standalone.analyzer.codeprism.CodePrismAnalyzer@269997
[trac] [18:50:41] CP/SP    <DEBUG> Start Analyzer-com.gtone.codeprism.standalone.analyzer.structure.StructureAnalyzer@b6548
[trac] [18:50:41] CP/SP    <DEBUG> End Analyzer-com.gtone.codeprism.standalone.analyzer.structure.StructureAnalyzer@b6548
[trac] [18:50:41] CP/SP    <DEBUG> Start Analyzer-com.gtone.codeprism.standalone.analyzer.codeprism.CodePrismAnalyzer@269997
[trac] [18:50:41] CP/SP    <DEBUG> CodePrismAnalyzer-file name :C:/Users/S&SSLAWKS/Desktop/Project/JAVA/src/20200813185000/dao/TB_CUST_ORDSUM.java
[trac] [18:50:41] CP/SP    <DEBUG> CodePrismAnalyzer-    - logical path :C:/Users/S&SSLAWKS/Desktop/Project/JAVA/src/20200813185000/dao
[trac] [18:50:41] CP/SP    <DEBUG> CodePrismAnalyzer-    - only name : TB_CUST_ORDSUM.java
[trac] [18:50:41] CP/SP    <DEBUG> analyzeStarted.-C:/Users/S&SSLAWKS/Desktop/Project/JAVA/src/20200813185000/dao/TB_CUST_ORDSUM.java
[trac] [18:50:41] CP/SP    <DEBUG> CodePrismAnalyzer-CommonData : com.gtone.cm.codeprism.CPCommonData@1e7c5cb
[trac] [18:50:41] CP/SP     <TRACE> -RuleVisitor Start.
[trac] [18:50:41] CP/SP     <TRACE> -RuleVisitor End.
[trac] [18:50:41] CP/SP <INFO> CodePrism- Analyzing is ended...
[trac] [18:50:41] CP/SP    <DEBUG> End Analyzer-com.gtone.codeprism.standalone.analyzer.codeprism.CodePrismAnalyzer@269997
[trac] [18:50:41] CP/SP    <DEBUG> Memory-max=494.9375M, total=247.5M, free=208.08508M, used=39.414917M
#25,100
[trac] [18:50:41] CP/SP     <TRACE> CPStandAlone-ANALYZE FILE : [17/33] :C:/Users/S&SSLAWKS/Desktop/Project/JAVA/src/20200813185000/dao/TB_CUST_PLACE.java
[trac] [18:50:41] CP/SP <INFO> [JAVA:JavaAnalyzer]-EXTRACT> begin. C:/Users/S&SSLAWKS/Desktop/Project/JAVA/src/20200813185000/dao/TB_CUST_PLACE.java
[trac] [18:50:41] CP/SP <INFO> [JAVA:JavaAnalyzer]-EXTRACT> end. C:/Users/S&SSLAWKS/Desktop/Project/JAVA/src/20200813185000/dao/TB_CUST_PLACE.java (10ms, current-memory=40MB)
[trac] [18:50:41] CP/SP     <TRACE> [CoilTransManager] coil write> 20200813185000/dao/TB_CUST_PLACE.java to C:/Users/S&SSLAWKS/Desktop/Project/JAVA/temp/src/20200813185000/dao/
[trac] [18:50:41] CP/SP     <TRACE> [JAVA:JavaAnalyzer]-build oast2 - translate... (hit: 0.0)
[trac] [18:50:41] CP/SP    <DEBUG> Create Analyzer-com.gtone.codeprism.standalone.analyzer.structure.StructureAnalyzer@9505f
[trac] [18:50:41] CP/SP    <DEBUG> Create Analyzer-com.gtone.codeprism.standalone.analyzer.codeprism.CodePrismAnalyzer@17ba38f
[trac] [18:50:41] CP/SP    <DEBUG> Start Analyzer-com.gtone.codeprism.standalone.analyzer.structure.StructureAnalyzer@9505f
[trac] [18:50:41] CP/SP    <DEBUG> End Analyzer-com.gtone.codeprism.standalone.analyzer.structure.StructureAnalyzer@9505f
[trac] [18:50:41] CP/SP    <DEBUG> Start Analyzer-com.gtone.codeprism.standalone.analyzer.codeprism.CodePrismAnalyzer@17ba38f
[trac] [18:50:41] CP/SP    <DEBUG> CodePrismAnalyzer-file name :C:/Users/S&SSLAWKS/Desktop/Project/JAVA/src/20200813185000/dao/TB_CUST_PLACE.java
[trac] [18:50:41] CP/SP    <DEBUG> CodePrismAnalyzer-    - logical path :C:/Users/S&SSLAWKS/Desktop/Project/JAVA/src/20200813185000/dao
[trac] [18:50:41] CP/SP    <DEBUG> CodePrismAnalyzer-    - only name : TB_CUST_PLACE.java
[trac] [18:50:41] CP/SP    <DEBUG> analyzeStarted.-C:/Users/S&SSLAWKS/Desktop/Project/JAVA/src/20200813185000/dao/TB_CUST_PLACE.java
[trac] [18:50:41] CP/SP    <DEBUG> CodePrismAnalyzer-CommonData : com.gtone.cm.codeprism.CPCommonData@d3c6a3
[trac] [18:50:41] CP/SP     <TRACE> -RuleVisitor Start.
[trac] [18:50:41] CP/SP     <TRACE> -RuleVisitor End.
[trac] [18:50:41] CP/SP <INFO> CodePrism- Analyzing is ended...
[trac] [18:50:41] CP/SP    <DEBUG> End Analyzer-com.gtone.codeprism.standalone.analyzer.codeprism.CodePrismAnalyzer@17ba38f
[trac] [18:50:41] CP/SP    <DEBUG> Memory-max=494.9375M, total=247.5M, free=205.94376M, used=41.556244M
#26,100
[trac] [18:50:41] CP/SP     <TRACE> CPStandAlone-ANALYZE FILE : [18/33] :C:/Users/S&SSLAWKS/Desktop/Project/JAVA/src/20200813185000/dao/TB_DT_TYPE_STD_VAL.java
[trac] [18:50:41] CP/SP <INFO> [JAVA:JavaAnalyzer]-EXTRACT> begin. C:/Users/S&SSLAWKS/Desktop/Project/JAVA/src/20200813185000/dao/TB_DT_TYPE_STD_VAL.java
[trac] [18:50:41] CP/SP <INFO> [JAVA:JavaAnalyzer]-EXTRACT> end. C:/Users/S&SSLAWKS/Desktop/Project/JAVA/src/20200813185000/dao/TB_DT_TYPE_STD_VAL.java (8ms, current-memory=42MB)
[trac] [18:50:41] CP/SP     <TRACE> [CoilTransManager] coil write> 20200813185000/dao/TB_DT_TYPE_STD_VAL.java to C:/Users/S&SSLAWKS/Desktop/Project/JAVA/temp/src/20200813185000/dao/
[trac] [18:50:41] CP/SP     <TRACE> [JAVA:JavaAnalyzer]-build oast2 - translate... (hit: 0.0)
[trac] [18:50:41] CP/SP    <DEBUG> Create Analyzer-com.gtone.codeprism.standalone.analyzer.structure.StructureAnalyzer@1f1235b
[trac] [18:50:41] CP/SP    <DEBUG> Create Analyzer-com.gtone.codeprism.standalone.analyzer.codeprism.CodePrismAnalyzer@4865ce
[trac] [18:50:41] CP/SP    <DEBUG> Start Analyzer-com.gtone.codeprism.standalone.analyzer.structure.StructureAnalyzer@1f1235b
[trac] [18:50:41] CP/SP    <DEBUG> End Analyzer-com.gtone.codeprism.standalone.analyzer.structure.StructureAnalyzer@1f1235b
[trac] [18:50:41] CP/SP    <DEBUG> Start Analyzer-com.gtone.codeprism.standalone.analyzer.codeprism.CodePrismAnalyzer@4865ce
[trac] [18:50:41] CP/SP    <DEBUG> CodePrismAnalyzer-file name :C:/Users/S&SSLAWKS/Desktop/Project/JAVA/src/20200813185000/dao/TB_DT_TYPE_STD_VAL.java
[trac] [18:50:41] CP/SP    <DEBUG> CodePrismAnalyzer-    - logical path :C:/Users/S&SSLAWKS/Desktop/Project/JAVA/src/20200813185000/dao
[trac] [18:50:41] CP/SP    <DEBUG> CodePrismAnalyzer-    - only name : TB_DT_TYPE_STD_VAL.java
[trac] [18:50:41] CP/SP    <DEBUG> analyzeStarted.-C:/Users/S&SSLAWKS/Desktop/Project/JAVA/src/20200813185000/dao/TB_DT_TYPE_STD_VAL.java
[trac] [18:50:41] CP/SP    <DEBUG> CodePrismAnalyzer-CommonData : com.gtone.cm.codeprism.CPCommonData@113beb5
[trac] [18:50:41] CP/SP     <TRACE> -RuleVisitor Start.
[trac] [18:50:41] CP/SP     <TRACE> -RuleVisitor End.
[trac] [18:50:41] CP/SP <INFO> CodePrism- Analyzing is ended...
[trac] [18:50:41] CP/SP    <DEBUG> End Analyzer-com.gtone.codeprism.standalone.analyzer.codeprism.CodePrismAnalyzer@4865ce
[trac] [18:50:41] CP/SP    <DEBUG> Memory-max=494.9375M, total=247.5M, free=203.80246M, used=43.69754M
#27,100
[trac] [18:50:41] CP/SP     <TRACE> CPStandAlone-ANALYZE FILE : [19/33] :C:/Users/S&SSLAWKS/Desktop/Project/JAVA/src/20200813185000/dao/TB_ITEM_MASTER.java
[trac] [18:50:41] CP/SP <INFO> [JAVA:JavaAnalyzer]-EXTRACT> begin. C:/Users/S&SSLAWKS/Desktop/Project/JAVA/src/20200813185000/dao/TB_ITEM_MASTER.java
[trac] [18:50:41] CP/SP <INFO> [JAVA:JavaAnalyzer]-EXTRACT> end. C:/Users/S&SSLAWKS/Desktop/Project/JAVA/src/20200813185000/dao/TB_ITEM_MASTER.java (9ms, current-memory=44MB)
[trac] [18:50:41] CP/SP     <TRACE> [CoilTransManager] coil write> 20200813185000/dao/TB_ITEM_MASTER.java to C:/Users/S&SSLAWKS/Desktop/Project/JAVA/temp/src/20200813185000/dao/
[trac] [18:50:41] CP/SP     <TRACE> [JAVA:JavaAnalyzer]-build oast2 - translate... (hit: 0.0)
[trac] [18:50:41] CP/SP    <DEBUG> Create Analyzer-com.gtone.codeprism.standalone.analyzer.structure.StructureAnalyzer@1358f03
[trac] [18:50:41] CP/SP    <DEBUG> Create Analyzer-com.gtone.codeprism.standalone.analyzer.codeprism.CodePrismAnalyzer@1402d5a
[trac] [18:50:41] CP/SP    <DEBUG> Start Analyzer-com.gtone.codeprism.standalone.analyzer.structure.StructureAnalyzer@1358f03
[trac] [18:50:41] CP/SP    <DEBUG> End Analyzer-com.gtone.codeprism.standalone.analyzer.structure.StructureAnalyzer@1358f03
[trac] [18:50:41] CP/SP    <DEBUG> Start Analyzer-com.gtone.codeprism.standalone.analyzer.codeprism.CodePrismAnalyzer@1402d5a
[trac] [18:50:41] CP/SP    <DEBUG> CodePrismAnalyzer-file name :C:/Users/S&SSLAWKS/Desktop/Project/JAVA/src/20200813185000/dao/TB_ITEM_MASTER.java
[trac] [18:50:41] CP/SP    <DEBUG> CodePrismAnalyzer-    - logical path :C:/Users/S&SSLAWKS/Desktop/Project/JAVA/src/20200813185000/dao
[trac] [18:50:41] CP/SP    <DEBUG> CodePrismAnalyzer-    - only name : TB_ITEM_MASTER.java
[trac] [18:50:41] CP/SP    <DEBUG> analyzeStarted.-C:/Users/S&SSLAWKS/Desktop/Project/JAVA/src/20200813185000/dao/TB_ITEM_MASTER.java
[trac] [18:50:41] CP/SP    <DEBUG> CodePrismAnalyzer-CommonData : com.gtone.cm.codeprism.CPCommonData@1e13e07
[trac] [18:50:41] CP/SP     <TRACE> -RuleVisitor Start.
[trac] [18:50:41] CP/SP     <TRACE> -RuleVisitor End.
[trac] [18:50:41] CP/SP <INFO> CodePrism- Analyzing is ended...
[trac] [18:50:41] CP/SP    <DEBUG> End Analyzer-com.gtone.codeprism.standalone.analyzer.codeprism.CodePrismAnalyzer@1402d5a
[trac] [18:50:41] CP/SP    <DEBUG> Memory-max=494.9375M, total=247.5M, free=201.66113M, used=45.838867M
#28,100
[trac] [18:50:41] CP/SP     <TRACE> CPStandAlone-ANALYZE FILE : [20/33] :C:/Users/S&SSLAWKS/Desktop/Project/JAVA/src/20200813185000/dao/TB_MAIL_DOMAIN.java
[trac] [18:50:41] CP/SP <INFO> [JAVA:JavaAnalyzer]-EXTRACT> begin. C:/Users/S&SSLAWKS/Desktop/Project/JAVA/src/20200813185000/dao/TB_MAIL_DOMAIN.java
[trac] [18:50:41] CP/SP <INFO> [JAVA:JavaAnalyzer]-EXTRACT> end. C:/Users/S&SSLAWKS/Desktop/Project/JAVA/src/20200813185000/dao/TB_MAIL_DOMAIN.java (10ms, current-memory=46MB)
[trac] [18:50:41] CP/SP     <TRACE> [CoilTransManager] coil write> 20200813185000/dao/TB_MAIL_DOMAIN.java to C:/Users/S&SSLAWKS/Desktop/Project/JAVA/temp/src/20200813185000/dao/
[trac] [18:50:41] CP/SP     <TRACE> [JAVA:JavaAnalyzer]-build oast2 - translate... (hit: 0.0)
[trac] [18:50:41] CP/SP    <DEBUG> Create Analyzer-com.gtone.codeprism.standalone.analyzer.structure.StructureAnalyzer@9cfec1
[trac] [18:50:41] CP/SP    <DEBUG> Create Analyzer-com.gtone.codeprism.standalone.analyzer.codeprism.CodePrismAnalyzer@11946c2
[trac] [18:50:41] CP/SP    <DEBUG> Start Analyzer-com.gtone.codeprism.standalone.analyzer.structure.StructureAnalyzer@9cfec1
[trac] [18:50:41] CP/SP    <DEBUG> End Analyzer-com.gtone.codeprism.standalone.analyzer.structure.StructureAnalyzer@9cfec1
[trac] [18:50:41] CP/SP    <DEBUG> Start Analyzer-com.gtone.codeprism.standalone.analyzer.codeprism.CodePrismAnalyzer@11946c2
[trac] [18:50:41] CP/SP    <DEBUG> CodePrismAnalyzer-file name :C:/Users/S&SSLAWKS/Desktop/Project/JAVA/src/20200813185000/dao/TB_MAIL_DOMAIN.java
[trac] [18:50:41] CP/SP    <DEBUG> CodePrismAnalyzer-    - logical path :C:/Users/S&SSLAWKS/Desktop/Project/JAVA/src/20200813185000/dao
[trac] [18:50:41] CP/SP    <DEBUG> CodePrismAnalyzer-    - only name : TB_MAIL_DOMAIN.java
[trac] [18:50:41] CP/SP    <DEBUG> analyzeStarted.-C:/Users/S&SSLAWKS/Desktop/Project/JAVA/src/20200813185000/dao/TB_MAIL_DOMAIN.java
[trac] [18:50:41] CP/SP    <DEBUG> CodePrismAnalyzer-CommonData : com.gtone.cm.codeprism.CPCommonData@747fa2
[trac] [18:50:41] CP/SP     <TRACE> -RuleVisitor Start.
[trac] [18:50:41] CP/SP     <TRACE> -RuleVisitor End.
[trac] [18:50:41] CP/SP <INFO> CodePrism- Analyzing is ended...
[trac] [18:50:41] CP/SP    <DEBUG> End Analyzer-com.gtone.codeprism.standalone.analyzer.codeprism.CodePrismAnalyzer@11946c2
[trac] [18:50:41] CP/SP    <DEBUG> Memory-max=494.9375M, total=247.5M, free=199.51968M, used=47.980316M
#29,100
[trac] [18:50:41] CP/SP     <TRACE> CPStandAlone-ANALYZE FILE : [21/33] :C:/Users/S&SSLAWKS/Desktop/Project/JAVA/src/20200813185000/dao/TB_ORDERM.java
[trac] [18:50:41] CP/SP <INFO> [JAVA:JavaAnalyzer]-EXTRACT> begin. C:/Users/S&SSLAWKS/Desktop/Project/JAVA/src/20200813185000/dao/TB_ORDERM.java
[trac] [18:50:41] CP/SP <INFO> [JAVA:JavaAnalyzer]-EXTRACT> end. C:/Users/S&SSLAWKS/Desktop/Project/JAVA/src/20200813185000/dao/TB_ORDERM.java (10ms, current-memory=49MB)
[trac] [18:50:41] CP/SP     <TRACE> [CoilTransManager] coil write> 20200813185000/dao/TB_ORDERM.java to C:/Users/S&SSLAWKS/Desktop/Project/JAVA/temp/src/20200813185000/dao/
[trac] [18:50:41] CP/SP     <TRACE> [JAVA:JavaAnalyzer]-build oast2 - translate... (hit: 0.0)
[trac] [18:50:41] CP/SP    <DEBUG> Create Analyzer-com.gtone.codeprism.standalone.analyzer.structure.StructureAnalyzer@6782a9
[trac] [18:50:41] CP/SP    <DEBUG> Create Analyzer-com.gtone.codeprism.standalone.analyzer.codeprism.CodePrismAnalyzer@1b34126
[trac] [18:50:41] CP/SP    <DEBUG> Start Analyzer-com.gtone.codeprism.standalone.analyzer.structure.StructureAnalyzer@6782a9
[trac] [18:50:42] CP/SP    <DEBUG> End Analyzer-com.gtone.codeprism.standalone.analyzer.structure.StructureAnalyzer@6782a9
[trac] [18:50:42] CP/SP    <DEBUG> Start Analyzer-com.gtone.codeprism.standalone.analyzer.codeprism.CodePrismAnalyzer@1b34126
[trac] [18:50:42] CP/SP    <DEBUG> CodePrismAnalyzer-file name :C:/Users/S&SSLAWKS/Desktop/Project/JAVA/src/20200813185000/dao/TB_ORDERM.java
[trac] [18:50:42] CP/SP    <DEBUG> CodePrismAnalyzer-    - logical path :C:/Users/S&SSLAWKS/Desktop/Project/JAVA/src/20200813185000/dao
[trac] [18:50:42] CP/SP    <DEBUG> CodePrismAnalyzer-    - only name : TB_ORDERM.java
[trac] [18:50:42] CP/SP    <DEBUG> analyzeStarted.-C:/Users/S&SSLAWKS/Desktop/Project/JAVA/src/20200813185000/dao/TB_ORDERM.java
[trac] [18:50:42] CP/SP    <DEBUG> CodePrismAnalyzer-CommonData : com.gtone.cm.codeprism.CPCommonData@17200b4
[trac] [18:50:42] CP/SP     <TRACE> -RuleVisitor Start.
[trac] [18:50:42] CP/SP     <TRACE> -RuleVisitor End.
[trac] [18:50:42] CP/SP <INFO> CodePrism- Analyzing is ended...
[trac] [18:50:42] CP/SP    <DEBUG> End Analyzer-com.gtone.codeprism.standalone.analyzer.codeprism.CodePrismAnalyzer@1b34126
[trac] [18:50:42] CP/SP    <DEBUG> Memory-max=494.9375M, total=247.5M, free=197.37839M, used=50.121613M
#30,100
[trac] [18:50:42] CP/SP     <TRACE> CPStandAlone-ANALYZE FILE : [22/33] :C:/Users/S&SSLAWKS/Desktop/Project/JAVA/src/20200813185000/dao/TB_ORDER_DETAIL.java
[trac] [18:50:42] CP/SP <INFO> [JAVA:JavaAnalyzer]-EXTRACT> begin. C:/Users/S&SSLAWKS/Desktop/Project/JAVA/src/20200813185000/dao/TB_ORDER_DETAIL.java
[trac] [18:50:42] CP/SP <INFO> [JAVA:JavaAnalyzer]-EXTRACT> end. C:/Users/S&SSLAWKS/Desktop/Project/JAVA/src/20200813185000/dao/TB_ORDER_DETAIL.java (10ms, current-memory=51MB)
[trac] [18:50:42] CP/SP     <TRACE> [CoilTransManager] coil write> 20200813185000/dao/TB_ORDER_DETAIL.java to C:/Users/S&SSLAWKS/Desktop/Project/JAVA/temp/src/20200813185000/dao/
[trac] [18:50:42] CP/SP     <TRACE> [JAVA:JavaAnalyzer]-build oast2 - translate... (hit: 0.0)
[trac] [18:50:42] CP/SP    <DEBUG> Create Analyzer-com.gtone.codeprism.standalone.analyzer.structure.StructureAnalyzer@18c3679
[trac] [18:50:42] CP/SP    <DEBUG> Create Analyzer-com.gtone.codeprism.standalone.analyzer.codeprism.CodePrismAnalyzer@4c47db
[trac] [18:50:42] CP/SP    <DEBUG> Start Analyzer-com.gtone.codeprism.standalone.analyzer.structure.StructureAnalyzer@18c3679
[trac] [18:50:42] CP/SP    <DEBUG> End Analyzer-com.gtone.codeprism.standalone.analyzer.structure.StructureAnalyzer@18c3679
[trac] [18:50:42] CP/SP    <DEBUG> Start Analyzer-com.gtone.codeprism.standalone.analyzer.codeprism.CodePrismAnalyzer@4c47db
[trac] [18:50:42] CP/SP    <DEBUG> CodePrismAnalyzer-file name :C:/Users/S&SSLAWKS/Desktop/Project/JAVA/src/20200813185000/dao/TB_ORDER_DETAIL.java
[trac] [18:50:42] CP/SP    <DEBUG> CodePrismAnalyzer-    - logical path :C:/Users/S&SSLAWKS/Desktop/Project/JAVA/src/20200813185000/dao
[trac] [18:50:42] CP/SP    <DEBUG> CodePrismAnalyzer-    - only name : TB_ORDER_DETAIL.java
[trac] [18:50:42] CP/SP    <DEBUG> analyzeStarted.-C:/Users/S&SSLAWKS/Desktop/Project/JAVA/src/20200813185000/dao/TB_ORDER_DETAIL.java
[trac] [18:50:42] CP/SP    <DEBUG> CodePrismAnalyzer-CommonData : com.gtone.cm.codeprism.CPCommonData@18c74
[trac] [18:50:42] CP/SP     <TRACE> -RuleVisitor Start.
[trac] [18:50:42] CP/SP     <TRACE> -RuleVisitor End.
[trac] [18:50:42] CP/SP <INFO> CodePrism- Analyzing is ended...
[trac] [18:50:42] CP/SP    <DEBUG> End Analyzer-com.gtone.codeprism.standalone.analyzer.codeprism.CodePrismAnalyzer@4c47db
[trac] [18:50:42] CP/SP    <DEBUG> Memory-max=494.9375M, total=247.5M, free=195.25272M, used=52.247284M
#30,100
[trac] [18:50:42] CP/SP     <TRACE> CPStandAlone-ANALYZE FILE : [23/33] :C:/Users/S&SSLAWKS/Desktop/Project/JAVA/src/20200813185000/dao/TB_VENDOR.java
[trac] [18:50:42] CP/SP <INFO> [JAVA:JavaAnalyzer]-EXTRACT> begin. C:/Users/S&SSLAWKS/Desktop/Project/JAVA/src/20200813185000/dao/TB_VENDOR.java
[trac] [18:50:42] CP/SP <INFO> [JAVA:JavaAnalyzer]-EXTRACT> end. C:/Users/S&SSLAWKS/Desktop/Project/JAVA/src/20200813185000/dao/TB_VENDOR.java (9ms, current-memory=52MB)
[trac] [18:50:42] CP/SP     <TRACE> [CoilTransManager] coil write> 20200813185000/dao/TB_VENDOR.java to C:/Users/S&SSLAWKS/Desktop/Project/JAVA/temp/src/20200813185000/dao/
[trac] [18:50:42] CP/SP     <TRACE> [JAVA:JavaAnalyzer]-build oast2 - translate... (hit: 0.0)
[trac] [18:50:42] CP/SP    <DEBUG> Create Analyzer-com.gtone.codeprism.standalone.analyzer.structure.StructureAnalyzer@1ac3379
[trac] [18:50:42] CP/SP    <DEBUG> Create Analyzer-com.gtone.codeprism.standalone.analyzer.codeprism.CodePrismAnalyzer@6779e6
[trac] [18:50:42] CP/SP    <DEBUG> Start Analyzer-com.gtone.codeprism.standalone.analyzer.structure.StructureAnalyzer@1ac3379
[trac] [18:50:42] CP/SP    <DEBUG> End Analyzer-com.gtone.codeprism.standalone.analyzer.structure.StructureAnalyzer@1ac3379
[trac] [18:50:42] CP/SP    <DEBUG> Start Analyzer-com.gtone.codeprism.standalone.analyzer.codeprism.CodePrismAnalyzer@6779e6
[trac] [18:50:42] CP/SP    <DEBUG> CodePrismAnalyzer-file name :C:/Users/S&SSLAWKS/Desktop/Project/JAVA/src/20200813185000/dao/TB_VENDOR.java
[trac] [18:50:42] CP/SP    <DEBUG> CodePrismAnalyzer-    - logical path :C:/Users/S&SSLAWKS/Desktop/Project/JAVA/src/20200813185000/dao
[trac] [18:50:42] CP/SP    <DEBUG> CodePrismAnalyzer-    - only name : TB_VENDOR.java
[trac] [18:50:42] CP/SP    <DEBUG> analyzeStarted.-C:/Users/S&SSLAWKS/Desktop/Project/JAVA/src/20200813185000/dao/TB_VENDOR.java
[trac] [18:50:42] CP/SP    <DEBUG> CodePrismAnalyzer-CommonData : com.gtone.cm.codeprism.CPCommonData@174219d
[trac] [18:50:42] CP/SP     <TRACE> -RuleVisitor Start.
[trac] [18:50:42] CP/SP     <TRACE> -RuleVisitor End.
[trac] [18:50:42] CP/SP <INFO> CodePrism- Analyzing is ended...
[trac] [18:50:42] CP/SP    <DEBUG> End Analyzer-com.gtone.codeprism.standalone.analyzer.codeprism.CodePrismAnalyzer@6779e6
[trac] [18:50:42] CP/SP    <DEBUG> Memory-max=494.9375M, total=247.5M, free=193.64267M, used=53.85733M
#31,100
[trac] [18:50:42] CP/SP     <TRACE> CPStandAlone-ANALYZE FILE : [24/33] :C:/Users/S&SSLAWKS/Desktop/Project/JAVA/src/20200813185000/dao/TB_ZIP_CODE.java
[trac] [18:50:42] CP/SP <INFO> [JAVA:JavaAnalyzer]-EXTRACT> begin. C:/Users/S&SSLAWKS/Desktop/Project/JAVA/src/20200813185000/dao/TB_ZIP_CODE.java
[trac] [18:50:42] CP/SP <INFO> [JAVA:JavaAnalyzer]-EXTRACT> end. C:/Users/S&SSLAWKS/Desktop/Project/JAVA/src/20200813185000/dao/TB_ZIP_CODE.java (8ms, current-memory=54MB)
[trac] [18:50:42] CP/SP     <TRACE> [CoilTransManager] coil write> 20200813185000/dao/TB_ZIP_CODE.java to C:/Users/S&SSLAWKS/Desktop/Project/JAVA/temp/src/20200813185000/dao/
[trac] [18:50:42] CP/SP     <TRACE> [JAVA:JavaAnalyzer]-build oast2 - translate... (hit: 0.0)
[trac] [18:50:42] CP/SP    <DEBUG> Create Analyzer-com.gtone.codeprism.standalone.analyzer.structure.StructureAnalyzer@14ae2c1
[trac] [18:50:42] CP/SP    <DEBUG> Create Analyzer-com.gtone.codeprism.standalone.analyzer.codeprism.CodePrismAnalyzer@16d2702
[trac] [18:50:42] CP/SP    <DEBUG> Start Analyzer-com.gtone.codeprism.standalone.analyzer.structure.StructureAnalyzer@14ae2c1
[trac] [18:50:42] CP/SP    <DEBUG> End Analyzer-com.gtone.codeprism.standalone.analyzer.structure.StructureAnalyzer@14ae2c1
[trac] [18:50:42] CP/SP    <DEBUG> Start Analyzer-com.gtone.codeprism.standalone.analyzer.codeprism.CodePrismAnalyzer@16d2702
[trac] [18:50:42] CP/SP    <DEBUG> CodePrismAnalyzer-file name :C:/Users/S&SSLAWKS/Desktop/Project/JAVA/src/20200813185000/dao/TB_ZIP_CODE.java
[trac] [18:50:42] CP/SP    <DEBUG> CodePrismAnalyzer-    - logical path :C:/Users/S&SSLAWKS/Desktop/Project/JAVA/src/20200813185000/dao
[trac] [18:50:42] CP/SP    <DEBUG> CodePrismAnalyzer-    - only name : TB_ZIP_CODE.java
[trac] [18:50:42] CP/SP    <DEBUG> analyzeStarted.-C:/Users/S&SSLAWKS/Desktop/Project/JAVA/src/20200813185000/dao/TB_ZIP_CODE.java
[trac] [18:50:42] CP/SP    <DEBUG> CodePrismAnalyzer-CommonData : com.gtone.cm.codeprism.CPCommonData@11c2b67
[trac] [18:50:42] CP/SP     <TRACE> -RuleVisitor Start.
[trac] [18:50:42] CP/SP     <TRACE> -RuleVisitor End.
[trac] [18:50:42] CP/SP <INFO> CodePrism- Analyzing is ended...
[trac] [18:50:42] CP/SP    <DEBUG> End Analyzer-com.gtone.codeprism.standalone.analyzer.codeprism.CodePrismAnalyzer@16d2702
[trac] [18:50:42] CP/SP    <DEBUG> Memory-max=494.9375M, total=247.5M, free=192.57983M, used=54.920166M
#32,100
[trac] [18:50:42] CP/SP     <TRACE> CPStandAlone-ANALYZE FILE : [25/33] :C:/Users/S&SSLAWKS/Desktop/Project/JAVA/src/20200813185000/com/gtone/dq/customer/config/CUSTConfig.java
[trac] [18:50:42] CP/SP <INFO> [JAVA:JavaAnalyzer]-EXTRACT> begin. C:/Users/S&SSLAWKS/Desktop/Project/JAVA/src/20200813185000/com/gtone/dq/customer/config/CUSTConfig.java
[trac] [18:50:42] CP/SP <INFO> [JAVA:JavaAnalyzer]-EXTRACT> end. C:/Users/S&SSLAWKS/Desktop/Project/JAVA/src/20200813185000/com/gtone/dq/customer/config/CUSTConfig.java (30ms, current-memory=57MB)
[trac] [18:50:42] CP/SP     <TRACE> [CoilTransManager] coil write> 20200813185000/com/gtone/dq/customer/config/CUSTConfig.java to C:/Users/S&SSLAWKS/Desktop/Project/JAVA/temp/src/20200813185000/com/gtone/dq/customer/config/
[trac] [18:50:42] CP/SP     <TRACE> [JAVA:JavaAnalyzer]-build oast2 - translate... (hit: 0.0)
[trac] [18:50:42] CP/SP    <DEBUG> Create Analyzer-com.gtone.codeprism.standalone.analyzer.structure.StructureAnalyzer@1f2cea2
[trac] [18:50:42] CP/SP    <DEBUG> Create Analyzer-com.gtone.codeprism.standalone.analyzer.codeprism.CodePrismAnalyzer@1dc0e7a
[trac] [18:50:42] CP/SP    <DEBUG> Start Analyzer-com.gtone.codeprism.standalone.analyzer.structure.StructureAnalyzer@1f2cea2
[trac] [18:50:42] CP/SP    <DEBUG> End Analyzer-com.gtone.codeprism.standalone.analyzer.structure.StructureAnalyzer@1f2cea2
[trac] [18:50:42] CP/SP    <DEBUG> Start Analyzer-com.gtone.codeprism.standalone.analyzer.codeprism.CodePrismAnalyzer@1dc0e7a
[trac] [18:50:42] CP/SP    <DEBUG> CodePrismAnalyzer-file name :C:/Users/S&SSLAWKS/Desktop/Project/JAVA/src/20200813185000/com/gtone/dq/customer/config/CUSTConfig.java
[trac] [18:50:42] CP/SP    <DEBUG> CodePrismAnalyzer-    - logical path :C:/Users/S&SSLAWKS/Desktop/Project/JAVA/src/20200813185000/com/gtone/dq/customer/config
[trac] [18:50:42] CP/SP    <DEBUG> CodePrismAnalyzer-    - only name : CUSTConfig.java
[trac] [18:50:42] CP/SP    <DEBUG> analyzeStarted.-C:/Users/S&SSLAWKS/Desktop/Project/JAVA/src/20200813185000/com/gtone/dq/customer/config/CUSTConfig.java
[trac] [18:50:42] CP/SP    <DEBUG> CodePrismAnalyzer-CommonData : com.gtone.cm.codeprism.CPCommonData@3a9bba
[trac] [18:50:42] CP/SP     <TRACE> -RuleVisitor Start.
[trac] [18:50:42] CP/SP     <TRACE> -RuleVisitor End.
[trac] [18:50:42] CP/SP <INFO> CodePrism- Analyzing is ended...
[trac] [18:50:42] CP/SP    <DEBUG> End Analyzer-com.gtone.codeprism.standalone.analyzer.codeprism.CodePrismAnalyzer@1dc0e7a
[trac] [18:50:42] CP/SP    <DEBUG> Memory-max=494.9375M, total=247.5M, free=188.85983M, used=58.640167M
#33,100
[trac] [18:50:42] CP/SP     <TRACE> CPStandAlone-ANALYZE FILE : [26/33] :C:/Users/S&SSLAWKS/Desktop/Project/JAVA/src/20200813185000/com/gtone/dq/customer/query/SQLQuery.java
[trac] [18:50:42] CP/SP <INFO> [JAVA:JavaAnalyzer]-EXTRACT> begin. C:/Users/S&SSLAWKS/Desktop/Project/JAVA/src/20200813185000/com/gtone/dq/customer/query/SQLQuery.java
[trac] [18:50:42] CPStandAlone     <TRACE> parser error> java.lang.ExceptionInInitializerError
[trac] [18:50:42] CP/SP    <DEBUG> Memory-max=494.9375M, total=247.5M, free=185.13992M, used=62.360077M
#34,100
[trac] [18:50:42] CP/SP     <TRACE> CPStandAlone-ANALYZE FILE : [27/33] :C:/Users/S&SSLAWKS/Desktop/Project/JAVA/src/20200813185000/com/gtone/dq/customer/server/CustomerDetailRun.java
[trac] [18:50:42] CP/SP <INFO> [JAVA:JavaAnalyzer]-EXTRACT> begin. C:/Users/S&SSLAWKS/Desktop/Project/JAVA/src/20200813185000/com/gtone/dq/customer/server/CustomerDetailRun.java
[trac] [18:50:42] CPStandAlone     <TRACE> parser error> Could not initialize class com.gtone.cm.parser.java.Messages
[trac] [18:50:42] CP/SP    <DEBUG> Memory-max=494.9375M, total=247.5M, free=184.07709M, used=63.422913M
#35,100
[trac] [18:50:42] CP/SP     <TRACE> CPStandAlone-ANALYZE FILE : [28/33] :C:/Users/S&SSLAWKS/Desktop/Project/JAVA/src/20200813185000/com/gtone/dq/customer/server/CustomerMasterRun.java
[trac] [18:50:42] CP/SP <INFO> [JAVA:JavaAnalyzer]-EXTRACT> begin. C:/Users/S&SSLAWKS/Desktop/Project/JAVA/src/20200813185000/com/gtone/dq/customer/server/CustomerMasterRun.java
[trac] [18:50:42] CPStandAlone     <TRACE> parser error> Could not initialize class com.gtone.cm.parser.java.Messages
[trac] [18:50:42] CP/SP    <DEBUG> Memory-max=494.9375M, total=247.5M, free=183.54565M, used=63.954346M
#36,100
[trac] [18:50:42] CP/SP     <TRACE> CPStandAlone-ANALYZE FILE : [29/33] :C:/Users/S&SSLAWKS/Desktop/Project/JAVA/src/20200813185000/com/gtone/dq/customer/util/Constants.java
[trac] [18:50:42] CP/SP <INFO> [JAVA:JavaAnalyzer]-EXTRACT> begin. C:/Users/S&SSLAWKS/Desktop/Project/JAVA/src/20200813185000/com/gtone/dq/customer/util/Constants.java
[trac] [18:50:42] CP/SP <INFO> [JAVA:JavaAnalyzer]-EXTRACT> end. C:/Users/S&SSLAWKS/Desktop/Project/JAVA/src/20200813185000/com/gtone/dq/customer/util/Constants.java (4ms, current-memory=63MB)
[trac] [18:50:42] CP/SP     <TRACE> [CoilTransManager] coil write> 20200813185000/com/gtone/dq/customer/util/Constants.java to C:/Users/S&SSLAWKS/Desktop/Project/JAVA/temp/src/20200813185000/com/gtone/dq/customer/util/
[trac] [18:50:42] CP/SP     <TRACE> [JAVA:JavaAnalyzer]-build oast2 - translate... (hit: 0.0)
[trac] [18:50:42] CP/SP    <DEBUG> Create Analyzer-com.gtone.codeprism.standalone.analyzer.structure.StructureAnalyzer@1bbd7b2
[trac] [18:50:42] CP/SP    <DEBUG> Create Analyzer-com.gtone.codeprism.standalone.analyzer.codeprism.CodePrismAnalyzer@14df764
[trac] [18:50:42] CP/SP    <DEBUG> Start Analyzer-com.gtone.codeprism.standalone.analyzer.structure.StructureAnalyzer@1bbd7b2
[trac] [18:50:42] CP/SP    <DEBUG> End Analyzer-com.gtone.codeprism.standalone.analyzer.structure.StructureAnalyzer@1bbd7b2
[trac] [18:50:42] CP/SP    <DEBUG> Start Analyzer-com.gtone.codeprism.standalone.analyzer.codeprism.CodePrismAnalyzer@14df764
[trac] [18:50:42] CP/SP    <DEBUG> CodePrismAnalyzer-file name :C:/Users/S&SSLAWKS/Desktop/Project/JAVA/src/20200813185000/com/gtone/dq/customer/util/Constants.java
[trac] [18:50:42] CP/SP    <DEBUG> CodePrismAnalyzer-    - logical path :C:/Users/S&SSLAWKS/Desktop/Project/JAVA/src/20200813185000/com/gtone/dq/customer/util
[trac] [18:50:42] CP/SP    <DEBUG> CodePrismAnalyzer-    - only name : Constants.java
[trac] [18:50:42] CP/SP    <DEBUG> analyzeStarted.-C:/Users/S&SSLAWKS/Desktop/Project/JAVA/src/20200813185000/com/gtone/dq/customer/util/Constants.java
[trac] [18:50:42] CP/SP    <DEBUG> CodePrismAnalyzer-CommonData : com.gtone.cm.codeprism.CPCommonData@1acfa31
[trac] [18:50:42] CP/SP     <TRACE> -RuleVisitor Start.
[trac] [18:50:42] CP/SP     <TRACE> -RuleVisitor End.
[trac] [18:50:42] CP/SP <INFO> CodePrism- Analyzing is ended...
[trac] [18:50:42] CP/SP    <DEBUG> End Analyzer-com.gtone.codeprism.standalone.analyzer.codeprism.CodePrismAnalyzer@14df764
[trac] [18:50:42] CP/SP    <DEBUG> Memory-max=494.9375M, total=247.5M, free=182.9986M, used=64.5014M
#37,100
[trac] [18:50:42] CP/SP     <TRACE> CPStandAlone-ANALYZE FILE : [30/33] :C:/Users/S&SSLAWKS/Desktop/Project/JAVA/src/20200813185000/com/gtone/dq/customer/util/CustomerDetail.java
[trac] [18:50:42] CP/SP <INFO> [JAVA:JavaAnalyzer]-EXTRACT> begin. C:/Users/S&SSLAWKS/Desktop/Project/JAVA/src/20200813185000/com/gtone/dq/customer/util/CustomerDetail.java
[trac] [18:50:42] CP/SP <INFO> [JAVA:JavaAnalyzer]-EXTRACT> end. C:/Users/S&SSLAWKS/Desktop/Project/JAVA/src/20200813185000/com/gtone/dq/customer/util/CustomerDetail.java (56ms, current-memory=73MB)
[trac] [18:50:42] CP/SP     <TRACE> [CoilTransManager] coil write> 20200813185000/com/gtone/dq/customer/util/CustomerDetail.java to C:/Users/S&SSLAWKS/Desktop/Project/JAVA/temp/src/20200813185000/com/gtone/dq/customer/util/
[trac] [18:50:42] CP/SP     <TRACE> [JAVA:JavaAnalyzer]-build oast2 - translate... (hit: 0.0)
[trac] [18:50:42] CP/SP    <DEBUG> Create Analyzer-com.gtone.codeprism.standalone.analyzer.structure.StructureAnalyzer@9ffe3f
[trac] [18:50:42] CP/SP    <DEBUG> Create Analyzer-com.gtone.codeprism.standalone.analyzer.codeprism.CodePrismAnalyzer@1ed1b0b
[trac] [18:50:42] CP/SP    <DEBUG> Start Analyzer-com.gtone.codeprism.standalone.analyzer.structure.StructureAnalyzer@9ffe3f
[trac] [18:50:42] CP/SP    <DEBUG> End Analyzer-com.gtone.codeprism.standalone.analyzer.structure.StructureAnalyzer@9ffe3f
[trac] [18:50:42] CP/SP    <DEBUG> Start Analyzer-com.gtone.codeprism.standalone.analyzer.codeprism.CodePrismAnalyzer@1ed1b0b
[trac] [18:50:42] CP/SP    <DEBUG> CodePrismAnalyzer-file name :C:/Users/S&SSLAWKS/Desktop/Project/JAVA/src/20200813185000/com/gtone/dq/customer/util/CustomerDetail.java
[trac] [18:50:42] CP/SP    <DEBUG> CodePrismAnalyzer-    - logical path :C:/Users/S&SSLAWKS/Desktop/Project/JAVA/src/20200813185000/com/gtone/dq/customer/util
[trac] [18:50:42] CP/SP    <DEBUG> CodePrismAnalyzer-    - only name : CustomerDetail.java
[trac] [18:50:42] CP/SP    <DEBUG> analyzeStarted.-C:/Users/S&SSLAWKS/Desktop/Project/JAVA/src/20200813185000/com/gtone/dq/customer/util/CustomerDetail.java
[trac] [18:50:42] CP/SP    <DEBUG> CodePrismAnalyzer-CommonData : com.gtone.cm.codeprism.CPCommonData@12789d2
[trac] [18:50:42] CP/SP     <TRACE> -RuleVisitor Start.
[trac] [18:50:42] CP/SP     <TRACE> -RuleVisitor End.
[trac] [18:50:42] CP/SP <INFO> CodePrism- Analyzing is ended...
[trac] [18:50:42] CP/SP    <DEBUG> End Analyzer-com.gtone.codeprism.standalone.analyzer.codeprism.CodePrismAnalyzer@1ed1b0b
[trac] [18:50:42] CP/SP    <DEBUG> Memory-max=494.9375M, total=247.5M, free=232.3252M, used=15.174805M
#38,100
[trac] [18:50:42] CP/SP     <TRACE> CPStandAlone-ANALYZE FILE : [31/33] :C:/Users/S&SSLAWKS/Desktop/Project/JAVA/src/20200813185000/com/gtone/dq/customer/util/CustomerMaster.java
[trac] [18:50:42] CP/SP <INFO> [JAVA:JavaAnalyzer]-EXTRACT> begin. C:/Users/S&SSLAWKS/Desktop/Project/JAVA/src/20200813185000/com/gtone/dq/customer/util/CustomerMaster.java
[trac] [18:50:42] CP/SP <INFO> [JAVA:JavaAnalyzer]-EXTRACT> end. C:/Users/S&SSLAWKS/Desktop/Project/JAVA/src/20200813185000/com/gtone/dq/customer/util/CustomerMaster.java (24ms, current-memory=18MB)
[trac] [18:50:42] CP/SP     <TRACE> [CoilTransManager] coil write> 20200813185000/com/gtone/dq/customer/util/CustomerMaster.java to C:/Users/S&SSLAWKS/Desktop/Project/JAVA/temp/src/20200813185000/com/gtone/dq/customer/util/
[trac] [18:50:42] CP/SP     <TRACE> [JAVA:JavaAnalyzer]-build oast2 - translate... (hit: 0.0)
[trac] [18:50:42] CP/SP    <DEBUG> Create Analyzer-com.gtone.codeprism.standalone.analyzer.structure.StructureAnalyzer@18352d8
[trac] [18:50:42] CP/SP    <DEBUG> Create Analyzer-com.gtone.codeprism.standalone.analyzer.codeprism.CodePrismAnalyzer@b40ec4
[trac] [18:50:42] CP/SP    <DEBUG> Start Analyzer-com.gtone.codeprism.standalone.analyzer.structure.StructureAnalyzer@18352d8
[trac] [18:50:42] CP/SP    <DEBUG> End Analyzer-com.gtone.codeprism.standalone.analyzer.structure.StructureAnalyzer@18352d8
[trac] [18:50:42] CP/SP    <DEBUG> Start Analyzer-com.gtone.codeprism.standalone.analyzer.codeprism.CodePrismAnalyzer@b40ec4
[trac] [18:50:42] CP/SP    <DEBUG> CodePrismAnalyzer-file name :C:/Users/S&SSLAWKS/Desktop/Project/JAVA/src/20200813185000/com/gtone/dq/customer/util/CustomerMaster.java
[trac] [18:50:42] CP/SP    <DEBUG> CodePrismAnalyzer-    - logical path :C:/Users/S&SSLAWKS/Desktop/Project/JAVA/src/20200813185000/com/gtone/dq/customer/util
[trac] [18:50:42] CP/SP    <DEBUG> CodePrismAnalyzer-    - only name : CustomerMaster.java
[trac] [18:50:42] CP/SP    <DEBUG> analyzeStarted.-C:/Users/S&SSLAWKS/Desktop/Project/JAVA/src/20200813185000/com/gtone/dq/customer/util/CustomerMaster.java
[trac] [18:50:42] CP/SP    <DEBUG> CodePrismAnalyzer-CommonData : com.gtone.cm.codeprism.CPCommonData@13576a2
[trac] [18:50:42] CP/SP     <TRACE> -RuleVisitor Start.
[trac] [18:50:42] CP/SP     <TRACE> -RuleVisitor End.
[trac] [18:50:42] CP/SP <INFO> CodePrism- Analyzing is ended...
[trac] [18:50:42] CP/SP    <DEBUG> End Analyzer-com.gtone.codeprism.standalone.analyzer.codeprism.CodePrismAnalyzer@b40ec4
[trac] [18:50:42] CP/SP    <DEBUG> Memory-max=494.9375M, total=247.5M, free=225.7479M, used=21.752106M
#39,100
[trac] [18:50:42] CP/SP     <TRACE> CPStandAlone-ANALYZE FILE : [32/33] :C:/Users/S&SSLAWKS/Desktop/Project/JAVA/src/20200813185000/com/gtone/dq/customer/util/Query.java
[trac] [18:50:42] CP/SP <INFO> [JAVA:JavaAnalyzer]-EXTRACT> begin. C:/Users/S&SSLAWKS/Desktop/Project/JAVA/src/20200813185000/com/gtone/dq/customer/util/Query.java
[trac] [18:50:42] CP/SP <INFO> [JAVA:JavaAnalyzer]-EXTRACT> end. C:/Users/S&SSLAWKS/Desktop/Project/JAVA/src/20200813185000/com/gtone/dq/customer/util/Query.java (9ms, current-memory=22MB)
[trac] [18:50:42] CP/SP     <TRACE> [CoilTransManager] coil write> 20200813185000/com/gtone/dq/customer/util/Query.java to C:/Users/S&SSLAWKS/Desktop/Project/JAVA/temp/src/20200813185000/com/gtone/dq/customer/util/
[trac] [18:50:42] CP/SP     <TRACE> [JAVA:JavaAnalyzer]-build oast2 - translate... (hit: 0.0)
[trac] [18:50:42] CP/SP    <DEBUG> Create Analyzer-com.gtone.codeprism.standalone.analyzer.structure.StructureAnalyzer@ff8c74
[trac] [18:50:42] CP/SP    <DEBUG> Create Analyzer-com.gtone.codeprism.standalone.analyzer.codeprism.CodePrismAnalyzer@15e2ccd
[trac] [18:50:42] CP/SP    <DEBUG> Start Analyzer-com.gtone.codeprism.standalone.analyzer.structure.StructureAnalyzer@ff8c74
[trac] [18:50:42] CP/SP    <DEBUG> End Analyzer-com.gtone.codeprism.standalone.analyzer.structure.StructureAnalyzer@ff8c74
[trac] [18:50:42] CP/SP    <DEBUG> Start Analyzer-com.gtone.codeprism.standalone.analyzer.codeprism.CodePrismAnalyzer@15e2ccd
[trac] [18:50:42] CP/SP    <DEBUG> CodePrismAnalyzer-file name :C:/Users/S&SSLAWKS/Desktop/Project/JAVA/src/20200813185000/com/gtone/dq/customer/util/Query.java
[trac] [18:50:42] CP/SP    <DEBUG> CodePrismAnalyzer-    - logical path :C:/Users/S&SSLAWKS/Desktop/Project/JAVA/src/20200813185000/com/gtone/dq/customer/util
[trac] [18:50:42] CP/SP    <DEBUG> CodePrismAnalyzer-    - only name : Query.java
[trac] [18:50:42] CP/SP    <DEBUG> analyzeStarted.-C:/Users/S&SSLAWKS/Desktop/Project/JAVA/src/20200813185000/com/gtone/dq/customer/util/Query.java
[trac] [18:50:42] CP/SP    <DEBUG> CodePrismAnalyzer-CommonData : com.gtone.cm.codeprism.CPCommonData@1cf7491
[trac] [18:50:42] CP/SP     <TRACE> -RuleVisitor Start.
[trac] [18:50:42] CP/SP     <TRACE> -RuleVisitor End.
[trac] [18:50:42] CP/SP <INFO> CodePrism- Analyzing is ended...
[trac] [18:50:42] CP/SP    <DEBUG> End Analyzer-com.gtone.codeprism.standalone.analyzer.codeprism.CodePrismAnalyzer@15e2ccd
[trac] [18:50:42] CP/SP    <DEBUG> Memory-max=494.9375M, total=247.5M, free=224.92574M, used=22.574265M
#40,100
[trac] [18:50:42] CP/SP     <TRACE> CPStandAlone-ANALYZE FILE : [33/33] :C:/Users/S&SSLAWKS/Desktop/Project/JAVA/src/20200813185000/com/gtone/dq/customer/util/SysUtil.java
[trac] [18:50:42] CP/SP <INFO> [JAVA:JavaAnalyzer]-EXTRACT> begin. C:/Users/S&SSLAWKS/Desktop/Project/JAVA/src/20200813185000/com/gtone/dq/customer/util/SysUtil.java
[trac] [18:50:42] CP/SP <INFO> [JAVA:JavaAnalyzer]-EXTRACT> end. C:/Users/S&SSLAWKS/Desktop/Project/JAVA/src/20200813185000/com/gtone/dq/customer/util/SysUtil.java (45ms, current-memory=32MB)
[trac] [18:50:42] CP/SP     <TRACE> [CoilTransManager] coil write> 20200813185000/com/gtone/dq/customer/util/SysUtil.java to C:/Users/S&SSLAWKS/Desktop/Project/JAVA/temp/src/20200813185000/com/gtone/dq/customer/util/
[trac] [18:50:42] CP/SP     <TRACE> [JAVA:JavaAnalyzer]-build oast2 - translate... (hit: 0.0)
[trac] [18:50:42] CP/SP    <DEBUG> Create Analyzer-com.gtone.codeprism.standalone.analyzer.structure.StructureAnalyzer@18f51f
[trac] [18:50:42] CP/SP    <DEBUG> Create Analyzer-com.gtone.codeprism.standalone.analyzer.codeprism.CodePrismAnalyzer@84ce7a
[trac] [18:50:42] CP/SP    <DEBUG> Start Analyzer-com.gtone.codeprism.standalone.analyzer.structure.StructureAnalyzer@18f51f
[trac] [18:50:42] CP/SP    <DEBUG> End Analyzer-com.gtone.codeprism.standalone.analyzer.structure.StructureAnalyzer@18f51f
[trac] [18:50:42] CP/SP    <DEBUG> Start Analyzer-com.gtone.codeprism.standalone.analyzer.codeprism.CodePrismAnalyzer@84ce7a
[trac] [18:50:42] CP/SP    <DEBUG> CodePrismAnalyzer-file name :C:/Users/S&SSLAWKS/Desktop/Project/JAVA/src/20200813185000/com/gtone/dq/customer/util/SysUtil.java
[trac] [18:50:42] CP/SP    <DEBUG> CodePrismAnalyzer-    - logical path :C:/Users/S&SSLAWKS/Desktop/Project/JAVA/src/20200813185000/com/gtone/dq/customer/util
[trac] [18:50:42] CP/SP    <DEBUG> CodePrismAnalyzer-    - only name : SysUtil.java
[trac] [18:50:42] CP/SP    <DEBUG> analyzeStarted.-C:/Users/S&SSLAWKS/Desktop/Project/JAVA/src/20200813185000/com/gtone/dq/customer/util/SysUtil.java
[trac] [18:50:42] CP/SP    <DEBUG> CodePrismAnalyzer-CommonData : com.gtone.cm.codeprism.CPCommonData@1e2befa
[trac] [18:50:42] CP/SP     <TRACE> -RuleVisitor Start.
[trac] [18:50:42] CP/SP     <TRACE> -RuleVisitor End.
[trac] [18:50:42] CP/SP <INFO> CodePrism- Analyzing is ended...
[trac] [18:50:42] CP/SP    <DEBUG> End Analyzer-com.gtone.codeprism.standalone.analyzer.codeprism.CodePrismAnalyzer@84ce7a
[trac] [18:50:42] CP/SP    <DEBUG> Memory-max=494.9375M, total=247.5M, free=211.76328M, used=35.736725M
[trac] [18:50:42] CP/SP    <DEBUG> CPStandAlone-START END-JOB...
[trac] [18:50:42] CP/SP     <TRACE> [CoilTransManager] write reference coil files. (0 files)
[trac] [18:50:42] CP/SP     <TRACE> [CoilTransManager] end. (time: 189 ms)
[trac] [18:50:42] CP/SP     <TRACE> EndJobTask-code mri option(l) : sasp.thread=1,product_name=beSOURCE
[trac] [18:50:42] CP/SP     <TRACE> EndJobTask-CODEMRI USER INPUT OPTION: sasp.thread=1
[trac] [18:50:42] CP/SP     <TRACE> EndJobTask-CODEMRI USER INPUT OPTION: product_name=beSOURCE
[trac] [18:50:42] CP/SP    <DEBUG> EndJobTask-sp entry point is null.
[trac] [18:50:42] CP/SP     <TRACE> CodeMriAnalyzer-target files = 30
[trac] [18:50:42] CP/SP     <TRACE> CodeMriAnalyzer-reference files = 0
[trac] [18:50:42] CP/SP <INFO> CodeMri Start
[trac] [18:50:42] CP/SP <INFO> Rule count size-49
[trac] [18:50:42] CP/SP <INFO> CodeMri User Options-[sasp.thread=1, product_name=beSOURCE]
[trac] [18:50:42] CP/SP     <TRACE> CodeMriAnalyzer-[CodeMriRunner] .init file encoding = Cp1252 : null
[trac] [18:50:42] CP/SP     <TRACE> CodeMriAnalyzer-ProcessRunThread Inter Start.
[trac] [18:50:42] CP/SP <INFO> ProcessStopper Started.-
[trac] [18:50:42] CP/SP     <TRACE> CodeMriAnalyzer-ProcessRunner start. timeout=0s : null
[trac] [18:50:42] CP/SP     <TRACE> CodeMriAnalyzer-EXEC INFO: C:/Users/S&SSLAWKS/BeyondSecurity/beSOURCE developer/beSOURCE 5.0/data/CodePrism/Analyzer/codeprism/usa/windows/codeMRI.exe.x86_64 -v C:/Users/S&SSLAWKS/Desktop/Project/JAVA/temp/_codemri.init : null
[trac] [18:50:42] CP/SP     <TRACE> CodeMriAnalyzer-proc> [info] codeMRI: Loading the configuration file: C:/Users/S&SSLAWKS/Desktop/Project/JAVA/temp/_codemri.init
[trac] [18:50:42] CP/SP     <TRACE> CodeMriAnalyzer-proc> [info] cmi: ProcessManager: Installed: [-11]
[trac] [18:50:42] CP/SP     <TRACE> CodeMriAnalyzer-proc> [info] codeMRI: CodeMRI 2.2.2
[trac] [18:50:42] CP/SP     <TRACE> CodeMriAnalyzer-proc> [info] codeMRI: RDL 3112 2.2.20190625
[trac] [18:50:42] CP/SP     <TRACE> CodeMriAnalyzer-proc> [info] codeMRI: The number of backup files: 5 (default)
[trac] [18:50:42] CP/SP     <TRACE> CodeMriAnalyzer-proc> [info] codeMRI: Making backup: C:/Users/S&SSLAWKS/Desktop/Project/JAVA/temp/_codemri.init -> C:\Users\S&SSLAWKS\Desktop\Project\JAVA\temp\.backup\_codemri.init.bak_20200813185042
[trac] [18:50:42] CP/SP     <TRACE> CodeMriAnalyzer-proc> [info] codeMRI: Making backup: C:\Users\S&SSLAWKS\BeyondSecurity\beSOURCE developer\beSOURCE 5.0\data\CodePrism\analyzer\codeprism\rdl\3112.ecp -> C:\Users\S&SSLAWKS\Desktop\Project\JAVA\temp\.backup\3112.ecp.bak_20200813185042
[trac] [18:50:42] CP/SP     <TRACE> CodeMriAnalyzer-proc> [info] codeMRI: Making backup: C:\Users\S&SSLAWKS\BeyondSecurity\beSOURCE developer\beSOURCE 5.0\data\CodePrism\analyzer\codeprism\rdl\3112.rdl -> C:\Users\S&SSLAWKS\Desktop\Project\JAVA\temp\.backup\3112.rdl.bak_20200813185042
[trac] [18:50:42] CP/SP     <TRACE> CodeMriAnalyzer-proc> [info] codeMRI: No rules for CSP analysis
[trac] [18:50:42] CP/SP     <TRACE> CodeMriAnalyzer-proc> [info] codeMRI: SASP: [31000015; 31000022; 31000078; 31000080; 31000089; 
[trac] [18:50:42] CP/SP     <TRACE> CodeMriAnalyzer-proc>                        31000090; 31000095; 31000113; 31000117; 31000134; 
[trac] [18:50:42] CP/SP     <TRACE> CodeMriAnalyzer-proc>                        31000209; 31000247; 31000256; 31000258; 31000259; 
[trac] [18:50:42] CP/SP     <TRACE> CodeMriAnalyzer-proc>                        31000260; 31000285; 31000306; 31000307; 31000312; 
[trac] [18:50:42] CP/SP     <TRACE> CodeMriAnalyzer-proc>                        31000319; 31000326; 31000327; 31000328; 31000329; 
[trac] [18:50:42] CP/SP     <TRACE> CodeMriAnalyzer-proc>                        31000359; 31000384; 31000477; 31000521; 31000564; 
[trac] [18:50:42] CP/SP     <TRACE> CodeMriAnalyzer-proc>                        31000613; 31000614; 31000615; 31000643; 31000652; 
[trac] [18:50:42] CP/SP     <TRACE> CodeMriAnalyzer-proc>                        31000676; 31000732; 31000759; 31003011; 31003034; 
[trac] [18:50:42] CP/SP     <TRACE> CodeMriAnalyzer-proc>                        31003053; 31009102; 31009103; 31009104; 31009106; 
[trac] [18:50:42] CP/SP     <TRACE> CodeMriAnalyzer-proc>                        31009307; 31009309; 31009472]
[trac] [18:50:42] CP/SP     <TRACE> CodeMriAnalyzer-proc> [info] Process: [328] C:\Users\S&SSLAWKS\BeyondSecurity\beSOURCE developer\beSOURCE 5.0\data\CodePrism\Analyzer\codeprism\usa\windows\sasp.exe.x86_64 --vnum
[trac] [18:50:42] CP/SP     <TRACE> CodeMriAnalyzer-proc> 3.2.1
[trac] [18:50:42] CP/SP     <TRACE> CodeMriAnalyzer-proc> [info] Process: [316] C:\Users\S&SSLAWKS\BeyondSecurity\beSOURCE developer\beSOURCE 5.0\data\CodePrism\Analyzer\codeprism\usa\windows\sasp.exe.x86_64 analyze -v C:/Users/S&SSLAWKS/Desktop/Project/JAVA/temp/_codemri.init --append --progress 0,50
[trac] [18:50:42] CP/SP     <TRACE> CodeMriAnalyzer-proc> [info] sasp: Loading the configuration file: C:/Users/S&SSLAWKS/Desktop/Project/JAVA/temp/_codemri.init
[trac] [18:50:42] CP/SP     <TRACE> CodeMriAnalyzer-proc> [info] sasp: PID: 212
[trac] [18:50:42] CP/SP     <TRACE> CodeMriAnalyzer-proc> [info] sasp: session.mode = save
[trac] [18:50:42] CP/SP     <TRACE> CodeMriAnalyzer-proc> [info] sasp: Working directory: C:\Users\S&SSLAWKS\Desktop\Project\JAVA\temp\.sasp
[trac] [18:50:42] CP/SP     <TRACE> CodeMriAnalyzer-proc> [info] sasp: Starting SASP analysis...
[trac] [18:50:42] CP/SP     <TRACE> CodeMriAnalyzer-proc> [info] extension: coil_transformers: 1 extensions. 0 transformers ready. 0.000000 sec.
[trac] [18:50:42] CP/SP     <TRACE> CodeMriAnalyzer-proc> [info] sasp: Loading RDL: [C:\Users\S&SSLAWKS\BeyondSecurity\beSOURCE developer\beSOURCE 5.0\data\CodePrism\analyzer\codeprism\rdl\3112.rdl]
[trac] [18:50:42] CP/SP     <TRACE> CodeMriAnalyzer-proc> [info] sasp: 223 rules are loaded.
[trac] [18:50:42] CP/SP     <TRACE> CodeMriAnalyzer-proc> [info] sasp: 2 customs are loaded.
[trac] [18:50:42] CP/SP     <TRACE> CodeMriAnalyzer-proc> [info] sasp: 0 messages are loaded.
[trac] [18:50:42] CP/SP     <TRACE> CodeMriAnalyzer-proc> [info] sasp: 46 rules are selected from RDL of 223 rules.
[trac] [18:50:42] CP/SP     <TRACE> CodeMriAnalyzer-proc> [info] extension: post_rdl: 1 extensions. 46 -> 46 rules. 2 -> 2 customs. 0.003998 sec.
[trac] [18:50:42] CP/SP     <TRACE> CodeMriAnalyzer-proc> [info] sasp: 2 custom options are loaded.
[trac] [18:50:42] CP/SP     <TRACE> CodeMriAnalyzer-proc> [info] sasp: session.mode = save
[trac] [18:50:43] CP/SP     <TRACE> CodeMriAnalyzer-proc> [info] excl: CERT-Java SER04 Serialization to Bypass SecurityManager
[trac] [18:50:43] CP/SP     <TRACE> CodeMriAnalyzer-proc> [info] sasp: Inter-procedural mode
[trac] [18:50:43] CP/SP     <TRACE> CodeMriAnalyzer-proc> [info] cmi: ProcessManager: Installed: []
[trac] [18:50:43] CP/SP     <TRACE> CodeMriAnalyzer-proc> [info] sasp: [304] C:\Users\S&SSLAWKS\BeyondSecurity\beSOURCE developer\beSOURCE 5.0\data\CodePrism\Analyzer\codeprism\usa\windows\sasp.exe.x86_64 cluster -v C:/Users/S&SSLAWKS/Desktop/Project/JAVA/temp/_codemri.init
[trac] [18:50:43] CP/SP     <TRACE> CodeMriAnalyzer-proc> [info] sasp: Loading the configuration file: C:/Users/S&SSLAWKS/Desktop/Project/JAVA/temp/_codemri.init
[trac] [18:50:43] CP/SP     <TRACE> CodeMriAnalyzer-proc> [info] sasp: session.mode = save
[trac] [18:50:43] CP/SP     <TRACE> CodeMriAnalyzer-proc> [info] sasp: Working directory: C:\Users\S&SSLAWKS\Desktop\Project\JAVA\temp\.sasp
[trac] [18:50:43] CP/SP     <TRACE> CodeMriAnalyzer-proc> [info] sasp: Loading RDL: [C:\Users\S&SSLAWKS\BeyondSecurity\beSOURCE developer\beSOURCE 5.0\data\CodePrism\analyzer\codeprism\rdl\3112.rdl]
[trac] [18:50:43] CP/SP     <TRACE> CodeMriAnalyzer-proc> [info] sasp: 223 rules are loaded.
[trac] [18:50:43] CP/SP     <TRACE> CodeMriAnalyzer-proc> [info] sasp: 2 customs are loaded.
[trac] [18:50:43] CP/SP     <TRACE> CodeMriAnalyzer-proc> [info] sasp: 0 messages are loaded.
[trac] [18:50:43] CP/SP     <TRACE> CodeMriAnalyzer-proc> [info] sasp: 46 rules are selected from RDL of 223 rules.
[trac] [18:50:43] CP/SP     <TRACE> CodeMriAnalyzer-proc> [info] extension: post_rdl: 1 extensions. 46 -> 46 rules. 2 -> 2 customs. 0.002000 sec.
[trac] [18:50:43] CP/SP     <TRACE> CodeMriAnalyzer-proc> [info] sasp: 2 custom options are loaded.
[trac] [18:50:43] CP/SP     <TRACE> CodeMriAnalyzer-proc> [info] sasp: session.mode = save
[trac] [18:50:43] CP/SP     <TRACE> CodeMriAnalyzer-proc> [info] excl: CERT-Java SER04 Serialization to Bypass SecurityManager
[trac] [18:50:43] CP/SP     <TRACE> CodeMriAnalyzer-proc> [info] cluster: Start clustering...
[trac] [18:50:43] CP/SP     <TRACE> CodeMriAnalyzer-proc> [info] extension: pre_clustering: 2 extensions. 0.000000 sec.
[trac] [18:50:43] CP/SP     <TRACE> CodeMriAnalyzer-proc> [info] cluster: Analyzing local call dependencies for 30 files (have_prev=false)...
[trac] [18:50:43] CP/SP     <TRACE> CodeMriAnalyzer-proc> [info] cluster: Local call dependency analysis in progress... (1/30)
[trac] [18:50:43] CP/SP     <TRACE> CodeMriAnalyzer-proc> [info] cluster: Local call dependency analysis in progress... (3/30)
[trac] [18:50:43] CP/SP     <TRACE> CodeMriAnalyzer-proc> [info] cluster: Local call dependency analysis in progress... (6/30)
[trac] [18:50:43] CP/SP     <TRACE> CodeMriAnalyzer-proc> [info] cluster: Local call dependency analysis in progress... (9/30)
[trac] [18:50:43] CP/SP     <TRACE> CodeMriAnalyzer-proc> [info] cluster: Local call dependency analysis in progress... (12/30)
[trac] [18:50:43] CP/SP     <TRACE> CodeMriAnalyzer-proc> [info] cluster: Local call dependency analysis in progress... (15/30)
[trac] [18:50:43] CP/SP     <TRACE> CodeMriAnalyzer-proc> [info] cluster: Local call dependency analysis in progress... (18/30)
[trac] [18:50:43] CP/SP     <TRACE> CodeMriAnalyzer-proc> [info] cluster: Local call dependency analysis in progress... (21/30)
[trac] [18:50:43] CP/SP     <TRACE> CodeMriAnalyzer-proc> [info] cluster: Local call dependency analysis in progress... (24/30)
[trac] [18:50:43] CP/SP     <TRACE> CodeMriAnalyzer-proc> [info] cluster: Local call dependency analysis in progress... (27/30)
[trac] [18:50:43] CP/SP     <TRACE> CodeMriAnalyzer-proc> [info] cluster: Local call dependency analysis in progress... (30/30)
[trac] [18:50:43] CP/SP     <TRACE> CodeMriAnalyzer-proc> [info] cluster: Targets: changed 0 / unchanged 0 / cached 0 / new 30 / skipped 0 / failed 0 / total 30
[trac] [18:50:43] CP/SP     <TRACE> CodeMriAnalyzer-proc> [info] cluster: References: changed 0 / unchanged 0 / cached 0 / new 0 / skipped 0 / failed 0 / total 0
[trac] [18:50:43] CP/SP     <TRACE> CodeMriAnalyzer-proc> [info] cluster: Disappeared methods: 0
[trac] [18:50:43] CP/SP     <TRACE> CodeMriAnalyzer-proc> [info] cluster: Modified: true
[trac] [18:50:43] CP/SP     <TRACE> CodeMriAnalyzer-proc> [info] extension: post_calldep: 1 extensions. 0 new calls. 0.003999 sec.
[trac] [18:50:43] CP/SP     <TRACE> CodeMriAnalyzer-proc> [info] cluster: calldep file saved: C:\Users\S&SSLAWKS\Desktop\Project\JAVA\temp\.sasp\sasp.cdmf
[trac] [18:50:43] CP/SP     <TRACE> CodeMriAnalyzer-proc> [info] cluster: callers: 197, callees: 47, get/setters: 0, top_callers: 165
[trac] [18:50:43] CP/SP     <TRACE> CodeMriAnalyzer-proc> [info] cluster: making clusters: 0.000000(s)
[trac] [18:50:43] CP/SP     <TRACE> CodeMriAnalyzer-proc> [info] cluster: clusmap saved
[trac] [18:50:43] CP/SP     <TRACE> CodeMriAnalyzer-proc> [info] cluster: clusmap: 452, filetbl: 251
[trac] [18:50:43] CP/SP     <TRACE> CodeMriAnalyzer-proc> [info] sasp: Loading RDL: [C:\Users\S&SSLAWKS\BeyondSecurity\beSOURCE developer\beSOURCE 5.0\data\CodePrism\analyzer\codeprism\rdl\3112.rdl]
[trac] [18:50:43] CP/SP     <TRACE> CodeMriAnalyzer-proc> [info] sasp: 223 rules are loaded.
[trac] [18:50:43] CP/SP     <TRACE> CodeMriAnalyzer-proc> [info] sasp: 2 customs are loaded.
[trac] [18:50:43] CP/SP     <TRACE> CodeMriAnalyzer-proc> [info] sasp: 0 messages are loaded.
[trac] [18:50:43] CP/SP     <TRACE> CodeMriAnalyzer-proc> [info] sasp: 46 rules are selected from RDL of 223 rules.
[trac] [18:50:43] CP/SP     <TRACE> CodeMriAnalyzer-proc> [info] extension: post_rdl: 1 extensions. 46 -> 46 rules. 2 -> 2 customs. 0.004998 sec.
[trac] [18:50:43] CP/SP     <TRACE> CodeMriAnalyzer-proc> [info] sasp: 2 custom options are loaded.
[trac] [18:50:43] CP/SP     <TRACE> CodeMriAnalyzer-proc> [info] sasp: session.mode = save
[trac] [18:50:43] CP/SP     <TRACE> CodeMriAnalyzer-proc> [info] excl: CERT-Java SER04 Serialization to Bypass SecurityManager
[trac] [18:50:43] CP/SP     <TRACE> CodeMriAnalyzer-proc> [info] cluster: Target methods: 251
[trac] [18:50:43] CP/SP     <TRACE> CodeMriAnalyzer-proc> [info] cluster: Methods defined in header: 0
[trac] [18:50:43] CP/SP     <TRACE> CodeMriAnalyzer-proc> [info] cluster: Private methods: 4
[trac] [18:50:43] CP/SP     <TRACE> CodeMriAnalyzer-proc> [info] cluster: Guessed entries: 247
[trac] [18:50:43] CP/SP     <TRACE> CodeMriAnalyzer-proc> [info] cluster: Starting methods: 247
[trac] [18:50:43] CP/SP     <TRACE> CodeMriAnalyzer-proc> [info] cluster: 1 duplicated clusters
[trac] [18:50:43] CP/SP     <TRACE> CodeMriAnalyzer-proc> [info] cluster: finish clustering...: regulars - 164, residuals - 27
[trac] [18:50:43] CP/SP     <TRACE> CodeMriAnalyzer-proc> [info] sasp: clustering time : 0.28(s)
[trac] [18:50:43] CP/SP     <TRACE> CodeMriAnalyzer-proc> [info] sasp: clustering time: 0.551682(s)
[trac] [18:50:43] CP/SP     <TRACE> CodeMriAnalyzer-proc> [info] sasp: 1 cluster files are found.
[trac] [18:50:43] CP/SP     <TRACE> CodeMriAnalyzer-proc> [info] sasp: 191 cluster are found.
[trac] [18:50:43] CP/SP     <TRACE> CodeMriAnalyzer-proc> [info] sasp: Analyzing 191 clusters using 1 processes...
[trac] [18:50:43] CP/SP     <TRACE> CodeMriAnalyzer-proc> [info] Progress: 0 %
[trac] [18:50:43] CP/SP     <TRACE> CodeMriAnalyzer-proc> [info] sasp: [368] C:\Users\S&SSLAWKS\BeyondSecurity\beSOURCE developer\beSOURCE 5.0\data\CodePrism\Analyzer\codeprism\usa\windows\sasp.exe.x86_64 worker --id 1 --tag #1/1 -I temp\_codemri.init
[warn] CP/SP     <TRACE> CodeMriAnalyzer-proc> [warning] sasp: 00000001: TRACE: failed to get message: [java.lang./^Throwable$\|^Exception$/.printStackTrace(...)] in FILE<NOT @reference> % 31000209.stack_trace()
[trac] [18:50:43] CP/SP     <TRACE> CodeMriAnalyzer-proc> [warning] sasp: 00000001: TRACE: failed to get message: [java.lang./^Throwable$\|^Exception$/.printStackTrace(...)] in FILE<NOT @reference> % 31000209.stack_trace()
[warn] CP/SP     <TRACE> CodeMriAnalyzer-proc> [warning] sasp: 00000001: TRACE: undefined message
[trac] [18:50:43] CP/SP     <TRACE> CodeMriAnalyzer-proc> [warning] sasp: 00000001: TRACE: undefined message
[warn] CP/SP     <TRACE> CodeMriAnalyzer-proc> [warning] sasp: 00000001: TRACE: failed to get message: [java.lang./^Throwable$\|^Exception$/.printStackTrace(...)] in FILE<NOT @reference> % 31000209.stack_trace()
[trac] [18:50:43] CP/SP     <TRACE> CodeMriAnalyzer-proc> [warning] sasp: 00000001: TRACE: failed to get message: [java.lang./^Throwable$\|^Exception$/.printStackTrace(...)] in FILE<NOT @reference> % 31000209.stack_trace()
[warn] CP/SP     <TRACE> CodeMriAnalyzer-proc> [warning] sasp: 00000001: TRACE: undefined message
[trac] [18:50:43] CP/SP     <TRACE> CodeMriAnalyzer-proc> [warning] sasp: 00000001: TRACE: undefined message
[warn] CP/SP     <TRACE> CodeMriAnalyzer-proc> [warning] sasp: 00000001: TRACE: failed to get message: [java.lang./^Throwable$\|^Exception$/.printStackTrace(...)] in FILE<NOT @reference> % 31000209.stack_trace()
[trac] [18:50:44] CP/SP     <TRACE> CodeMriAnalyzer-proc> [warning] sasp: 00000001: TRACE: failed to get message: [java.lang./^Throwable$\|^Exception$/.printStackTrace(...)] in FILE<NOT @reference> % 31000209.stack_trace()
[warn] CP/SP     <TRACE> CodeMriAnalyzer-proc> [warning] sasp: 00000001: TRACE: undefined message
[trac] [18:50:44] CP/SP     <TRACE> CodeMriAnalyzer-proc> [warning] sasp: 00000001: TRACE: undefined message
[warn] CP/SP     <TRACE> CodeMriAnalyzer-proc> [warning] sasp: 00000001: TRACE: failed to get message: [java.lang./^Throwable$\|^Exception$/.printStackTrace(...)] in FILE<NOT @reference> % 31000209.stack_trace()
[trac] [18:50:44] CP/SP     <TRACE> CodeMriAnalyzer-proc> [warning] sasp: 00000001: TRACE: failed to get message: [java.lang./^Throwable$\|^Exception$/.printStackTrace(...)] in FILE<NOT @reference> % 31000209.stack_trace()
[warn] CP/SP     <TRACE> CodeMriAnalyzer-proc> [warning] sasp: 00000001: TRACE: undefined message
[trac] [18:50:44] CP/SP     <TRACE> CodeMriAnalyzer-proc> [warning] sasp: 00000001: TRACE: undefined message
[warn] CP/SP     <TRACE> CodeMriAnalyzer-proc> [warning] sasp: 00000001: TRACE: failed to get message: [$1<LIT {{^\(^\(.*\)$\)$}}, NOT LIT "", OR[STRING, ARRAY]>] % 31000259.source_constant($1)
[trac] [18:50:44] CP/SP     <TRACE> CodeMriAnalyzer-proc> [warning] sasp: 00000001: TRACE: failed to get message: [$1<LIT {{^\(^\(.*\)$\)$}}, NOT LIT "", OR[STRING, ARRAY]>] % 31000259.source_constant($1)
[warn] CP/SP     <TRACE> CodeMriAnalyzer-proc> [warning] sasp: 00000001: TRACE: undefined message
[trac] [18:50:44] CP/SP     <TRACE> CodeMriAnalyzer-proc> [warning] sasp: 00000001: TRACE: undefined message
[warn] CP/SP     <TRACE> CodeMriAnalyzer-proc> [warning] sasp: 00000001: TRACE: failed to get message: [java.sql.DriverManager.getConnection($$, $$, $1)] in FILE<NOT @reference> % 31000259.sink_constant($1)
[trac] [18:50:44] CP/SP     <TRACE> CodeMriAnalyzer-proc> [warning] sasp: 00000001: TRACE: failed to get message: [java.sql.DriverManager.getConnection($$, $$, $1)] in FILE<NOT @reference> % 31000259.sink_constant($1)
[warn] CP/SP     <TRACE> CodeMriAnalyzer-proc> [warning] sasp: 00000001: TRACE: undefined message
[trac] [18:50:44] CP/SP     <TRACE> CodeMriAnalyzer-proc> [warning] sasp: 00000001: TRACE: undefined message
[warn] CP/SP     <TRACE> CodeMriAnalyzer-proc> [warning] sasp: 00000002: TRACE: failed to get message: [java.lang./^Throwable$\|^Exception$/.printStackTrace(...)] in FILE<NOT @reference> % 31000209.stack_trace()
[trac] [18:50:44] CP/SP     <TRACE> CodeMriAnalyzer-proc> [warning] sasp: 00000002: TRACE: failed to get message: [java.lang./^Throwable$\|^Exception$/.printStackTrace(...)] in FILE<NOT @reference> % 31000209.stack_trace()
[warn] CP/SP     <TRACE> CodeMriAnalyzer-proc> [warning] sasp: 00000002: TRACE: undefined message
[trac] [18:50:44] CP/SP     <TRACE> CodeMriAnalyzer-proc> [warning] sasp: 00000002: TRACE: undefined message
[warn] CP/SP     <TRACE> CodeMriAnalyzer-proc> [warning] sasp: 00000002: TRACE: failed to get message: [java.lang./^Throwable$\|^Exception$/.printStackTrace(...)] in FILE<NOT @reference> % 31000209.stack_trace()
[trac] [18:50:44] CP/SP     <TRACE> CodeMriAnalyzer-proc> [warning] sasp: 00000002: TRACE: failed to get message: [java.lang./^Throwable$\|^Exception$/.printStackTrace(...)] in FILE<NOT @reference> % 31000209.stack_trace()
[warn] CP/SP     <TRACE> CodeMriAnalyzer-proc> [warning] sasp: 00000002: TRACE: undefined message
[trac] [18:50:44] CP/SP     <TRACE> CodeMriAnalyzer-proc> [warning] sasp: 00000002: TRACE: undefined message
[warn] CP/SP     <TRACE> CodeMriAnalyzer-proc> [warning] sasp: 00000002: TRACE: failed to get message: [java.lang./^Throwable$\|^Exception$/.printStackTrace(...)] in FILE<NOT @reference> % 31000209.stack_trace()
[trac] [18:50:44] CP/SP     <TRACE> CodeMriAnalyzer-proc> [warning] sasp: 00000002: TRACE: failed to get message: [java.lang./^Throwable$\|^Exception$/.printStackTrace(...)] in FILE<NOT @reference> % 31000209.stack_trace()
[warn] CP/SP     <TRACE> CodeMriAnalyzer-proc> [warning] sasp: 00000002: TRACE: undefined message
[trac] [18:50:44] CP/SP     <TRACE> CodeMriAnalyzer-proc> [warning] sasp: 00000002: TRACE: undefined message
[warn] CP/SP     <TRACE> CodeMriAnalyzer-proc> [warning] sasp: 00000002: TRACE: failed to get message: [java.lang./^Throwable$\|^Exception$/.printStackTrace(...)] in FILE<NOT @reference> % 31000209.stack_trace()
[trac] [18:50:44] CP/SP     <TRACE> CodeMriAnalyzer-proc> [warning] sasp: 00000002: TRACE: failed to get message: [java.lang./^Throwable$\|^Exception$/.printStackTrace(...)] in FILE<NOT @reference> % 31000209.stack_trace()
[warn] CP/SP     <TRACE> CodeMriAnalyzer-proc> [warning] sasp: 00000002: TRACE: undefined message
[trac] [18:50:44] CP/SP     <TRACE> CodeMriAnalyzer-proc> [warning] sasp: 00000002: TRACE: undefined message
[warn] CP/SP     <TRACE> CodeMriAnalyzer-proc> [warning] sasp: 00000002: TRACE: failed to get message: [$1<LIT {{^\(^\(.*\)$\)$}}, NOT LIT "", OR[STRING, ARRAY]>] % 31000259.source_constant($1)
[trac] [18:50:44] CP/SP     <TRACE> CodeMriAnalyzer-proc> [warning] sasp: 00000002: TRACE: failed to get message: [$1<LIT {{^\(^\(.*\)$\)$}}, NOT LIT "", OR[STRING, ARRAY]>] % 31000259.source_constant($1)
[warn] CP/SP     <TRACE> CodeMriAnalyzer-proc> [warning] sasp: 00000002: TRACE: undefined message
[trac] [18:50:44] CP/SP     <TRACE> CodeMriAnalyzer-proc> [warning] sasp: 00000002: TRACE: undefined message
[warn] CP/SP     <TRACE> CodeMriAnalyzer-proc> [warning] sasp: 00000002: TRACE: failed to get message: [java.sql.DriverManager.getConnection($$, $$, $1)] in FILE<NOT @reference> % 31000259.sink_constant($1)
[trac] [18:50:44] CP/SP     <TRACE> CodeMriAnalyzer-proc> [warning] sasp: 00000002: TRACE: failed to get message: [java.sql.DriverManager.getConnection($$, $$, $1)] in FILE<NOT @reference> % 31000259.sink_constant($1)
[warn] CP/SP     <TRACE> CodeMriAnalyzer-proc> [warning] sasp: 00000002: TRACE: undefined message
[trac] [18:50:44] CP/SP     <TRACE> CodeMriAnalyzer-proc> [warning] sasp: 00000002: TRACE: undefined message
[warn] CP/SP     <TRACE> CodeMriAnalyzer-proc> [warning] sasp: 00000003: TRACE: failed to get message: [java.lang./^Throwable$\|^Exception$/.printStackTrace(...)] in FILE<NOT @reference> % 31000209.stack_trace()
[trac] [18:50:44] CP/SP     <TRACE> CodeMriAnalyzer-proc> [warning] sasp: 00000003: TRACE: failed to get message: [java.lang./^Throwable$\|^Exception$/.printStackTrace(...)] in FILE<NOT @reference> % 31000209.stack_trace()
[warn] CP/SP     <TRACE> CodeMriAnalyzer-proc> [warning] sasp: 00000003: TRACE: undefined message
[trac] [18:50:44] CP/SP     <TRACE> CodeMriAnalyzer-proc> [warning] sasp: 00000003: TRACE: undefined message
[warn] CP/SP     <TRACE> CodeMriAnalyzer-proc> [warning] sasp: 00000003: TRACE: failed to get message: [java.lang./^Throwable$\|^Exception$/.printStackTrace(...)] in FILE<NOT @reference> % 31000209.stack_trace()
[trac] [18:50:44] CP/SP     <TRACE> CodeMriAnalyzer-proc> [warning] sasp: 00000003: TRACE: failed to get message: [java.lang./^Throwable$\|^Exception$/.printStackTrace(...)] in FILE<NOT @reference> % 31000209.stack_trace()
[warn] CP/SP     <TRACE> CodeMriAnalyzer-proc> [warning] sasp: 00000003: TRACE: undefined message
[trac] [18:50:44] CP/SP     <TRACE> CodeMriAnalyzer-proc> [warning] sasp: 00000003: TRACE: undefined message
[warn] CP/SP     <TRACE> CodeMriAnalyzer-proc> [warning] sasp: 00000003: TRACE: failed to get message: [java.lang./^Throwable$\|^Exception$/.printStackTrace(...)] in FILE<NOT @reference> % 31000209.stack_trace()
[trac] [18:50:44] CP/SP     <TRACE> CodeMriAnalyzer-proc> [warning] sasp: 00000003: TRACE: failed to get message: [java.lang./^Throwable$\|^Exception$/.printStackTrace(...)] in FILE<NOT @reference> % 31000209.stack_trace()
[warn] CP/SP     <TRACE> CodeMriAnalyzer-proc> [warning] sasp: 00000003: TRACE: undefined message
[trac] [18:50:44] CP/SP     <TRACE> CodeMriAnalyzer-proc> [warning] sasp: 00000003: TRACE: undefined message
[warn] CP/SP     <TRACE> CodeMriAnalyzer-proc> [warning] sasp: 00000003: TRACE: failed to get message: [java.lang./^Throwable$\|^Exception$/.printStackTrace(...)] in FILE<NOT @reference> % 31000209.stack_trace()
[trac] [18:50:44] CP/SP     <TRACE> CodeMriAnalyzer-proc> [warning] sasp: 00000003: TRACE: failed to get message: [java.lang./^Throwable$\|^Exception$/.printStackTrace(...)] in FILE<NOT @reference> % 31000209.stack_trace()
[warn] CP/SP     <TRACE> CodeMriAnalyzer-proc> [warning] sasp: 00000003: TRACE: undefined message
[trac] [18:50:44] CP/SP     <TRACE> CodeMriAnalyzer-proc> [warning] sasp: 00000003: TRACE: undefined message
[warn] CP/SP     <TRACE> CodeMriAnalyzer-proc> [warning] sasp: 00000003: TRACE: failed to get message: [$1<LIT {{^\(^\(.*\)$\)$}}, NOT LIT "", OR[STRING, ARRAY]>] % 31000259.source_constant($1)
[trac] [18:50:44] CP/SP     <TRACE> CodeMriAnalyzer-proc> [warning] sasp: 00000003: TRACE: failed to get message: [$1<LIT {{^\(^\(.*\)$\)$}}, NOT LIT "", OR[STRING, ARRAY]>] % 31000259.source_constant($1)
[warn] CP/SP     <TRACE> CodeMriAnalyzer-proc> [warning] sasp: 00000003: TRACE: undefined message
[trac] [18:50:44] CP/SP     <TRACE> CodeMriAnalyzer-proc> [warning] sasp: 00000003: TRACE: undefined message
[warn] CP/SP     <TRACE> CodeMriAnalyzer-proc> [warning] sasp: 00000003: TRACE: failed to get message: [java.sql.DriverManager.getConnection($$, $$, $1)] in FILE<NOT @reference> % 31000259.sink_constant($1)
[trac] [18:50:44] CP/SP     <TRACE> CodeMriAnalyzer-proc> [warning] sasp: 00000003: TRACE: failed to get message: [java.sql.DriverManager.getConnection($$, $$, $1)] in FILE<NOT @reference> % 31000259.sink_constant($1)
[warn] CP/SP     <TRACE> CodeMriAnalyzer-proc> [warning] sasp: 00000003: TRACE: undefined message
[trac] [18:50:44] CP/SP     <TRACE> CodeMriAnalyzer-proc> [warning] sasp: 00000003: TRACE: undefined message
#40,100
[trac] [18:50:44] CP/SP     <TRACE> CodeMriAnalyzer-proc> [info] Progress: 1 %
[warn] CP/SP     <TRACE> CodeMriAnalyzer-proc> [warning] sasp: 00000004: TRACE: failed to get message: [java.lang./^Throwable$\|^Exception$/.printStackTrace(...)] in FILE<NOT @reference> % 31000209.stack_trace()
[trac] [18:50:44] CP/SP     <TRACE> CodeMriAnalyzer-proc> [warning] sasp: 00000004: TRACE: failed to get message: [java.lang./^Throwable$\|^Exception$/.printStackTrace(...)] in FILE<NOT @reference> % 31000209.stack_trace()
[warn] CP/SP     <TRACE> CodeMriAnalyzer-proc> [warning] sasp: 00000004: TRACE: undefined message
[trac] [18:50:44] CP/SP     <TRACE> CodeMriAnalyzer-proc> [warning] sasp: 00000004: TRACE: undefined message
[warn] CP/SP     <TRACE> CodeMriAnalyzer-proc> [warning] sasp: 00000004: TRACE: failed to get message: [java.lang./^Throwable$\|^Exception$/.printStackTrace(...)] in FILE<NOT @reference> % 31000209.stack_trace()
[trac] [18:50:44] CP/SP     <TRACE> CodeMriAnalyzer-proc> [warning] sasp: 00000004: TRACE: failed to get message: [java.lang./^Throwable$\|^Exception$/.printStackTrace(...)] in FILE<NOT @reference> % 31000209.stack_trace()
[warn] CP/SP     <TRACE> CodeMriAnalyzer-proc> [warning] sasp: 00000004: TRACE: undefined message
[trac] [18:50:44] CP/SP     <TRACE> CodeMriAnalyzer-proc> [warning] sasp: 00000004: TRACE: undefined message
[warn] CP/SP     <TRACE> CodeMriAnalyzer-proc> [warning] sasp: 00000004: TRACE: failed to get message: [java.lang./^Throwable$\|^Exception$/.printStackTrace(...)] in FILE<NOT @reference> % 31000209.stack_trace()
[trac] [18:50:44] CP/SP     <TRACE> CodeMriAnalyzer-proc> [warning] sasp: 00000004: TRACE: failed to get message: [java.lang./^Throwable$\|^Exception$/.printStackTrace(...)] in FILE<NOT @reference> % 31000209.stack_trace()
[warn] CP/SP     <TRACE> CodeMriAnalyzer-proc> [warning] sasp: 00000004: TRACE: undefined message
[trac] [18:50:44] CP/SP     <TRACE> CodeMriAnalyzer-proc> [warning] sasp: 00000004: TRACE: undefined message
[warn] CP/SP     <TRACE> CodeMriAnalyzer-proc> [warning] sasp: 00000004: TRACE: failed to get message: [java.lang./^Throwable$\|^Exception$/.printStackTrace(...)] in FILE<NOT @reference> % 31000209.stack_trace()
[trac] [18:50:44] CP/SP     <TRACE> CodeMriAnalyzer-proc> [warning] sasp: 00000004: TRACE: failed to get message: [java.lang./^Throwable$\|^Exception$/.printStackTrace(...)] in FILE<NOT @reference> % 31000209.stack_trace()
[warn] CP/SP     <TRACE> CodeMriAnalyzer-proc> [warning] sasp: 00000004: TRACE: undefined message
[trac] [18:50:44] CP/SP     <TRACE> CodeMriAnalyzer-proc> [warning] sasp: 00000004: TRACE: undefined message
[warn] CP/SP     <TRACE> CodeMriAnalyzer-proc> [warning] sasp: 00000004: TRACE: failed to get message: [$1<LIT {{^\(^\(.*\)$\)$}}, NOT LIT "", OR[STRING, ARRAY]>] % 31000259.source_constant($1)
[trac] [18:50:44] CP/SP     <TRACE> CodeMriAnalyzer-proc> [warning] sasp: 00000004: TRACE: failed to get message: [$1<LIT {{^\(^\(.*\)$\)$}}, NOT LIT "", OR[STRING, ARRAY]>] % 31000259.source_constant($1)
[warn] CP/SP     <TRACE> CodeMriAnalyzer-proc> [warning] sasp: 00000004: TRACE: undefined message
[trac] [18:50:44] CP/SP     <TRACE> CodeMriAnalyzer-proc> [warning] sasp: 00000004: TRACE: undefined message
[warn] CP/SP     <TRACE> CodeMriAnalyzer-proc> [warning] sasp: 00000004: TRACE: failed to get message: [java.sql.DriverManager.getConnection($$, $$, $1)] in FILE<NOT @reference> % 31000259.sink_constant($1)
[trac] [18:50:44] CP/SP     <TRACE> CodeMriAnalyzer-proc> [warning] sasp: 00000004: TRACE: failed to get message: [java.sql.DriverManager.getConnection($$, $$, $1)] in FILE<NOT @reference> % 31000259.sink_constant($1)
[warn] CP/SP     <TRACE> CodeMriAnalyzer-proc> [warning] sasp: 00000004: TRACE: undefined message
[trac] [18:50:44] CP/SP     <TRACE> CodeMriAnalyzer-proc> [warning] sasp: 00000004: TRACE: undefined message
[warn] CP/SP     <TRACE> CodeMriAnalyzer-proc> [warning] sasp: 00000005: TRACE: failed to get message: [java.lang./^Throwable$\|^Exception$/.printStackTrace(...)] in FILE<NOT @reference> % 31000209.stack_trace()
[trac] [18:50:44] CP/SP     <TRACE> CodeMriAnalyzer-proc> [warning] sasp: 00000005: TRACE: failed to get message: [java.lang./^Throwable$\|^Exception$/.printStackTrace(...)] in FILE<NOT @reference> % 31000209.stack_trace()
[warn] CP/SP     <TRACE> CodeMriAnalyzer-proc> [warning] sasp: 00000005: TRACE: undefined message
[trac] [18:50:44] CP/SP     <TRACE> CodeMriAnalyzer-proc> [warning] sasp: 00000005: TRACE: undefined message
[warn] CP/SP     <TRACE> CodeMriAnalyzer-proc> [warning] sasp: 00000005: TRACE: failed to get message: [java.lang./^Throwable$\|^Exception$/.printStackTrace(...)] in FILE<NOT @reference> % 31000209.stack_trace()
[trac] [18:50:44] CP/SP     <TRACE> CodeMriAnalyzer-proc> [warning] sasp: 00000005: TRACE: failed to get message: [java.lang./^Throwable$\|^Exception$/.printStackTrace(...)] in FILE<NOT @reference> % 31000209.stack_trace()
[warn] CP/SP     <TRACE> CodeMriAnalyzer-proc> [warning] sasp: 00000005: TRACE: undefined message
[trac] [18:50:44] CP/SP     <TRACE> CodeMriAnalyzer-proc> [warning] sasp: 00000005: TRACE: undefined message
[warn] CP/SP     <TRACE> CodeMriAnalyzer-proc> [warning] sasp: 00000005: TRACE: failed to get message: [java.lang./^Throwable$\|^Exception$/.printStackTrace(...)] in FILE<NOT @reference> % 31000209.stack_trace()
[trac] [18:50:44] CP/SP     <TRACE> CodeMriAnalyzer-proc> [warning] sasp: 00000005: TRACE: failed to get message: [java.lang./^Throwable$\|^Exception$/.printStackTrace(...)] in FILE<NOT @reference> % 31000209.stack_trace()
[warn] CP/SP     <TRACE> CodeMriAnalyzer-proc> [warning] sasp: 00000005: TRACE: undefined message
[trac] [18:50:44] CP/SP     <TRACE> CodeMriAnalyzer-proc> [warning] sasp: 00000005: TRACE: undefined message
[warn] CP/SP     <TRACE> CodeMriAnalyzer-proc> [warning] sasp: 00000005: TRACE: failed to get message: [java.lang./^Throwable$\|^Exception$/.printStackTrace(...)] in FILE<NOT @reference> % 31000209.stack_trace()
[trac] [18:50:44] CP/SP     <TRACE> CodeMriAnalyzer-proc> [warning] sasp: 00000005: TRACE: failed to get message: [java.lang./^Throwable$\|^Exception$/.printStackTrace(...)] in FILE<NOT @reference> % 31000209.stack_trace()
[warn] CP/SP     <TRACE> CodeMriAnalyzer-proc> [warning] sasp: 00000005: TRACE: undefined message
[trac] [18:50:44] CP/SP     <TRACE> CodeMriAnalyzer-proc> [warning] sasp: 00000005: TRACE: undefined message
[warn] CP/SP     <TRACE> CodeMriAnalyzer-proc> [warning] sasp: 00000005: TRACE: failed to get message: [$1<LIT {{^\(^\(.*\)$\)$}}, NOT LIT "", OR[STRING, ARRAY]>] % 31000259.source_constant($1)
[trac] [18:50:44] CP/SP     <TRACE> CodeMriAnalyzer-proc> [warning] sasp: 00000005: TRACE: failed to get message: [$1<LIT {{^\(^\(.*\)$\)$}}, NOT LIT "", OR[STRING, ARRAY]>] % 31000259.source_constant($1)
[warn] CP/SP     <TRACE> CodeMriAnalyzer-proc> [warning] sasp: 00000005: TRACE: undefined message
[trac] [18:50:44] CP/SP     <TRACE> CodeMriAnalyzer-proc> [warning] sasp: 00000005: TRACE: undefined message
[warn] CP/SP     <TRACE> CodeMriAnalyzer-proc> [warning] sasp: 00000005: TRACE: failed to get message: [java.sql.DriverManager.getConnection($$, $$, $1)] in FILE<NOT @reference> % 31000259.sink_constant($1)
[trac] [18:50:44] CP/SP     <TRACE> CodeMriAnalyzer-proc> [warning] sasp: 00000005: TRACE: failed to get message: [java.sql.DriverManager.getConnection($$, $$, $1)] in FILE<NOT @reference> % 31000259.sink_constant($1)
[warn] CP/SP     <TRACE> CodeMriAnalyzer-proc> [warning] sasp: 00000005: TRACE: undefined message
[trac] [18:50:44] CP/SP     <TRACE> CodeMriAnalyzer-proc> [warning] sasp: 00000005: TRACE: undefined message
[warn] CP/SP     <TRACE> CodeMriAnalyzer-proc> [warning] sasp: 00000006: TRACE: failed to get message: [java.lang./^Throwable$\|^Exception$/.printStackTrace(...)] in FILE<NOT @reference> % 31000209.stack_trace()
[trac] [18:50:44] CP/SP     <TRACE> CodeMriAnalyzer-proc> [warning] sasp: 00000006: TRACE: failed to get message: [java.lang./^Throwable$\|^Exception$/.printStackTrace(...)] in FILE<NOT @reference> % 31000209.stack_trace()
[warn] CP/SP     <TRACE> CodeMriAnalyzer-proc> [warning] sasp: 00000006: TRACE: undefined message
[trac] [18:50:44] CP/SP     <TRACE> CodeMriAnalyzer-proc> [warning] sasp: 00000006: TRACE: undefined message
[warn] CP/SP     <TRACE> CodeMriAnalyzer-proc> [warning] sasp: 00000006: TRACE: failed to get message: [java.lang./^Throwable$\|^Exception$/.printStackTrace(...)] in FILE<NOT @reference> % 31000209.stack_trace()
[trac] [18:50:44] CP/SP     <TRACE> CodeMriAnalyzer-proc> [warning] sasp: 00000006: TRACE: failed to get message: [java.lang./^Throwable$\|^Exception$/.printStackTrace(...)] in FILE<NOT @reference> % 31000209.stack_trace()
[warn] CP/SP     <TRACE> CodeMriAnalyzer-proc> [warning] sasp: 00000006: TRACE: undefined message
[trac] [18:50:44] CP/SP     <TRACE> CodeMriAnalyzer-proc> [warning] sasp: 00000006: TRACE: undefined message
[warn] CP/SP     <TRACE> CodeMriAnalyzer-proc> [warning] sasp: 00000006: TRACE: failed to get message: [java.lang./^Throwable$\|^Exception$/.printStackTrace(...)] in FILE<NOT @reference> % 31000209.stack_trace()
[trac] [18:50:44] CP/SP     <TRACE> CodeMriAnalyzer-proc> [warning] sasp: 00000006: TRACE: failed to get message: [java.lang./^Throwable$\|^Exception$/.printStackTrace(...)] in FILE<NOT @reference> % 31000209.stack_trace()
[warn] CP/SP     <TRACE> CodeMriAnalyzer-proc> [warning] sasp: 00000006: TRACE: undefined message
[trac] [18:50:44] CP/SP     <TRACE> CodeMriAnalyzer-proc> [warning] sasp: 00000006: TRACE: undefined message
[warn] CP/SP     <TRACE> CodeMriAnalyzer-proc> [warning] sasp: 00000006: TRACE: failed to get message: [java.lang./^Throwable$\|^Exception$/.printStackTrace(...)] in FILE<NOT @reference> % 31000209.stack_trace()
[trac] [18:50:44] CP/SP     <TRACE> CodeMriAnalyzer-proc> [warning] sasp: 00000006: TRACE: failed to get message: [java.lang./^Throwable$\|^Exception$/.printStackTrace(...)] in FILE<NOT @reference> % 31000209.stack_trace()
[warn] CP/SP     <TRACE> CodeMriAnalyzer-proc> [warning] sasp: 00000006: TRACE: undefined message
[trac] [18:50:44] CP/SP     <TRACE> CodeMriAnalyzer-proc> [warning] sasp: 00000006: TRACE: undefined message
[warn] CP/SP     <TRACE> CodeMriAnalyzer-proc> [warning] sasp: 00000006: TRACE: failed to get message: [$1<LIT {{^\(^\(.*\)$\)$}}, NOT LIT "", OR[STRING, ARRAY]>] % 31000259.source_constant($1)
[trac] [18:50:44] CP/SP     <TRACE> CodeMriAnalyzer-proc> [warning] sasp: 00000006: TRACE: failed to get message: [$1<LIT {{^\(^\(.*\)$\)$}}, NOT LIT "", OR[STRING, ARRAY]>] % 31000259.source_constant($1)
[warn] CP/SP     <TRACE> CodeMriAnalyzer-proc> [warning] sasp: 00000006: TRACE: undefined message
[trac] [18:50:44] CP/SP     <TRACE> CodeMriAnalyzer-proc> [warning] sasp: 00000006: TRACE: undefined message
[warn] CP/SP     <TRACE> CodeMriAnalyzer-proc> [warning] sasp: 00000006: TRACE: failed to get message: [java.sql.DriverManager.getConnection($$, $$, $1)] in FILE<NOT @reference> % 31000259.sink_constant($1)
[trac] [18:50:44] CP/SP     <TRACE> CodeMriAnalyzer-proc> [warning] sasp: 00000006: TRACE: failed to get message: [java.sql.DriverManager.getConnection($$, $$, $1)] in FILE<NOT @reference> % 31000259.sink_constant($1)
[warn] CP/SP     <TRACE> CodeMriAnalyzer-proc> [warning] sasp: 00000006: TRACE: undefined message
[trac] [18:50:44] CP/SP     <TRACE> CodeMriAnalyzer-proc> [warning] sasp: 00000006: TRACE: undefined message
[warn] CP/SP     <TRACE> CodeMriAnalyzer-proc> [warning] sasp: 00000007: TRACE: failed to get message: [java.lang./^Throwable$\|^Exception$/.printStackTrace(...)] in FILE<NOT @reference> % 31000209.stack_trace()
[trac] [18:50:44] CP/SP     <TRACE> CodeMriAnalyzer-proc> [warning] sasp: 00000007: TRACE: failed to get message: [java.lang./^Throwable$\|^Exception$/.printStackTrace(...)] in FILE<NOT @reference> % 31000209.stack_trace()
[warn] CP/SP     <TRACE> CodeMriAnalyzer-proc> [warning] sasp: 00000007: TRACE: undefined message
[trac] [18:50:44] CP/SP     <TRACE> CodeMriAnalyzer-proc> [warning] sasp: 00000007: TRACE: undefined message
[warn] CP/SP     <TRACE> CodeMriAnalyzer-proc> [warning] sasp: 00000007: TRACE: failed to get message: [java.lang./^Throwable$\|^Exception$/.printStackTrace(...)] in FILE<NOT @reference> % 31000209.stack_trace()
[trac] [18:50:44] CP/SP     <TRACE> CodeMriAnalyzer-proc> [warning] sasp: 00000007: TRACE: failed to get message: [java.lang./^Throwable$\|^Exception$/.printStackTrace(...)] in FILE<NOT @reference> % 31000209.stack_trace()
[warn] CP/SP     <TRACE> CodeMriAnalyzer-proc> [warning] sasp: 00000007: TRACE: undefined message
[trac] [18:50:44] CP/SP     <TRACE> CodeMriAnalyzer-proc> [warning] sasp: 00000007: TRACE: undefined message
[warn] CP/SP     <TRACE> CodeMriAnalyzer-proc> [warning] sasp: 00000007: TRACE: failed to get message: [java.lang./^Throwable$\|^Exception$/.printStackTrace(...)] in FILE<NOT @reference> % 31000209.stack_trace()
[trac] [18:50:44] CP/SP     <TRACE> CodeMriAnalyzer-proc> [warning] sasp: 00000007: TRACE: failed to get message: [java.lang./^Throwable$\|^Exception$/.printStackTrace(...)] in FILE<NOT @reference> % 31000209.stack_trace()
[warn] CP/SP     <TRACE> CodeMriAnalyzer-proc> [warning] sasp: 00000007: TRACE: undefined message
[trac] [18:50:44] CP/SP     <TRACE> CodeMriAnalyzer-proc> [warning] sasp: 00000007: TRACE: undefined message
[warn] CP/SP     <TRACE> CodeMriAnalyzer-proc> [warning] sasp: 00000007: TRACE: failed to get message: [java.lang./^Throwable$\|^Exception$/.printStackTrace(...)] in FILE<NOT @reference> % 31000209.stack_trace()
[trac] [18:50:44] CP/SP     <TRACE> CodeMriAnalyzer-proc> [warning] sasp: 00000007: TRACE: failed to get message: [java.lang./^Throwable$\|^Exception$/.printStackTrace(...)] in FILE<NOT @reference> % 31000209.stack_trace()
[warn] CP/SP     <TRACE> CodeMriAnalyzer-proc> [warning] sasp: 00000007: TRACE: undefined message
[trac] [18:50:44] CP/SP     <TRACE> CodeMriAnalyzer-proc> [warning] sasp: 00000007: TRACE: undefined message
[warn] CP/SP     <TRACE> CodeMriAnalyzer-proc> [warning] sasp: 00000007: TRACE: failed to get message: [$1<LIT {{^\(^\(.*\)$\)$}}, NOT LIT "", OR[STRING, ARRAY]>] % 31000259.source_constant($1)
[trac] [18:50:44] CP/SP     <TRACE> CodeMriAnalyzer-proc> [warning] sasp: 00000007: TRACE: failed to get message: [$1<LIT {{^\(^\(.*\)$\)$}}, NOT LIT "", OR[STRING, ARRAY]>] % 31000259.source_constant($1)
[warn] CP/SP     <TRACE> CodeMriAnalyzer-proc> [warning] sasp: 00000007: TRACE: undefined message
[trac] [18:50:44] CP/SP     <TRACE> CodeMriAnalyzer-proc> [warning] sasp: 00000007: TRACE: undefined message
[warn] CP/SP     <TRACE> CodeMriAnalyzer-proc> [warning] sasp: 00000007: TRACE: failed to get message: [java.sql.DriverManager.getConnection($$, $$, $1)] in FILE<NOT @reference> % 31000259.sink_constant($1)
[trac] [18:50:44] CP/SP     <TRACE> CodeMriAnalyzer-proc> [warning] sasp: 00000007: TRACE: failed to get message: [java.sql.DriverManager.getConnection($$, $$, $1)] in FILE<NOT @reference> % 31000259.sink_constant($1)
[warn] CP/SP     <TRACE> CodeMriAnalyzer-proc> [warning] sasp: 00000007: TRACE: undefined message
[trac] [18:50:44] CP/SP     <TRACE> CodeMriAnalyzer-proc> [warning] sasp: 00000007: TRACE: undefined message
#40,100
[trac] [18:50:44] CP/SP     <TRACE> CodeMriAnalyzer-proc> [info] Progress: 2 %
[warn] CP/SP     <TRACE> CodeMriAnalyzer-proc> [warning] sasp: 00000008: TRACE: failed to get message: [java.lang./^Throwable$\|^Exception$/.printStackTrace(...)] in FILE<NOT @reference> % 31000209.stack_trace()
[trac] [18:50:44] CP/SP     <TRACE> CodeMriAnalyzer-proc> [warning] sasp: 00000008: TRACE: failed to get message: [java.lang./^Throwable$\|^Exception$/.printStackTrace(...)] in FILE<NOT @reference> % 31000209.stack_trace()
[warn] CP/SP     <TRACE> CodeMriAnalyzer-proc> [warning] sasp: 00000008: TRACE: undefined message
[trac] [18:50:44] CP/SP     <TRACE> CodeMriAnalyzer-proc> [warning] sasp: 00000008: TRACE: undefined message
[warn] CP/SP     <TRACE> CodeMriAnalyzer-proc> [warning] sasp: 00000008: TRACE: failed to get message: [java.lang./^Throwable$\|^Exception$/.printStackTrace(...)] in FILE<NOT @reference> % 31000209.stack_trace()
[trac] [18:50:44] CP/SP     <TRACE> CodeMriAnalyzer-proc> [warning] sasp: 00000008: TRACE: failed to get message: [java.lang./^Throwable$\|^Exception$/.printStackTrace(...)] in FILE<NOT @reference> % 31000209.stack_trace()
[warn] CP/SP     <TRACE> CodeMriAnalyzer-proc> [warning] sasp: 00000008: TRACE: undefined message
[trac] [18:50:44] CP/SP     <TRACE> CodeMriAnalyzer-proc> [warning] sasp: 00000008: TRACE: undefined message
[warn] CP/SP     <TRACE> CodeMriAnalyzer-proc> [warning] sasp: 00000008: TRACE: failed to get message: [java.lang./^Throwable$\|^Exception$/.printStackTrace(...)] in FILE<NOT @reference> % 31000209.stack_trace()
[trac] [18:50:44] CP/SP     <TRACE> CodeMriAnalyzer-proc> [warning] sasp: 00000008: TRACE: failed to get message: [java.lang./^Throwable$\|^Exception$/.printStackTrace(...)] in FILE<NOT @reference> % 31000209.stack_trace()
[warn] CP/SP     <TRACE> CodeMriAnalyzer-proc> [warning] sasp: 00000008: TRACE: undefined message
[trac] [18:50:44] CP/SP     <TRACE> CodeMriAnalyzer-proc> [warning] sasp: 00000008: TRACE: undefined message
[warn] CP/SP     <TRACE> CodeMriAnalyzer-proc> [warning] sasp: 00000008: TRACE: failed to get message: [java.lang./^Throwable$\|^Exception$/.printStackTrace(...)] in FILE<NOT @reference> % 31000209.stack_trace()
[trac] [18:50:44] CP/SP     <TRACE> CodeMriAnalyzer-proc> [warning] sasp: 00000008: TRACE: failed to get message: [java.lang./^Throwable$\|^Exception$/.printStackTrace(...)] in FILE<NOT @reference> % 31000209.stack_trace()
[warn] CP/SP     <TRACE> CodeMriAnalyzer-proc> [warning] sasp: 00000008: TRACE: undefined message
[trac] [18:50:44] CP/SP     <TRACE> CodeMriAnalyzer-proc> [warning] sasp: 00000008: TRACE: undefined message
[warn] CP/SP     <TRACE> CodeMriAnalyzer-proc> [warning] sasp: 00000008: TRACE: failed to get message: [$1<LIT {{^\(^\(.*\)$\)$}}, NOT LIT "", OR[STRING, ARRAY]>] % 31000259.source_constant($1)
[trac] [18:50:44] CP/SP     <TRACE> CodeMriAnalyzer-proc> [warning] sasp: 00000008: TRACE: failed to get message: [$1<LIT {{^\(^\(.*\)$\)$}}, NOT LIT "", OR[STRING, ARRAY]>] % 31000259.source_constant($1)
[warn] CP/SP     <TRACE> CodeMriAnalyzer-proc> [warning] sasp: 00000008: TRACE: undefined message
[trac] [18:50:44] CP/SP     <TRACE> CodeMriAnalyzer-proc> [warning] sasp: 00000008: TRACE: undefined message
[warn] CP/SP     <TRACE> CodeMriAnalyzer-proc> [warning] sasp: 00000008: TRACE: failed to get message: [java.sql.DriverManager.getConnection($$, $$, $1)] in FILE<NOT @reference> % 31000259.sink_constant($1)
[trac] [18:50:44] CP/SP     <TRACE> CodeMriAnalyzer-proc> [warning] sasp: 00000008: TRACE: failed to get message: [java.sql.DriverManager.getConnection($$, $$, $1)] in FILE<NOT @reference> % 31000259.sink_constant($1)
[warn] CP/SP     <TRACE> CodeMriAnalyzer-proc> [warning] sasp: 00000008: TRACE: undefined message
[trac] [18:50:44] CP/SP     <TRACE> CodeMriAnalyzer-proc> [warning] sasp: 00000008: TRACE: undefined message
[warn] CP/SP     <TRACE> CodeMriAnalyzer-proc> [warning] sasp: 00000009: TRACE: failed to get message: [java.lang./^Throwable$\|^Exception$/.printStackTrace(...)] in FILE<NOT @reference> % 31000209.stack_trace()
[trac] [18:50:44] CP/SP     <TRACE> CodeMriAnalyzer-proc> [warning] sasp: 00000009: TRACE: failed to get message: [java.lang./^Throwable$\|^Exception$/.printStackTrace(...)] in FILE<NOT @reference> % 31000209.stack_trace()
[warn] CP/SP     <TRACE> CodeMriAnalyzer-proc> [warning] sasp: 00000009: TRACE: undefined message
[trac] [18:50:44] CP/SP     <TRACE> CodeMriAnalyzer-proc> [warning] sasp: 00000009: TRACE: undefined message
[warn] CP/SP     <TRACE> CodeMriAnalyzer-proc> [warning] sasp: 00000009: TRACE: failed to get message: [java.lang./^Throwable$\|^Exception$/.printStackTrace(...)] in FILE<NOT @reference> % 31000209.stack_trace()
[trac] [18:50:44] CP/SP     <TRACE> CodeMriAnalyzer-proc> [warning] sasp: 00000009: TRACE: failed to get message: [java.lang./^Throwable$\|^Exception$/.printStackTrace(...)] in FILE<NOT @reference> % 31000209.stack_trace()
[warn] CP/SP     <TRACE> CodeMriAnalyzer-proc> [warning] sasp: 00000009: TRACE: undefined message
[trac] [18:50:44] CP/SP     <TRACE> CodeMriAnalyzer-proc> [warning] sasp: 00000009: TRACE: undefined message
[warn] CP/SP     <TRACE> CodeMriAnalyzer-proc> [warning] sasp: 00000009: TRACE: failed to get message: [java.lang./^Throwable$\|^Exception$/.printStackTrace(...)] in FILE<NOT @reference> % 31000209.stack_trace()
[trac] [18:50:44] CP/SP     <TRACE> CodeMriAnalyzer-proc> [warning] sasp: 00000009: TRACE: failed to get message: [java.lang./^Throwable$\|^Exception$/.printStackTrace(...)] in FILE<NOT @reference> % 31000209.stack_trace()
[warn] CP/SP     <TRACE> CodeMriAnalyzer-proc> [warning] sasp: 00000009: TRACE: undefined message
[trac] [18:50:44] CP/SP     <TRACE> CodeMriAnalyzer-proc> [warning] sasp: 00000009: TRACE: undefined message
[warn] CP/SP     <TRACE> CodeMriAnalyzer-proc> [warning] sasp: 00000009: TRACE: failed to get message: [java.lang./^Throwable$\|^Exception$/.printStackTrace(...)] in FILE<NOT @reference> % 31000209.stack_trace()
[trac] [18:50:44] CP/SP     <TRACE> CodeMriAnalyzer-proc> [warning] sasp: 00000009: TRACE: failed to get message: [java.lang./^Throwable$\|^Exception$/.printStackTrace(...)] in FILE<NOT @reference> % 31000209.stack_trace()
[warn] CP/SP     <TRACE> CodeMriAnalyzer-proc> [warning] sasp: 00000009: TRACE: undefined message
[trac] [18:50:44] CP/SP     <TRACE> CodeMriAnalyzer-proc> [warning] sasp: 00000009: TRACE: undefined message
[warn] CP/SP     <TRACE> CodeMriAnalyzer-proc> [warning] sasp: 00000009: TRACE: failed to get message: [$1<LIT {{^\(^\(.*\)$\)$}}, NOT LIT "", OR[STRING, ARRAY]>] % 31000259.source_constant($1)
[trac] [18:50:44] CP/SP     <TRACE> CodeMriAnalyzer-proc> [warning] sasp: 00000009: TRACE: failed to get message: [$1<LIT {{^\(^\(.*\)$\)$}}, NOT LIT "", OR[STRING, ARRAY]>] % 31000259.source_constant($1)
[warn] CP/SP     <TRACE> CodeMriAnalyzer-proc> [warning] sasp: 00000009: TRACE: undefined message
[trac] [18:50:44] CP/SP     <TRACE> CodeMriAnalyzer-proc> [warning] sasp: 00000009: TRACE: undefined message
[warn] CP/SP     <TRACE> CodeMriAnalyzer-proc> [warning] sasp: 00000009: TRACE: failed to get message: [java.sql.DriverManager.getConnection($$, $$, $1)] in FILE<NOT @reference> % 31000259.sink_constant($1)
[trac] [18:50:44] CP/SP     <TRACE> CodeMriAnalyzer-proc> [warning] sasp: 00000009: TRACE: failed to get message: [java.sql.DriverManager.getConnection($$, $$, $1)] in FILE<NOT @reference> % 31000259.sink_constant($1)
[warn] CP/SP     <TRACE> CodeMriAnalyzer-proc> [warning] sasp: 00000009: TRACE: undefined message
[trac] [18:50:44] CP/SP     <TRACE> CodeMriAnalyzer-proc> [warning] sasp: 00000009: TRACE: undefined message
[warn] CP/SP     <TRACE> CodeMriAnalyzer-proc> [warning] sasp: 00000010: TRACE: failed to get message: [java.lang./^Throwable$\|^Exception$/.printStackTrace(...)] in FILE<NOT @reference> % 31000209.stack_trace()
[trac] [18:50:44] CP/SP     <TRACE> CodeMriAnalyzer-proc> [warning] sasp: 00000010: TRACE: failed to get message: [java.lang./^Throwable$\|^Exception$/.printStackTrace(...)] in FILE<NOT @reference> % 31000209.stack_trace()
[warn] CP/SP     <TRACE> CodeMriAnalyzer-proc> [warning] sasp: 00000010: TRACE: undefined message
[trac] [18:50:44] CP/SP     <TRACE> CodeMriAnalyzer-proc> [warning] sasp: 00000010: TRACE: undefined message
[warn] CP/SP     <TRACE> CodeMriAnalyzer-proc> [warning] sasp: 00000010: TRACE: failed to get message: [java.lang./^Throwable$\|^Exception$/.printStackTrace(...)] in FILE<NOT @reference> % 31000209.stack_trace()
[trac] [18:50:44] CP/SP     <TRACE> CodeMriAnalyzer-proc> [warning] sasp: 00000010: TRACE: failed to get message: [java.lang./^Throwable$\|^Exception$/.printStackTrace(...)] in FILE<NOT @reference> % 31000209.stack_trace()
[warn] CP/SP     <TRACE> CodeMriAnalyzer-proc> [warning] sasp: 00000010: TRACE: undefined message
[trac] [18:50:44] CP/SP     <TRACE> CodeMriAnalyzer-proc> [warning] sasp: 00000010: TRACE: undefined message
[warn] CP/SP     <TRACE> CodeMriAnalyzer-proc> [warning] sasp: 00000010: TRACE: failed to get message: [java.lang./^Throwable$\|^Exception$/.printStackTrace(...)] in FILE<NOT @reference> % 31000209.stack_trace()
[trac] [18:50:44] CP/SP     <TRACE> CodeMriAnalyzer-proc> [warning] sasp: 00000010: TRACE: failed to get message: [java.lang./^Throwable$\|^Exception$/.printStackTrace(...)] in FILE<NOT @reference> % 31000209.stack_trace()
[warn] CP/SP     <TRACE> CodeMriAnalyzer-proc> [warning] sasp: 00000010: TRACE: undefined message
[trac] [18:50:44] CP/SP     <TRACE> CodeMriAnalyzer-proc> [warning] sasp: 00000010: TRACE: undefined message
[warn] CP/SP     <TRACE> CodeMriAnalyzer-proc> [warning] sasp: 00000010: TRACE: failed to get message: [java.lang./^Throwable$\|^Exception$/.printStackTrace(...)] in FILE<NOT @reference> % 31000209.stack_trace()
[trac] [18:50:44] CP/SP     <TRACE> CodeMriAnalyzer-proc> [warning] sasp: 00000010: TRACE: failed to get message: [java.lang./^Throwable$\|^Exception$/.printStackTrace(...)] in FILE<NOT @reference> % 31000209.stack_trace()
[warn] CP/SP     <TRACE> CodeMriAnalyzer-proc> [warning] sasp: 00000010: TRACE: undefined message
[trac] [18:50:44] CP/SP     <TRACE> CodeMriAnalyzer-proc> [warning] sasp: 00000010: TRACE: undefined message
[warn] CP/SP     <TRACE> CodeMriAnalyzer-proc> [warning] sasp: 00000010: TRACE: failed to get message: [$1<LIT {{^\(^\(.*\)$\)$}}, NOT LIT "", OR[STRING, ARRAY]>] % 31000259.source_constant($1)
[trac] [18:50:44] CP/SP     <TRACE> CodeMriAnalyzer-proc> [warning] sasp: 00000010: TRACE: failed to get message: [$1<LIT {{^\(^\(.*\)$\)$}}, NOT LIT "", OR[STRING, ARRAY]>] % 31000259.source_constant($1)
[warn] CP/SP     <TRACE> CodeMriAnalyzer-proc> [warning] sasp: 00000010: TRACE: undefined message
[trac] [18:50:44] CP/SP     <TRACE> CodeMriAnalyzer-proc> [warning] sasp: 00000010: TRACE: undefined message
[warn] CP/SP     <TRACE> CodeMriAnalyzer-proc> [warning] sasp: 00000010: TRACE: failed to get message: [java.sql.DriverManager.getConnection($$, $$, $1)] in FILE<NOT @reference> % 31000259.sink_constant($1)
[trac] [18:50:44] CP/SP     <TRACE> CodeMriAnalyzer-proc> [warning] sasp: 00000010: TRACE: failed to get message: [java.sql.DriverManager.getConnection($$, $$, $1)] in FILE<NOT @reference> % 31000259.sink_constant($1)
[warn] CP/SP     <TRACE> CodeMriAnalyzer-proc> [warning] sasp: 00000010: TRACE: undefined message
[trac] [18:50:44] CP/SP     <TRACE> CodeMriAnalyzer-proc> [warning] sasp: 00000010: TRACE: undefined message
[warn] CP/SP     <TRACE> CodeMriAnalyzer-proc> [warning] sasp: 00000011: TRACE: failed to get message: [java.lang./^Throwable$\|^Exception$/.printStackTrace(...)] in FILE<NOT @reference> % 31000209.stack_trace()
[trac] [18:50:44] CP/SP     <TRACE> CodeMriAnalyzer-proc> [warning] sasp: 00000011: TRACE: failed to get message: [java.lang./^Throwable$\|^Exception$/.printStackTrace(...)] in FILE<NOT @reference> % 31000209.stack_trace()
[warn] CP/SP     <TRACE> CodeMriAnalyzer-proc> [warning] sasp: 00000011: TRACE: undefined message
[trac] [18:50:44] CP/SP     <TRACE> CodeMriAnalyzer-proc> [warning] sasp: 00000011: TRACE: undefined message
[warn] CP/SP     <TRACE> CodeMriAnalyzer-proc> [warning] sasp: 00000011: TRACE: failed to get message: [java.lang./^Throwable$\|^Exception$/.printStackTrace(...)] in FILE<NOT @reference> % 31000209.stack_trace()
[trac] [18:50:44] CP/SP     <TRACE> CodeMriAnalyzer-proc> [warning] sasp: 00000011: TRACE: failed to get message: [java.lang./^Throwable$\|^Exception$/.printStackTrace(...)] in FILE<NOT @reference> % 31000209.stack_trace()
[warn] CP/SP     <TRACE> CodeMriAnalyzer-proc> [warning] sasp: 00000011: TRACE: undefined message
[trac] [18:50:44] CP/SP     <TRACE> CodeMriAnalyzer-proc> [warning] sasp: 00000011: TRACE: undefined message
[warn] CP/SP     <TRACE> CodeMriAnalyzer-proc> [warning] sasp: 00000011: TRACE: failed to get message: [java.lang./^Throwable$\|^Exception$/.printStackTrace(...)] in FILE<NOT @reference> % 31000209.stack_trace()
[trac] [18:50:44] CP/SP     <TRACE> CodeMriAnalyzer-proc> [warning] sasp: 00000011: TRACE: failed to get message: [java.lang./^Throwable$\|^Exception$/.printStackTrace(...)] in FILE<NOT @reference> % 31000209.stack_trace()
[warn] CP/SP     <TRACE> CodeMriAnalyzer-proc> [warning] sasp: 00000011: TRACE: undefined message
[trac] [18:50:44] CP/SP     <TRACE> CodeMriAnalyzer-proc> [warning] sasp: 00000011: TRACE: undefined message
[warn] CP/SP     <TRACE> CodeMriAnalyzer-proc> [warning] sasp: 00000011: TRACE: failed to get message: [java.lang./^Throwable$\|^Exception$/.printStackTrace(...)] in FILE<NOT @reference> % 31000209.stack_trace()
[trac] [18:50:44] CP/SP     <TRACE> CodeMriAnalyzer-proc> [warning] sasp: 00000011: TRACE: failed to get message: [java.lang./^Throwable$\|^Exception$/.printStackTrace(...)] in FILE<NOT @reference> % 31000209.stack_trace()
[warn] CP/SP     <TRACE> CodeMriAnalyzer-proc> [warning] sasp: 00000011: TRACE: undefined message
[trac] [18:50:44] CP/SP     <TRACE> CodeMriAnalyzer-proc> [warning] sasp: 00000011: TRACE: undefined message
[warn] CP/SP     <TRACE> CodeMriAnalyzer-proc> [warning] sasp: 00000011: TRACE: failed to get message: [$1<LIT {{^\(^\(.*\)$\)$}}, NOT LIT "", OR[STRING, ARRAY]>] % 31000259.source_constant($1)
[trac] [18:50:44] CP/SP     <TRACE> CodeMriAnalyzer-proc> [warning] sasp: 00000011: TRACE: failed to get message: [$1<LIT {{^\(^\(.*\)$\)$}}, NOT LIT "", OR[STRING, ARRAY]>] % 31000259.source_constant($1)
[warn] CP/SP     <TRACE> CodeMriAnalyzer-proc> [warning] sasp: 00000011: TRACE: undefined message
[trac] [18:50:44] CP/SP     <TRACE> CodeMriAnalyzer-proc> [warning] sasp: 00000011: TRACE: undefined message
[warn] CP/SP     <TRACE> CodeMriAnalyzer-proc> [warning] sasp: 00000011: TRACE: failed to get message: [java.sql.DriverManager.getConnection($$, $$, $1)] in FILE<NOT @reference> % 31000259.sink_constant($1)
[trac] [18:50:44] CP/SP     <TRACE> CodeMriAnalyzer-proc> [warning] sasp: 00000011: TRACE: failed to get message: [java.sql.DriverManager.getConnection($$, $$, $1)] in FILE<NOT @reference> % 31000259.sink_constant($1)
[warn] CP/SP     <TRACE> CodeMriAnalyzer-proc> [warning] sasp: 00000011: TRACE: undefined message
[trac] [18:50:44] CP/SP     <TRACE> CodeMriAnalyzer-proc> [warning] sasp: 00000011: TRACE: undefined message
#40,100
[trac] [18:50:44] CP/SP     <TRACE> CodeMriAnalyzer-proc> [info] Progress: 3 %
[warn] CP/SP     <TRACE> CodeMriAnalyzer-proc> [warning] sasp: 00000012: TRACE: failed to get message: [java.lang./^Throwable$\|^Exception$/.printStackTrace(...)] in FILE<NOT @reference> % 31000209.stack_trace()
[trac] [18:50:44] CP/SP     <TRACE> CodeMriAnalyzer-proc> [warning] sasp: 00000012: TRACE: failed to get message: [java.lang./^Throwable$\|^Exception$/.printStackTrace(...)] in FILE<NOT @reference> % 31000209.stack_trace()
[warn] CP/SP     <TRACE> CodeMriAnalyzer-proc> [warning] sasp: 00000012: TRACE: undefined message
[trac] [18:50:44] CP/SP     <TRACE> CodeMriAnalyzer-proc> [warning] sasp: 00000012: TRACE: undefined message
[warn] CP/SP     <TRACE> CodeMriAnalyzer-proc> [warning] sasp: 00000012: TRACE: failed to get message: [java.lang./^Throwable$\|^Exception$/.printStackTrace(...)] in FILE<NOT @reference> % 31000209.stack_trace()
[trac] [18:50:44] CP/SP     <TRACE> CodeMriAnalyzer-proc> [warning] sasp: 00000012: TRACE: failed to get message: [java.lang./^Throwable$\|^Exception$/.printStackTrace(...)] in FILE<NOT @reference> % 31000209.stack_trace()
[warn] CP/SP     <TRACE> CodeMriAnalyzer-proc> [warning] sasp: 00000012: TRACE: undefined message
[trac] [18:50:44] CP/SP     <TRACE> CodeMriAnalyzer-proc> [warning] sasp: 00000012: TRACE: undefined message
[warn] CP/SP     <TRACE> CodeMriAnalyzer-proc> [warning] sasp: 00000012: TRACE: failed to get message: [java.lang./^Throwable$\|^Exception$/.printStackTrace(...)] in FILE<NOT @reference> % 31000209.stack_trace()
[trac] [18:50:44] CP/SP     <TRACE> CodeMriAnalyzer-proc> [warning] sasp: 00000012: TRACE: failed to get message: [java.lang./^Throwable$\|^Exception$/.printStackTrace(...)] in FILE<NOT @reference> % 31000209.stack_trace()
[warn] CP/SP     <TRACE> CodeMriAnalyzer-proc> [warning] sasp: 00000012: TRACE: undefined message
[trac] [18:50:44] CP/SP     <TRACE> CodeMriAnalyzer-proc> [warning] sasp: 00000012: TRACE: undefined message
[warn] CP/SP     <TRACE> CodeMriAnalyzer-proc> [warning] sasp: 00000012: TRACE: failed to get message: [java.lang./^Throwable$\|^Exception$/.printStackTrace(...)] in FILE<NOT @reference> % 31000209.stack_trace()
[trac] [18:50:44] CP/SP     <TRACE> CodeMriAnalyzer-proc> [warning] sasp: 00000012: TRACE: failed to get message: [java.lang./^Throwable$\|^Exception$/.printStackTrace(...)] in FILE<NOT @reference> % 31000209.stack_trace()
[warn] CP/SP     <TRACE> CodeMriAnalyzer-proc> [warning] sasp: 00000012: TRACE: undefined message
[trac] [18:50:44] CP/SP     <TRACE> CodeMriAnalyzer-proc> [warning] sasp: 00000012: TRACE: undefined message
[warn] CP/SP     <TRACE> CodeMriAnalyzer-proc> [warning] sasp: 00000012: TRACE: failed to get message: [$1<LIT {{^\(^\(.*\)$\)$}}, NOT LIT "", OR[STRING, ARRAY]>] % 31000259.source_constant($1)
[trac] [18:50:44] CP/SP     <TRACE> CodeMriAnalyzer-proc> [warning] sasp: 00000012: TRACE: failed to get message: [$1<LIT {{^\(^\(.*\)$\)$}}, NOT LIT "", OR[STRING, ARRAY]>] % 31000259.source_constant($1)
[warn] CP/SP     <TRACE> CodeMriAnalyzer-proc> [warning] sasp: 00000012: TRACE: undefined message
[trac] [18:50:44] CP/SP     <TRACE> CodeMriAnalyzer-proc> [warning] sasp: 00000012: TRACE: undefined message
[warn] CP/SP     <TRACE> CodeMriAnalyzer-proc> [warning] sasp: 00000012: TRACE: failed to get message: [java.sql.DriverManager.getConnection($$, $$, $1)] in FILE<NOT @reference> % 31000259.sink_constant($1)
[trac] [18:50:44] CP/SP     <TRACE> CodeMriAnalyzer-proc> [warning] sasp: 00000012: TRACE: failed to get message: [java.sql.DriverManager.getConnection($$, $$, $1)] in FILE<NOT @reference> % 31000259.sink_constant($1)
[warn] CP/SP     <TRACE> CodeMriAnalyzer-proc> [warning] sasp: 00000012: TRACE: undefined message
[trac] [18:50:44] CP/SP     <TRACE> CodeMriAnalyzer-proc> [warning] sasp: 00000012: TRACE: undefined message
[warn] CP/SP     <TRACE> CodeMriAnalyzer-proc> [warning] sasp: 00000013: TRACE: failed to get message: [java.lang./^Throwable$\|^Exception$/.printStackTrace(...)] in FILE<NOT @reference> % 31000209.stack_trace()
[trac] [18:50:44] CP/SP     <TRACE> CodeMriAnalyzer-proc> [warning] sasp: 00000013: TRACE: failed to get message: [java.lang./^Throwable$\|^Exception$/.printStackTrace(...)] in FILE<NOT @reference> % 31000209.stack_trace()
[warn] CP/SP     <TRACE> CodeMriAnalyzer-proc> [warning] sasp: 00000013: TRACE: undefined message
[trac] [18:50:44] CP/SP     <TRACE> CodeMriAnalyzer-proc> [warning] sasp: 00000013: TRACE: undefined message
[warn] CP/SP     <TRACE> CodeMriAnalyzer-proc> [warning] sasp: 00000013: TRACE: failed to get message: [java.lang./^Throwable$\|^Exception$/.printStackTrace(...)] in FILE<NOT @reference> % 31000209.stack_trace()
[trac] [18:50:44] CP/SP     <TRACE> CodeMriAnalyzer-proc> [warning] sasp: 00000013: TRACE: failed to get message: [java.lang./^Throwable$\|^Exception$/.printStackTrace(...)] in FILE<NOT @reference> % 31000209.stack_trace()
[warn] CP/SP     <TRACE> CodeMriAnalyzer-proc> [warning] sasp: 00000013: TRACE: undefined message
[trac] [18:50:44] CP/SP     <TRACE> CodeMriAnalyzer-proc> [warning] sasp: 00000013: TRACE: undefined message
[warn] CP/SP     <TRACE> CodeMriAnalyzer-proc> [warning] sasp: 00000013: TRACE: failed to get message: [java.lang./^Throwable$\|^Exception$/.printStackTrace(...)] in FILE<NOT @reference> % 31000209.stack_trace()
[trac] [18:50:44] CP/SP     <TRACE> CodeMriAnalyzer-proc> [warning] sasp: 00000013: TRACE: failed to get message: [java.lang./^Throwable$\|^Exception$/.printStackTrace(...)] in FILE<NOT @reference> % 31000209.stack_trace()
[warn] CP/SP     <TRACE> CodeMriAnalyzer-proc> [warning] sasp: 00000013: TRACE: undefined message
[trac] [18:50:44] CP/SP     <TRACE> CodeMriAnalyzer-proc> [warning] sasp: 00000013: TRACE: undefined message
[warn] CP/SP     <TRACE> CodeMriAnalyzer-proc> [warning] sasp: 00000013: TRACE: failed to get message: [java.lang./^Throwable$\|^Exception$/.printStackTrace(...)] in FILE<NOT @reference> % 31000209.stack_trace()
[trac] [18:50:44] CP/SP     <TRACE> CodeMriAnalyzer-proc> [warning] sasp: 00000013: TRACE: failed to get message: [java.lang./^Throwable$\|^Exception$/.printStackTrace(...)] in FILE<NOT @reference> % 31000209.stack_trace()
[warn] CP/SP     <TRACE> CodeMriAnalyzer-proc> [warning] sasp: 00000013: TRACE: undefined message
[trac] [18:50:44] CP/SP     <TRACE> CodeMriAnalyzer-proc> [warning] sasp: 00000013: TRACE: undefined message
[warn] CP/SP     <TRACE> CodeMriAnalyzer-proc> [warning] sasp: 00000013: TRACE: failed to get message: [$1<LIT {{^\(^\(.*\)$\)$}}, NOT LIT "", OR[STRING, ARRAY]>] % 31000259.source_constant($1)
[trac] [18:50:44] CP/SP     <TRACE> CodeMriAnalyzer-proc> [warning] sasp: 00000013: TRACE: failed to get message: [$1<LIT {{^\(^\(.*\)$\)$}}, NOT LIT "", OR[STRING, ARRAY]>] % 31000259.source_constant($1)
[warn] CP/SP     <TRACE> CodeMriAnalyzer-proc> [warning] sasp: 00000013: TRACE: undefined message
[trac] [18:50:44] CP/SP     <TRACE> CodeMriAnalyzer-proc> [warning] sasp: 00000013: TRACE: undefined message
[warn] CP/SP     <TRACE> CodeMriAnalyzer-proc> [warning] sasp: 00000013: TRACE: failed to get message: [java.sql.DriverManager.getConnection($$, $$, $1)] in FILE<NOT @reference> % 31000259.sink_constant($1)
[trac] [18:50:44] CP/SP     <TRACE> CodeMriAnalyzer-proc> [warning] sasp: 00000013: TRACE: failed to get message: [java.sql.DriverManager.getConnection($$, $$, $1)] in FILE<NOT @reference> % 31000259.sink_constant($1)
[warn] CP/SP     <TRACE> CodeMriAnalyzer-proc> [warning] sasp: 00000013: TRACE: undefined message
[trac] [18:50:44] CP/SP     <TRACE> CodeMriAnalyzer-proc> [warning] sasp: 00000013: TRACE: undefined message
[warn] CP/SP     <TRACE> CodeMriAnalyzer-proc> [warning] sasp: 00000014: TRACE: failed to get message: [java.lang./^Throwable$\|^Exception$/.printStackTrace(...)] in FILE<NOT @reference> % 31000209.stack_trace()
[trac] [18:50:44] CP/SP     <TRACE> CodeMriAnalyzer-proc> [warning] sasp: 00000014: TRACE: failed to get message: [java.lang./^Throwable$\|^Exception$/.printStackTrace(...)] in FILE<NOT @reference> % 31000209.stack_trace()
[warn] CP/SP     <TRACE> CodeMriAnalyzer-proc> [warning] sasp: 00000014: TRACE: undefined message
[trac] [18:50:44] CP/SP     <TRACE> CodeMriAnalyzer-proc> [warning] sasp: 00000014: TRACE: undefined message
[warn] CP/SP     <TRACE> CodeMriAnalyzer-proc> [warning] sasp: 00000014: TRACE: failed to get message: [java.lang./^Throwable$\|^Exception$/.printStackTrace(...)] in FILE<NOT @reference> % 31000209.stack_trace()
[trac] [18:50:44] CP/SP     <TRACE> CodeMriAnalyzer-proc> [warning] sasp: 00000014: TRACE: failed to get message: [java.lang./^Throwable$\|^Exception$/.printStackTrace(...)] in FILE<NOT @reference> % 31000209.stack_trace()
[warn] CP/SP     <TRACE> CodeMriAnalyzer-proc> [warning] sasp: 00000014: TRACE: undefined message
[trac] [18:50:44] CP/SP     <TRACE> CodeMriAnalyzer-proc> [warning] sasp: 00000014: TRACE: undefined message
[warn] CP/SP     <TRACE> CodeMriAnalyzer-proc> [warning] sasp: 00000014: TRACE: failed to get message: [java.lang./^Throwable$\|^Exception$/.printStackTrace(...)] in FILE<NOT @reference> % 31000209.stack_trace()
[trac] [18:50:44] CP/SP     <TRACE> CodeMriAnalyzer-proc> [warning] sasp: 00000014: TRACE: failed to get message: [java.lang./^Throwable$\|^Exception$/.printStackTrace(...)] in FILE<NOT @reference> % 31000209.stack_trace()
[warn] CP/SP     <TRACE> CodeMriAnalyzer-proc> [warning] sasp: 00000014: TRACE: undefined message
[trac] [18:50:44] CP/SP     <TRACE> CodeMriAnalyzer-proc> [warning] sasp: 00000014: TRACE: undefined message
[warn] CP/SP     <TRACE> CodeMriAnalyzer-proc> [warning] sasp: 00000014: TRACE: failed to get message: [java.lang./^Throwable$\|^Exception$/.printStackTrace(...)] in FILE<NOT @reference> % 31000209.stack_trace()
[trac] [18:50:44] CP/SP     <TRACE> CodeMriAnalyzer-proc> [warning] sasp: 00000014: TRACE: failed to get message: [java.lang./^Throwable$\|^Exception$/.printStackTrace(...)] in FILE<NOT @reference> % 31000209.stack_trace()
[warn] CP/SP     <TRACE> CodeMriAnalyzer-proc> [warning] sasp: 00000014: TRACE: undefined message
[trac] [18:50:44] CP/SP     <TRACE> CodeMriAnalyzer-proc> [warning] sasp: 00000014: TRACE: undefined message
[warn] CP/SP     <TRACE> CodeMriAnalyzer-proc> [warning] sasp: 00000014: TRACE: failed to get message: [$1<LIT {{^\(^\(.*\)$\)$}}, NOT LIT "", OR[STRING, ARRAY]>] % 31000259.source_constant($1)
[trac] [18:50:44] CP/SP     <TRACE> CodeMriAnalyzer-proc> [warning] sasp: 00000014: TRACE: failed to get message: [$1<LIT {{^\(^\(.*\)$\)$}}, NOT LIT "", OR[STRING, ARRAY]>] % 31000259.source_constant($1)
[warn] CP/SP     <TRACE> CodeMriAnalyzer-proc> [warning] sasp: 00000014: TRACE: undefined message
[trac] [18:50:44] CP/SP     <TRACE> CodeMriAnalyzer-proc> [warning] sasp: 00000014: TRACE: undefined message
[warn] CP/SP     <TRACE> CodeMriAnalyzer-proc> [warning] sasp: 00000014: TRACE: failed to get message: [java.sql.DriverManager.getConnection($$, $$, $1)] in FILE<NOT @reference> % 31000259.sink_constant($1)
[trac] [18:50:44] CP/SP     <TRACE> CodeMriAnalyzer-proc> [warning] sasp: 00000014: TRACE: failed to get message: [java.sql.DriverManager.getConnection($$, $$, $1)] in FILE<NOT @reference> % 31000259.sink_constant($1)
[warn] CP/SP     <TRACE> CodeMriAnalyzer-proc> [warning] sasp: 00000014: TRACE: undefined message
[trac] [18:50:44] CP/SP     <TRACE> CodeMriAnalyzer-proc> [warning] sasp: 00000014: TRACE: undefined message
[warn] CP/SP     <TRACE> CodeMriAnalyzer-proc> [warning] sasp: 00000015: TRACE: failed to get message: [java.lang./^Throwable$\|^Exception$/.printStackTrace(...)] in FILE<NOT @reference> % 31000209.stack_trace()
[trac] [18:50:44] CP/SP     <TRACE> CodeMriAnalyzer-proc> [warning] sasp: 00000015: TRACE: failed to get message: [java.lang./^Throwable$\|^Exception$/.printStackTrace(...)] in FILE<NOT @reference> % 31000209.stack_trace()
[warn] CP/SP     <TRACE> CodeMriAnalyzer-proc> [warning] sasp: 00000015: TRACE: undefined message
[trac] [18:50:44] CP/SP     <TRACE> CodeMriAnalyzer-proc> [warning] sasp: 00000015: TRACE: undefined message
[warn] CP/SP     <TRACE> CodeMriAnalyzer-proc> [warning] sasp: 00000015: TRACE: failed to get message: [java.lang./^Throwable$\|^Exception$/.printStackTrace(...)] in FILE<NOT @reference> % 31000209.stack_trace()
[trac] [18:50:44] CP/SP     <TRACE> CodeMriAnalyzer-proc> [warning] sasp: 00000015: TRACE: failed to get message: [java.lang./^Throwable$\|^Exception$/.printStackTrace(...)] in FILE<NOT @reference> % 31000209.stack_trace()
[warn] CP/SP     <TRACE> CodeMriAnalyzer-proc> [warning] sasp: 00000015: TRACE: undefined message
[trac] [18:50:44] CP/SP     <TRACE> CodeMriAnalyzer-proc> [warning] sasp: 00000015: TRACE: undefined message
[warn] CP/SP     <TRACE> CodeMriAnalyzer-proc> [warning] sasp: 00000015: TRACE: failed to get message: [java.lang./^Throwable$\|^Exception$/.printStackTrace(...)] in FILE<NOT @reference> % 31000209.stack_trace()
[trac] [18:50:44] CP/SP     <TRACE> CodeMriAnalyzer-proc> [warning] sasp: 00000015: TRACE: failed to get message: [java.lang./^Throwable$\|^Exception$/.printStackTrace(...)] in FILE<NOT @reference> % 31000209.stack_trace()
[warn] CP/SP     <TRACE> CodeMriAnalyzer-proc> [warning] sasp: 00000015: TRACE: undefined message
[trac] [18:50:44] CP/SP     <TRACE> CodeMriAnalyzer-proc> [warning] sasp: 00000015: TRACE: undefined message
[warn] CP/SP     <TRACE> CodeMriAnalyzer-proc> [warning] sasp: 00000015: TRACE: failed to get message: [java.lang./^Throwable$\|^Exception$/.printStackTrace(...)] in FILE<NOT @reference> % 31000209.stack_trace()
[trac] [18:50:44] CP/SP     <TRACE> CodeMriAnalyzer-proc> [warning] sasp: 00000015: TRACE: failed to get message: [java.lang./^Throwable$\|^Exception$/.printStackTrace(...)] in FILE<NOT @reference> % 31000209.stack_trace()
[warn] CP/SP     <TRACE> CodeMriAnalyzer-proc> [warning] sasp: 00000015: TRACE: undefined message
[trac] [18:50:44] CP/SP     <TRACE> CodeMriAnalyzer-proc> [warning] sasp: 00000015: TRACE: undefined message
[warn] CP/SP     <TRACE> CodeMriAnalyzer-proc> [warning] sasp: 00000015: TRACE: failed to get message: [$1<LIT {{^\(^\(.*\)$\)$}}, NOT LIT "", OR[STRING, ARRAY]>] % 31000259.source_constant($1)
[trac] [18:50:44] CP/SP     <TRACE> CodeMriAnalyzer-proc> [warning] sasp: 00000015: TRACE: failed to get message: [$1<LIT {{^\(^\(.*\)$\)$}}, NOT LIT "", OR[STRING, ARRAY]>] % 31000259.source_constant($1)
[warn] CP/SP     <TRACE> CodeMriAnalyzer-proc> [warning] sasp: 00000015: TRACE: undefined message
[trac] [18:50:44] CP/SP     <TRACE> CodeMriAnalyzer-proc> [warning] sasp: 00000015: TRACE: undefined message
[warn] CP/SP     <TRACE> CodeMriAnalyzer-proc> [warning] sasp: 00000015: TRACE: failed to get message: [java.sql.DriverManager.getConnection($$, $$, $1)] in FILE<NOT @reference> % 31000259.sink_constant($1)
[trac] [18:50:44] CP/SP     <TRACE> CodeMriAnalyzer-proc> [warning] sasp: 00000015: TRACE: failed to get message: [java.sql.DriverManager.getConnection($$, $$, $1)] in FILE<NOT @reference> % 31000259.sink_constant($1)
[warn] CP/SP     <TRACE> CodeMriAnalyzer-proc> [warning] sasp: 00000015: TRACE: undefined message
[trac] [18:50:44] CP/SP     <TRACE> CodeMriAnalyzer-proc> [warning] sasp: 00000015: TRACE: undefined message
#41,100
[trac] [18:50:44] CP/SP     <TRACE> CodeMriAnalyzer-proc> [info] Progress: 4 %
[warn] CP/SP     <TRACE> CodeMriAnalyzer-proc> [warning] sasp: 00000016: TRACE: failed to get message: [java.lang./^Throwable$\|^Exception$/.printStackTrace(...)] in FILE<NOT @reference> % 31000209.stack_trace()
[trac] [18:50:44] CP/SP     <TRACE> CodeMriAnalyzer-proc> [warning] sasp: 00000016: TRACE: failed to get message: [java.lang./^Throwable$\|^Exception$/.printStackTrace(...)] in FILE<NOT @reference> % 31000209.stack_trace()
[warn] CP/SP     <TRACE> CodeMriAnalyzer-proc> [warning] sasp: 00000016: TRACE: undefined message
[trac] [18:50:44] CP/SP     <TRACE> CodeMriAnalyzer-proc> [warning] sasp: 00000016: TRACE: undefined message
[warn] CP/SP     <TRACE> CodeMriAnalyzer-proc> [warning] sasp: 00000016: TRACE: failed to get message: [java.lang./^Throwable$\|^Exception$/.printStackTrace(...)] in FILE<NOT @reference> % 31000209.stack_trace()
[trac] [18:50:44] CP/SP     <TRACE> CodeMriAnalyzer-proc> [warning] sasp: 00000016: TRACE: failed to get message: [java.lang./^Throwable$\|^Exception$/.printStackTrace(...)] in FILE<NOT @reference> % 31000209.stack_trace()
[warn] CP/SP     <TRACE> CodeMriAnalyzer-proc> [warning] sasp: 00000016: TRACE: undefined message
[trac] [18:50:44] CP/SP     <TRACE> CodeMriAnalyzer-proc> [warning] sasp: 00000016: TRACE: undefined message
[warn] CP/SP     <TRACE> CodeMriAnalyzer-proc> [warning] sasp: 00000016: TRACE: failed to get message: [java.lang./^Throwable$\|^Exception$/.printStackTrace(...)] in FILE<NOT @reference> % 31000209.stack_trace()
[trac] [18:50:44] CP/SP     <TRACE> CodeMriAnalyzer-proc> [warning] sasp: 00000016: TRACE: failed to get message: [java.lang./^Throwable$\|^Exception$/.printStackTrace(...)] in FILE<NOT @reference> % 31000209.stack_trace()
[warn] CP/SP     <TRACE> CodeMriAnalyzer-proc> [warning] sasp: 00000016: TRACE: undefined message
[trac] [18:50:44] CP/SP     <TRACE> CodeMriAnalyzer-proc> [warning] sasp: 00000016: TRACE: undefined message
[warn] CP/SP     <TRACE> CodeMriAnalyzer-proc> [warning] sasp: 00000016: TRACE: failed to get message: [java.lang./^Throwable$\|^Exception$/.printStackTrace(...)] in FILE<NOT @reference> % 31000209.stack_trace()
[trac] [18:50:44] CP/SP     <TRACE> CodeMriAnalyzer-proc> [warning] sasp: 00000016: TRACE: failed to get message: [java.lang./^Throwable$\|^Exception$/.printStackTrace(...)] in FILE<NOT @reference> % 31000209.stack_trace()
[warn] CP/SP     <TRACE> CodeMriAnalyzer-proc> [warning] sasp: 00000016: TRACE: undefined message
[trac] [18:50:44] CP/SP     <TRACE> CodeMriAnalyzer-proc> [warning] sasp: 00000016: TRACE: undefined message
[warn] CP/SP     <TRACE> CodeMriAnalyzer-proc> [warning] sasp: 00000016: TRACE: failed to get message: [$1<LIT {{^\(^\(.*\)$\)$}}, NOT LIT "", OR[STRING, ARRAY]>] % 31000259.source_constant($1)
[trac] [18:50:44] CP/SP     <TRACE> CodeMriAnalyzer-proc> [warning] sasp: 00000016: TRACE: failed to get message: [$1<LIT {{^\(^\(.*\)$\)$}}, NOT LIT "", OR[STRING, ARRAY]>] % 31000259.source_constant($1)
[warn] CP/SP     <TRACE> CodeMriAnalyzer-proc> [warning] sasp: 00000016: TRACE: undefined message
[trac] [18:50:44] CP/SP     <TRACE> CodeMriAnalyzer-proc> [warning] sasp: 00000016: TRACE: undefined message
[warn] CP/SP     <TRACE> CodeMriAnalyzer-proc> [warning] sasp: 00000016: TRACE: failed to get message: [java.sql.DriverManager.getConnection($$, $$, $1)] in FILE<NOT @reference> % 31000259.sink_constant($1)
[trac] [18:50:44] CP/SP     <TRACE> CodeMriAnalyzer-proc> [warning] sasp: 00000016: TRACE: failed to get message: [java.sql.DriverManager.getConnection($$, $$, $1)] in FILE<NOT @reference> % 31000259.sink_constant($1)
[warn] CP/SP     <TRACE> CodeMriAnalyzer-proc> [warning] sasp: 00000016: TRACE: undefined message
[trac] [18:50:44] CP/SP     <TRACE> CodeMriAnalyzer-proc> [warning] sasp: 00000016: TRACE: undefined message
[warn] CP/SP     <TRACE> CodeMriAnalyzer-proc> [warning] sasp: 00000017: TRACE: failed to get message: [java.lang./^Throwable$\|^Exception$/.printStackTrace(...)] in FILE<NOT @reference> % 31000209.stack_trace()
[trac] [18:50:44] CP/SP     <TRACE> CodeMriAnalyzer-proc> [warning] sasp: 00000017: TRACE: failed to get message: [java.lang./^Throwable$\|^Exception$/.printStackTrace(...)] in FILE<NOT @reference> % 31000209.stack_trace()
[warn] CP/SP     <TRACE> CodeMriAnalyzer-proc> [warning] sasp: 00000017: TRACE: undefined message
[trac] [18:50:44] CP/SP     <TRACE> CodeMriAnalyzer-proc> [warning] sasp: 00000017: TRACE: undefined message
[warn] CP/SP     <TRACE> CodeMriAnalyzer-proc> [warning] sasp: 00000017: TRACE: failed to get message: [java.lang./^Throwable$\|^Exception$/.printStackTrace(...)] in FILE<NOT @reference> % 31000209.stack_trace()
[trac] [18:50:44] CP/SP     <TRACE> CodeMriAnalyzer-proc> [warning] sasp: 00000017: TRACE: failed to get message: [java.lang./^Throwable$\|^Exception$/.printStackTrace(...)] in FILE<NOT @reference> % 31000209.stack_trace()
[warn] CP/SP     <TRACE> CodeMriAnalyzer-proc> [warning] sasp: 00000017: TRACE: undefined message
[trac] [18:50:44] CP/SP     <TRACE> CodeMriAnalyzer-proc> [warning] sasp: 00000017: TRACE: undefined message
[warn] CP/SP     <TRACE> CodeMriAnalyzer-proc> [warning] sasp: 00000017: TRACE: failed to get message: [java.lang./^Throwable$\|^Exception$/.printStackTrace(...)] in FILE<NOT @reference> % 31000209.stack_trace()
[trac] [18:50:44] CP/SP     <TRACE> CodeMriAnalyzer-proc> [warning] sasp: 00000017: TRACE: failed to get message: [java.lang./^Throwable$\|^Exception$/.printStackTrace(...)] in FILE<NOT @reference> % 31000209.stack_trace()
[warn] CP/SP     <TRACE> CodeMriAnalyzer-proc> [warning] sasp: 00000017: TRACE: undefined message
[trac] [18:50:44] CP/SP     <TRACE> CodeMriAnalyzer-proc> [warning] sasp: 00000017: TRACE: undefined message
[warn] CP/SP     <TRACE> CodeMriAnalyzer-proc> [warning] sasp: 00000017: TRACE: failed to get message: [java.lang./^Throwable$\|^Exception$/.printStackTrace(...)] in FILE<NOT @reference> % 31000209.stack_trace()
[trac] [18:50:44] CP/SP     <TRACE> CodeMriAnalyzer-proc> [warning] sasp: 00000017: TRACE: failed to get message: [java.lang./^Throwable$\|^Exception$/.printStackTrace(...)] in FILE<NOT @reference> % 31000209.stack_trace()
[warn] CP/SP     <TRACE> CodeMriAnalyzer-proc> [warning] sasp: 00000017: TRACE: undefined message
[trac] [18:50:44] CP/SP     <TRACE> CodeMriAnalyzer-proc> [warning] sasp: 00000017: TRACE: undefined message
[warn] CP/SP     <TRACE> CodeMriAnalyzer-proc> [warning] sasp: 00000017: TRACE: failed to get message: [$1<LIT {{^\(^\(.*\)$\)$}}, NOT LIT "", OR[STRING, ARRAY]>] % 31000259.source_constant($1)
[trac] [18:50:44] CP/SP     <TRACE> CodeMriAnalyzer-proc> [warning] sasp: 00000017: TRACE: failed to get message: [$1<LIT {{^\(^\(.*\)$\)$}}, NOT LIT "", OR[STRING, ARRAY]>] % 31000259.source_constant($1)
[warn] CP/SP     <TRACE> CodeMriAnalyzer-proc> [warning] sasp: 00000017: TRACE: undefined message
[trac] [18:50:44] CP/SP     <TRACE> CodeMriAnalyzer-proc> [warning] sasp: 00000017: TRACE: undefined message
[warn] CP/SP     <TRACE> CodeMriAnalyzer-proc> [warning] sasp: 00000017: TRACE: failed to get message: [java.sql.DriverManager.getConnection($$, $$, $1)] in FILE<NOT @reference> % 31000259.sink_constant($1)
[trac] [18:50:44] CP/SP     <TRACE> CodeMriAnalyzer-proc> [warning] sasp: 00000017: TRACE: failed to get message: [java.sql.DriverManager.getConnection($$, $$, $1)] in FILE<NOT @reference> % 31000259.sink_constant($1)
[warn] CP/SP     <TRACE> CodeMriAnalyzer-proc> [warning] sasp: 00000017: TRACE: undefined message
[trac] [18:50:44] CP/SP     <TRACE> CodeMriAnalyzer-proc> [warning] sasp: 00000017: TRACE: undefined message
[warn] CP/SP     <TRACE> CodeMriAnalyzer-proc> [warning] sasp: 00000018: TRACE: failed to get message: [java.lang./^Throwable$\|^Exception$/.printStackTrace(...)] in FILE<NOT @reference> % 31000209.stack_trace()
[trac] [18:50:44] CP/SP     <TRACE> CodeMriAnalyzer-proc> [warning] sasp: 00000018: TRACE: failed to get message: [java.lang./^Throwable$\|^Exception$/.printStackTrace(...)] in FILE<NOT @reference> % 31000209.stack_trace()
[warn] CP/SP     <TRACE> CodeMriAnalyzer-proc> [warning] sasp: 00000018: TRACE: undefined message
[trac] [18:50:44] CP/SP     <TRACE> CodeMriAnalyzer-proc> [warning] sasp: 00000018: TRACE: undefined message
[warn] CP/SP     <TRACE> CodeMriAnalyzer-proc> [warning] sasp: 00000018: TRACE: failed to get message: [java.lang./^Throwable$\|^Exception$/.printStackTrace(...)] in FILE<NOT @reference> % 31000209.stack_trace()
[trac] [18:50:44] CP/SP     <TRACE> CodeMriAnalyzer-proc> [warning] sasp: 00000018: TRACE: failed to get message: [java.lang./^Throwable$\|^Exception$/.printStackTrace(...)] in FILE<NOT @reference> % 31000209.stack_trace()
[warn] CP/SP     <TRACE> CodeMriAnalyzer-proc> [warning] sasp: 00000018: TRACE: undefined message
[trac] [18:50:44] CP/SP     <TRACE> CodeMriAnalyzer-proc> [warning] sasp: 00000018: TRACE: undefined message
[warn] CP/SP     <TRACE> CodeMriAnalyzer-proc> [warning] sasp: 00000018: TRACE: failed to get message: [java.lang./^Throwable$\|^Exception$/.printStackTrace(...)] in FILE<NOT @reference> % 31000209.stack_trace()
[trac] [18:50:44] CP/SP     <TRACE> CodeMriAnalyzer-proc> [warning] sasp: 00000018: TRACE: failed to get message: [java.lang./^Throwable$\|^Exception$/.printStackTrace(...)] in FILE<NOT @reference> % 31000209.stack_trace()
[warn] CP/SP     <TRACE> CodeMriAnalyzer-proc> [warning] sasp: 00000018: TRACE: undefined message
[trac] [18:50:44] CP/SP     <TRACE> CodeMriAnalyzer-proc> [warning] sasp: 00000018: TRACE: undefined message
[warn] CP/SP     <TRACE> CodeMriAnalyzer-proc> [warning] sasp: 00000018: TRACE: failed to get message: [java.lang./^Throwable$\|^Exception$/.printStackTrace(...)] in FILE<NOT @reference> % 31000209.stack_trace()
[trac] [18:50:44] CP/SP     <TRACE> CodeMriAnalyzer-proc> [warning] sasp: 00000018: TRACE: failed to get message: [java.lang./^Throwable$\|^Exception$/.printStackTrace(...)] in FILE<NOT @reference> % 31000209.stack_trace()
[warn] CP/SP     <TRACE> CodeMriAnalyzer-proc> [warning] sasp: 00000018: TRACE: undefined message
[trac] [18:50:44] CP/SP     <TRACE> CodeMriAnalyzer-proc> [warning] sasp: 00000018: TRACE: undefined message
[warn] CP/SP     <TRACE> CodeMriAnalyzer-proc> [warning] sasp: 00000018: TRACE: failed to get message: [$1<LIT {{^\(^\(.*\)$\)$}}, NOT LIT "", OR[STRING, ARRAY]>] % 31000259.source_constant($1)
[trac] [18:50:44] CP/SP     <TRACE> CodeMriAnalyzer-proc> [warning] sasp: 00000018: TRACE: failed to get message: [$1<LIT {{^\(^\(.*\)$\)$}}, NOT LIT "", OR[STRING, ARRAY]>] % 31000259.source_constant($1)
[warn] CP/SP     <TRACE> CodeMriAnalyzer-proc> [warning] sasp: 00000018: TRACE: undefined message
[trac] [18:50:44] CP/SP     <TRACE> CodeMriAnalyzer-proc> [warning] sasp: 00000018: TRACE: undefined message
[warn] CP/SP     <TRACE> CodeMriAnalyzer-proc> [warning] sasp: 00000018: TRACE: failed to get message: [java.sql.DriverManager.getConnection($$, $$, $1)] in FILE<NOT @reference> % 31000259.sink_constant($1)
[trac] [18:50:44] CP/SP     <TRACE> CodeMriAnalyzer-proc> [warning] sasp: 00000018: TRACE: failed to get message: [java.sql.DriverManager.getConnection($$, $$, $1)] in FILE<NOT @reference> % 31000259.sink_constant($1)
[warn] CP/SP     <TRACE> CodeMriAnalyzer-proc> [warning] sasp: 00000018: TRACE: undefined message
[trac] [18:50:44] CP/SP     <TRACE> CodeMriAnalyzer-proc> [warning] sasp: 00000018: TRACE: undefined message
[warn] CP/SP     <TRACE> CodeMriAnalyzer-proc> [warning] sasp: 00000019: TRACE: failed to get message: [java.lang./^Throwable$\|^Exception$/.printStackTrace(...)] in FILE<NOT @reference> % 31000209.stack_trace()
[trac] [18:50:44] CP/SP     <TRACE> CodeMriAnalyzer-proc> [warning] sasp: 00000019: TRACE: failed to get message: [java.lang./^Throwable$\|^Exception$/.printStackTrace(...)] in FILE<NOT @reference> % 31000209.stack_trace()
[warn] CP/SP     <TRACE> CodeMriAnalyzer-proc> [warning] sasp: 00000019: TRACE: undefined message
[trac] [18:50:44] CP/SP     <TRACE> CodeMriAnalyzer-proc> [warning] sasp: 00000019: TRACE: undefined message
[warn] CP/SP     <TRACE> CodeMriAnalyzer-proc> [warning] sasp: 00000019: TRACE: failed to get message: [java.lang./^Throwable$\|^Exception$/.printStackTrace(...)] in FILE<NOT @reference> % 31000209.stack_trace()
[trac] [18:50:44] CP/SP     <TRACE> CodeMriAnalyzer-proc> [warning] sasp: 00000019: TRACE: failed to get message: [java.lang./^Throwable$\|^Exception$/.printStackTrace(...)] in FILE<NOT @reference> % 31000209.stack_trace()
[warn] CP/SP     <TRACE> CodeMriAnalyzer-proc> [warning] sasp: 00000019: TRACE: undefined message
[trac] [18:50:44] CP/SP     <TRACE> CodeMriAnalyzer-proc> [warning] sasp: 00000019: TRACE: undefined message
[warn] CP/SP     <TRACE> CodeMriAnalyzer-proc> [warning] sasp: 00000019: TRACE: failed to get message: [java.lang./^Throwable$\|^Exception$/.printStackTrace(...)] in FILE<NOT @reference> % 31000209.stack_trace()
[trac] [18:50:44] CP/SP     <TRACE> CodeMriAnalyzer-proc> [warning] sasp: 00000019: TRACE: failed to get message: [java.lang./^Throwable$\|^Exception$/.printStackTrace(...)] in FILE<NOT @reference> % 31000209.stack_trace()
[warn] CP/SP     <TRACE> CodeMriAnalyzer-proc> [warning] sasp: 00000019: TRACE: undefined message
[trac] [18:50:44] CP/SP     <TRACE> CodeMriAnalyzer-proc> [warning] sasp: 00000019: TRACE: undefined message
[warn] CP/SP     <TRACE> CodeMriAnalyzer-proc> [warning] sasp: 00000019: TRACE: failed to get message: [java.lang./^Throwable$\|^Exception$/.printStackTrace(...)] in FILE<NOT @reference> % 31000209.stack_trace()
[trac] [18:50:44] CP/SP     <TRACE> CodeMriAnalyzer-proc> [warning] sasp: 00000019: TRACE: failed to get message: [java.lang./^Throwable$\|^Exception$/.printStackTrace(...)] in FILE<NOT @reference> % 31000209.stack_trace()
[warn] CP/SP     <TRACE> CodeMriAnalyzer-proc> [warning] sasp: 00000019: TRACE: undefined message
[trac] [18:50:44] CP/SP     <TRACE> CodeMriAnalyzer-proc> [warning] sasp: 00000019: TRACE: undefined message
[warn] CP/SP     <TRACE> CodeMriAnalyzer-proc> [warning] sasp: 00000019: TRACE: failed to get message: [$1<LIT {{^\(^\(.*\)$\)$}}, NOT LIT "", OR[STRING, ARRAY]>] % 31000259.source_constant($1)
[trac] [18:50:44] CP/SP     <TRACE> CodeMriAnalyzer-proc> [warning] sasp: 00000019: TRACE: failed to get message: [$1<LIT {{^\(^\(.*\)$\)$}}, NOT LIT "", OR[STRING, ARRAY]>] % 31000259.source_constant($1)
[warn] CP/SP     <TRACE> CodeMriAnalyzer-proc> [warning] sasp: 00000019: TRACE: undefined message
[trac] [18:50:44] CP/SP     <TRACE> CodeMriAnalyzer-proc> [warning] sasp: 00000019: TRACE: undefined message
[warn] CP/SP     <TRACE> CodeMriAnalyzer-proc> [warning] sasp: 00000019: TRACE: failed to get message: [java.sql.DriverManager.getConnection($$, $$, $1)] in FILE<NOT @reference> % 31000259.sink_constant($1)
[trac] [18:50:44] CP/SP     <TRACE> CodeMriAnalyzer-proc> [warning] sasp: 00000019: TRACE: failed to get message: [java.sql.DriverManager.getConnection($$, $$, $1)] in FILE<NOT @reference> % 31000259.sink_constant($1)
[warn] CP/SP     <TRACE> CodeMriAnalyzer-proc> [warning] sasp: 00000019: TRACE: undefined message
[trac] [18:50:44] CP/SP     <TRACE> CodeMriAnalyzer-proc> [warning] sasp: 00000019: TRACE: undefined message
#41,100
[trac] [18:50:44] CP/SP     <TRACE> CodeMriAnalyzer-proc> [info] Progress: 5 %
[warn] CP/SP     <TRACE> CodeMriAnalyzer-proc> [warning] sasp: 00000020: TRACE: failed to get message: [java.lang./^Throwable$\|^Exception$/.printStackTrace(...)] in FILE<NOT @reference> % 31000209.stack_trace()
[trac] [18:50:44] CP/SP     <TRACE> CodeMriAnalyzer-proc> [warning] sasp: 00000020: TRACE: failed to get message: [java.lang./^Throwable$\|^Exception$/.printStackTrace(...)] in FILE<NOT @reference> % 31000209.stack_trace()
[warn] CP/SP     <TRACE> CodeMriAnalyzer-proc> [warning] sasp: 00000020: TRACE: undefined message
[trac] [18:50:44] CP/SP     <TRACE> CodeMriAnalyzer-proc> [warning] sasp: 00000020: TRACE: undefined message
[warn] CP/SP     <TRACE> CodeMriAnalyzer-proc> [warning] sasp: 00000020: TRACE: failed to get message: [java.lang./^Throwable$\|^Exception$/.printStackTrace(...)] in FILE<NOT @reference> % 31000209.stack_trace()
[trac] [18:50:44] CP/SP     <TRACE> CodeMriAnalyzer-proc> [warning] sasp: 00000020: TRACE: failed to get message: [java.lang./^Throwable$\|^Exception$/.printStackTrace(...)] in FILE<NOT @reference> % 31000209.stack_trace()
[warn] CP/SP     <TRACE> CodeMriAnalyzer-proc> [warning] sasp: 00000020: TRACE: undefined message
[trac] [18:50:44] CP/SP     <TRACE> CodeMriAnalyzer-proc> [warning] sasp: 00000020: TRACE: undefined message
[warn] CP/SP     <TRACE> CodeMriAnalyzer-proc> [warning] sasp: 00000020: TRACE: failed to get message: [java.lang./^Throwable$\|^Exception$/.printStackTrace(...)] in FILE<NOT @reference> % 31000209.stack_trace()
[trac] [18:50:44] CP/SP     <TRACE> CodeMriAnalyzer-proc> [warning] sasp: 00000020: TRACE: failed to get message: [java.lang./^Throwable$\|^Exception$/.printStackTrace(...)] in FILE<NOT @reference> % 31000209.stack_trace()
[warn] CP/SP     <TRACE> CodeMriAnalyzer-proc> [warning] sasp: 00000020: TRACE: undefined message
[trac] [18:50:44] CP/SP     <TRACE> CodeMriAnalyzer-proc> [warning] sasp: 00000020: TRACE: undefined message
[warn] CP/SP     <TRACE> CodeMriAnalyzer-proc> [warning] sasp: 00000020: TRACE: failed to get message: [java.lang./^Throwable$\|^Exception$/.printStackTrace(...)] in FILE<NOT @reference> % 31000209.stack_trace()
[trac] [18:50:44] CP/SP     <TRACE> CodeMriAnalyzer-proc> [warning] sasp: 00000020: TRACE: failed to get message: [java.lang./^Throwable$\|^Exception$/.printStackTrace(...)] in FILE<NOT @reference> % 31000209.stack_trace()
[warn] CP/SP     <TRACE> CodeMriAnalyzer-proc> [warning] sasp: 00000020: TRACE: undefined message
[trac] [18:50:44] CP/SP     <TRACE> CodeMriAnalyzer-proc> [warning] sasp: 00000020: TRACE: undefined message
[warn] CP/SP     <TRACE> CodeMriAnalyzer-proc> [warning] sasp: 00000020: TRACE: failed to get message: [$1<LIT {{^\(^\(.*\)$\)$}}, NOT LIT "", OR[STRING, ARRAY]>] % 31000259.source_constant($1)
[trac] [18:50:44] CP/SP     <TRACE> CodeMriAnalyzer-proc> [warning] sasp: 00000020: TRACE: failed to get message: [$1<LIT {{^\(^\(.*\)$\)$}}, NOT LIT "", OR[STRING, ARRAY]>] % 31000259.source_constant($1)
[warn] CP/SP     <TRACE> CodeMriAnalyzer-proc> [warning] sasp: 00000020: TRACE: undefined message
[trac] [18:50:44] CP/SP     <TRACE> CodeMriAnalyzer-proc> [warning] sasp: 00000020: TRACE: undefined message
[warn] CP/SP     <TRACE> CodeMriAnalyzer-proc> [warning] sasp: 00000020: TRACE: failed to get message: [java.sql.DriverManager.getConnection($$, $$, $1)] in FILE<NOT @reference> % 31000259.sink_constant($1)
[trac] [18:50:44] CP/SP     <TRACE> CodeMriAnalyzer-proc> [warning] sasp: 00000020: TRACE: failed to get message: [java.sql.DriverManager.getConnection($$, $$, $1)] in FILE<NOT @reference> % 31000259.sink_constant($1)
[warn] CP/SP     <TRACE> CodeMriAnalyzer-proc> [warning] sasp: 00000020: TRACE: undefined message
[trac] [18:50:44] CP/SP     <TRACE> CodeMriAnalyzer-proc> [warning] sasp: 00000020: TRACE: undefined message
[warn] CP/SP     <TRACE> CodeMriAnalyzer-proc> [warning] sasp: 00000021: TRACE: failed to get message: [java.lang./^Throwable$\|^Exception$/.printStackTrace(...)] in FILE<NOT @reference> % 31000209.stack_trace()
[trac] [18:50:44] CP/SP     <TRACE> CodeMriAnalyzer-proc> [warning] sasp: 00000021: TRACE: failed to get message: [java.lang./^Throwable$\|^Exception$/.printStackTrace(...)] in FILE<NOT @reference> % 31000209.stack_trace()
[warn] CP/SP     <TRACE> CodeMriAnalyzer-proc> [warning] sasp: 00000021: TRACE: undefined message
[trac] [18:50:44] CP/SP     <TRACE> CodeMriAnalyzer-proc> [warning] sasp: 00000021: TRACE: undefined message
[warn] CP/SP     <TRACE> CodeMriAnalyzer-proc> [warning] sasp: 00000021: TRACE: failed to get message: [java.lang./^Throwable$\|^Exception$/.printStackTrace(...)] in FILE<NOT @reference> % 31000209.stack_trace()
[trac] [18:50:44] CP/SP     <TRACE> CodeMriAnalyzer-proc> [warning] sasp: 00000021: TRACE: failed to get message: [java.lang./^Throwable$\|^Exception$/.printStackTrace(...)] in FILE<NOT @reference> % 31000209.stack_trace()
[warn] CP/SP     <TRACE> CodeMriAnalyzer-proc> [warning] sasp: 00000021: TRACE: undefined message
[trac] [18:50:44] CP/SP     <TRACE> CodeMriAnalyzer-proc> [warning] sasp: 00000021: TRACE: undefined message
[warn] CP/SP     <TRACE> CodeMriAnalyzer-proc> [warning] sasp: 00000021: TRACE: failed to get message: [java.lang./^Throwable$\|^Exception$/.printStackTrace(...)] in FILE<NOT @reference> % 31000209.stack_trace()
[trac] [18:50:44] CP/SP     <TRACE> CodeMriAnalyzer-proc> [warning] sasp: 00000021: TRACE: failed to get message: [java.lang./^Throwable$\|^Exception$/.printStackTrace(...)] in FILE<NOT @reference> % 31000209.stack_trace()
[warn] CP/SP     <TRACE> CodeMriAnalyzer-proc> [warning] sasp: 00000021: TRACE: undefined message
[trac] [18:50:44] CP/SP     <TRACE> CodeMriAnalyzer-proc> [warning] sasp: 00000021: TRACE: undefined message
[warn] CP/SP     <TRACE> CodeMriAnalyzer-proc> [warning] sasp: 00000021: TRACE: failed to get message: [java.lang./^Throwable$\|^Exception$/.printStackTrace(...)] in FILE<NOT @reference> % 31000209.stack_trace()
[trac] [18:50:44] CP/SP     <TRACE> CodeMriAnalyzer-proc> [warning] sasp: 00000021: TRACE: failed to get message: [java.lang./^Throwable$\|^Exception$/.printStackTrace(...)] in FILE<NOT @reference> % 31000209.stack_trace()
[warn] CP/SP     <TRACE> CodeMriAnalyzer-proc> [warning] sasp: 00000021: TRACE: undefined message
[trac] [18:50:44] CP/SP     <TRACE> CodeMriAnalyzer-proc> [warning] sasp: 00000021: TRACE: undefined message
[warn] CP/SP     <TRACE> CodeMriAnalyzer-proc> [warning] sasp: 00000021: TRACE: failed to get message: [$1<LIT {{^\(^\(.*\)$\)$}}, NOT LIT "", OR[STRING, ARRAY]>] % 31000259.source_constant($1)
[trac] [18:50:44] CP/SP     <TRACE> CodeMriAnalyzer-proc> [warning] sasp: 00000021: TRACE: failed to get message: [$1<LIT {{^\(^\(.*\)$\)$}}, NOT LIT "", OR[STRING, ARRAY]>] % 31000259.source_constant($1)
[warn] CP/SP     <TRACE> CodeMriAnalyzer-proc> [warning] sasp: 00000021: TRACE: undefined message
[trac] [18:50:44] CP/SP     <TRACE> CodeMriAnalyzer-proc> [warning] sasp: 00000021: TRACE: undefined message
[warn] CP/SP     <TRACE> CodeMriAnalyzer-proc> [warning] sasp: 00000021: TRACE: failed to get message: [java.sql.DriverManager.getConnection($$, $$, $1)] in FILE<NOT @reference> % 31000259.sink_constant($1)
[trac] [18:50:44] CP/SP     <TRACE> CodeMriAnalyzer-proc> [warning] sasp: 00000021: TRACE: failed to get message: [java.sql.DriverManager.getConnection($$, $$, $1)] in FILE<NOT @reference> % 31000259.sink_constant($1)
[warn] CP/SP     <TRACE> CodeMriAnalyzer-proc> [warning] sasp: 00000021: TRACE: undefined message
[trac] [18:50:44] CP/SP     <TRACE> CodeMriAnalyzer-proc> [warning] sasp: 00000021: TRACE: undefined message
[warn] CP/SP     <TRACE> CodeMriAnalyzer-proc> [warning] sasp: 00000022: TRACE: failed to get message: [java.lang./^Throwable$\|^Exception$/.printStackTrace(...)] in FILE<NOT @reference> % 31000209.stack_trace()
[trac] [18:50:44] CP/SP     <TRACE> CodeMriAnalyzer-proc> [warning] sasp: 00000022: TRACE: failed to get message: [java.lang./^Throwable$\|^Exception$/.printStackTrace(...)] in FILE<NOT @reference> % 31000209.stack_trace()
[warn] CP/SP     <TRACE> CodeMriAnalyzer-proc> [warning] sasp: 00000022: TRACE: undefined message
[trac] [18:50:44] CP/SP     <TRACE> CodeMriAnalyzer-proc> [warning] sasp: 00000022: TRACE: undefined message
[warn] CP/SP     <TRACE> CodeMriAnalyzer-proc> [warning] sasp: 00000022: TRACE: failed to get message: [java.lang./^Throwable$\|^Exception$/.printStackTrace(...)] in FILE<NOT @reference> % 31000209.stack_trace()
[trac] [18:50:44] CP/SP     <TRACE> CodeMriAnalyzer-proc> [warning] sasp: 00000022: TRACE: failed to get message: [java.lang./^Throwable$\|^Exception$/.printStackTrace(...)] in FILE<NOT @reference> % 31000209.stack_trace()
[warn] CP/SP     <TRACE> CodeMriAnalyzer-proc> [warning] sasp: 00000022: TRACE: undefined message
[trac] [18:50:44] CP/SP     <TRACE> CodeMriAnalyzer-proc> [warning] sasp: 00000022: TRACE: undefined message
[warn] CP/SP     <TRACE> CodeMriAnalyzer-proc> [warning] sasp: 00000022: TRACE: failed to get message: [java.lang./^Throwable$\|^Exception$/.printStackTrace(...)] in FILE<NOT @reference> % 31000209.stack_trace()
[trac] [18:50:44] CP/SP     <TRACE> CodeMriAnalyzer-proc> [warning] sasp: 00000022: TRACE: failed to get message: [java.lang./^Throwable$\|^Exception$/.printStackTrace(...)] in FILE<NOT @reference> % 31000209.stack_trace()
[warn] CP/SP     <TRACE> CodeMriAnalyzer-proc> [warning] sasp: 00000022: TRACE: undefined message
[trac] [18:50:44] CP/SP     <TRACE> CodeMriAnalyzer-proc> [warning] sasp: 00000022: TRACE: undefined message
[warn] CP/SP     <TRACE> CodeMriAnalyzer-proc> [warning] sasp: 00000022: TRACE: failed to get message: [java.lang./^Throwable$\|^Exception$/.printStackTrace(...)] in FILE<NOT @reference> % 31000209.stack_trace()
[trac] [18:50:44] CP/SP     <TRACE> CodeMriAnalyzer-proc> [warning] sasp: 00000022: TRACE: failed to get message: [java.lang./^Throwable$\|^Exception$/.printStackTrace(...)] in FILE<NOT @reference> % 31000209.stack_trace()
[warn] CP/SP     <TRACE> CodeMriAnalyzer-proc> [warning] sasp: 00000022: TRACE: undefined message
[trac] [18:50:44] CP/SP     <TRACE> CodeMriAnalyzer-proc> [warning] sasp: 00000022: TRACE: undefined message
[warn] CP/SP     <TRACE> CodeMriAnalyzer-proc> [warning] sasp: 00000022: TRACE: failed to get message: [$1<LIT {{^\(^\(.*\)$\)$}}, NOT LIT "", OR[STRING, ARRAY]>] % 31000259.source_constant($1)
[trac] [18:50:44] CP/SP     <TRACE> CodeMriAnalyzer-proc> [warning] sasp: 00000022: TRACE: failed to get message: [$1<LIT {{^\(^\(.*\)$\)$}}, NOT LIT "", OR[STRING, ARRAY]>] % 31000259.source_constant($1)
[warn] CP/SP     <TRACE> CodeMriAnalyzer-proc> [warning] sasp: 00000022: TRACE: undefined message
[trac] [18:50:44] CP/SP     <TRACE> CodeMriAnalyzer-proc> [warning] sasp: 00000022: TRACE: undefined message
[warn] CP/SP     <TRACE> CodeMriAnalyzer-proc> [warning] sasp: 00000022: TRACE: failed to get message: [java.sql.DriverManager.getConnection($$, $$, $1)] in FILE<NOT @reference> % 31000259.sink_constant($1)
[trac] [18:50:44] CP/SP     <TRACE> CodeMriAnalyzer-proc> [warning] sasp: 00000022: TRACE: failed to get message: [java.sql.DriverManager.getConnection($$, $$, $1)] in FILE<NOT @reference> % 31000259.sink_constant($1)
[warn] CP/SP     <TRACE> CodeMriAnalyzer-proc> [warning] sasp: 00000022: TRACE: undefined message
[trac] [18:50:44] CP/SP     <TRACE> CodeMriAnalyzer-proc> [warning] sasp: 00000022: TRACE: undefined message
[warn] CP/SP     <TRACE> CodeMriAnalyzer-proc> [warning] sasp: 00000023: TRACE: failed to get message: [java.lang./^Throwable$\|^Exception$/.printStackTrace(...)] in FILE<NOT @reference> % 31000209.stack_trace()
[trac] [18:50:44] CP/SP     <TRACE> CodeMriAnalyzer-proc> [warning] sasp: 00000023: TRACE: failed to get message: [java.lang./^Throwable$\|^Exception$/.printStackTrace(...)] in FILE<NOT @reference> % 31000209.stack_trace()
[warn] CP/SP     <TRACE> CodeMriAnalyzer-proc> [warning] sasp: 00000023: TRACE: undefined message
[trac] [18:50:44] CP/SP     <TRACE> CodeMriAnalyzer-proc> [warning] sasp: 00000023: TRACE: undefined message
[warn] CP/SP     <TRACE> CodeMriAnalyzer-proc> [warning] sasp: 00000023: TRACE: failed to get message: [java.lang./^Throwable$\|^Exception$/.printStackTrace(...)] in FILE<NOT @reference> % 31000209.stack_trace()
[trac] [18:50:44] CP/SP     <TRACE> CodeMriAnalyzer-proc> [warning] sasp: 00000023: TRACE: failed to get message: [java.lang./^Throwable$\|^Exception$/.printStackTrace(...)] in FILE<NOT @reference> % 31000209.stack_trace()
[warn] CP/SP     <TRACE> CodeMriAnalyzer-proc> [warning] sasp: 00000023: TRACE: undefined message
[trac] [18:50:44] CP/SP     <TRACE> CodeMriAnalyzer-proc> [warning] sasp: 00000023: TRACE: undefined message
[warn] CP/SP     <TRACE> CodeMriAnalyzer-proc> [warning] sasp: 00000023: TRACE: failed to get message: [java.lang./^Throwable$\|^Exception$/.printStackTrace(...)] in FILE<NOT @reference> % 31000209.stack_trace()
[trac] [18:50:44] CP/SP     <TRACE> CodeMriAnalyzer-proc> [warning] sasp: 00000023: TRACE: failed to get message: [java.lang./^Throwable$\|^Exception$/.printStackTrace(...)] in FILE<NOT @reference> % 31000209.stack_trace()
[warn] CP/SP     <TRACE> CodeMriAnalyzer-proc> [warning] sasp: 00000023: TRACE: undefined message
[trac] [18:50:44] CP/SP     <TRACE> CodeMriAnalyzer-proc> [warning] sasp: 00000023: TRACE: undefined message
[warn] CP/SP     <TRACE> CodeMriAnalyzer-proc> [warning] sasp: 00000023: TRACE: failed to get message: [java.lang./^Throwable$\|^Exception$/.printStackTrace(...)] in FILE<NOT @reference> % 31000209.stack_trace()
[trac] [18:50:44] CP/SP     <TRACE> CodeMriAnalyzer-proc> [warning] sasp: 00000023: TRACE: failed to get message: [java.lang./^Throwable$\|^Exception$/.printStackTrace(...)] in FILE<NOT @reference> % 31000209.stack_trace()
[warn] CP/SP     <TRACE> CodeMriAnalyzer-proc> [warning] sasp: 00000023: TRACE: undefined message
[trac] [18:50:44] CP/SP     <TRACE> CodeMriAnalyzer-proc> [warning] sasp: 00000023: TRACE: undefined message
[warn] CP/SP     <TRACE> CodeMriAnalyzer-proc> [warning] sasp: 00000023: TRACE: failed to get message: [$1<LIT {{^\(^\(.*\)$\)$}}, NOT LIT "", OR[STRING, ARRAY]>] % 31000259.source_constant($1)
[trac] [18:50:44] CP/SP     <TRACE> CodeMriAnalyzer-proc> [warning] sasp: 00000023: TRACE: failed to get message: [$1<LIT {{^\(^\(.*\)$\)$}}, NOT LIT "", OR[STRING, ARRAY]>] % 31000259.source_constant($1)
[warn] CP/SP     <TRACE> CodeMriAnalyzer-proc> [warning] sasp: 00000023: TRACE: undefined message
[trac] [18:50:44] CP/SP     <TRACE> CodeMriAnalyzer-proc> [warning] sasp: 00000023: TRACE: undefined message
[warn] CP/SP     <TRACE> CodeMriAnalyzer-proc> [warning] sasp: 00000023: TRACE: failed to get message: [java.sql.DriverManager.getConnection($$, $$, $1)] in FILE<NOT @reference> % 31000259.sink_constant($1)
[trac] [18:50:44] CP/SP     <TRACE> CodeMriAnalyzer-proc> [warning] sasp: 00000023: TRACE: failed to get message: [java.sql.DriverManager.getConnection($$, $$, $1)] in FILE<NOT @reference> % 31000259.sink_constant($1)
[warn] CP/SP     <TRACE> CodeMriAnalyzer-proc> [warning] sasp: 00000023: TRACE: undefined message
[trac] [18:50:44] CP/SP     <TRACE> CodeMriAnalyzer-proc> [warning] sasp: 00000023: TRACE: undefined message
#41,100
[trac] [18:50:44] CP/SP     <TRACE> CodeMriAnalyzer-proc> [info] Progress: 6 %
[warn] CP/SP     <TRACE> CodeMriAnalyzer-proc> [warning] sasp: 00000024: TRACE: failed to get message: [java.lang./^Throwable$\|^Exception$/.printStackTrace(...)] in FILE<NOT @reference> % 31000209.stack_trace()
[trac] [18:50:44] CP/SP     <TRACE> CodeMriAnalyzer-proc> [warning] sasp: 00000024: TRACE: failed to get message: [java.lang./^Throwable$\|^Exception$/.printStackTrace(...)] in FILE<NOT @reference> % 31000209.stack_trace()
[warn] CP/SP     <TRACE> CodeMriAnalyzer-proc> [warning] sasp: 00000024: TRACE: undefined message
[trac] [18:50:44] CP/SP     <TRACE> CodeMriAnalyzer-proc> [warning] sasp: 00000024: TRACE: undefined message
[warn] CP/SP     <TRACE> CodeMriAnalyzer-proc> [warning] sasp: 00000024: TRACE: failed to get message: [java.lang./^Throwable$\|^Exception$/.printStackTrace(...)] in FILE<NOT @reference> % 31000209.stack_trace()
[trac] [18:50:44] CP/SP     <TRACE> CodeMriAnalyzer-proc> [warning] sasp: 00000024: TRACE: failed to get message: [java.lang./^Throwable$\|^Exception$/.printStackTrace(...)] in FILE<NOT @reference> % 31000209.stack_trace()
[warn] CP/SP     <TRACE> CodeMriAnalyzer-proc> [warning] sasp: 00000024: TRACE: undefined message
[trac] [18:50:44] CP/SP     <TRACE> CodeMriAnalyzer-proc> [warning] sasp: 00000024: TRACE: undefined message
[warn] CP/SP     <TRACE> CodeMriAnalyzer-proc> [warning] sasp: 00000024: TRACE: failed to get message: [java.lang./^Throwable$\|^Exception$/.printStackTrace(...)] in FILE<NOT @reference> % 31000209.stack_trace()
[trac] [18:50:44] CP/SP     <TRACE> CodeMriAnalyzer-proc> [warning] sasp: 00000024: TRACE: failed to get message: [java.lang./^Throwable$\|^Exception$/.printStackTrace(...)] in FILE<NOT @reference> % 31000209.stack_trace()
[warn] CP/SP     <TRACE> CodeMriAnalyzer-proc> [warning] sasp: 00000024: TRACE: undefined message
[trac] [18:50:44] CP/SP     <TRACE> CodeMriAnalyzer-proc> [warning] sasp: 00000024: TRACE: undefined message
[warn] CP/SP     <TRACE> CodeMriAnalyzer-proc> [warning] sasp: 00000024: TRACE: failed to get message: [java.lang./^Throwable$\|^Exception$/.printStackTrace(...)] in FILE<NOT @reference> % 31000209.stack_trace()
[trac] [18:50:44] CP/SP     <TRACE> CodeMriAnalyzer-proc> [warning] sasp: 00000024: TRACE: failed to get message: [java.lang./^Throwable$\|^Exception$/.printStackTrace(...)] in FILE<NOT @reference> % 31000209.stack_trace()
[warn] CP/SP     <TRACE> CodeMriAnalyzer-proc> [warning] sasp: 00000024: TRACE: undefined message
[trac] [18:50:44] CP/SP     <TRACE> CodeMriAnalyzer-proc> [warning] sasp: 00000024: TRACE: undefined message
[warn] CP/SP     <TRACE> CodeMriAnalyzer-proc> [warning] sasp: 00000024: TRACE: failed to get message: [$1<LIT {{^\(^\(.*\)$\)$}}, NOT LIT "", OR[STRING, ARRAY]>] % 31000259.source_constant($1)
[trac] [18:50:44] CP/SP     <TRACE> CodeMriAnalyzer-proc> [warning] sasp: 00000024: TRACE: failed to get message: [$1<LIT {{^\(^\(.*\)$\)$}}, NOT LIT "", OR[STRING, ARRAY]>] % 31000259.source_constant($1)
[warn] CP/SP     <TRACE> CodeMriAnalyzer-proc> [warning] sasp: 00000024: TRACE: undefined message
[trac] [18:50:44] CP/SP     <TRACE> CodeMriAnalyzer-proc> [warning] sasp: 00000024: TRACE: undefined message
[warn] CP/SP     <TRACE> CodeMriAnalyzer-proc> [warning] sasp: 00000024: TRACE: failed to get message: [java.sql.DriverManager.getConnection($$, $$, $1)] in FILE<NOT @reference> % 31000259.sink_constant($1)
[trac] [18:50:44] CP/SP     <TRACE> CodeMriAnalyzer-proc> [warning] sasp: 00000024: TRACE: failed to get message: [java.sql.DriverManager.getConnection($$, $$, $1)] in FILE<NOT @reference> % 31000259.sink_constant($1)
[warn] CP/SP     <TRACE> CodeMriAnalyzer-proc> [warning] sasp: 00000024: TRACE: undefined message
[trac] [18:50:44] CP/SP     <TRACE> CodeMriAnalyzer-proc> [warning] sasp: 00000024: TRACE: undefined message
[warn] CP/SP     <TRACE> CodeMriAnalyzer-proc> [warning] sasp: 00000025: TRACE: failed to get message: [java.lang./^Throwable$\|^Exception$/.printStackTrace(...)] in FILE<NOT @reference> % 31000209.stack_trace()
[trac] [18:50:44] CP/SP     <TRACE> CodeMriAnalyzer-proc> [warning] sasp: 00000025: TRACE: failed to get message: [java.lang./^Throwable$\|^Exception$/.printStackTrace(...)] in FILE<NOT @reference> % 31000209.stack_trace()
[warn] CP/SP     <TRACE> CodeMriAnalyzer-proc> [warning] sasp: 00000025: TRACE: undefined message
[trac] [18:50:44] CP/SP     <TRACE> CodeMriAnalyzer-proc> [warning] sasp: 00000025: TRACE: undefined message
[warn] CP/SP     <TRACE> CodeMriAnalyzer-proc> [warning] sasp: 00000025: TRACE: failed to get message: [java.lang./^Throwable$\|^Exception$/.printStackTrace(...)] in FILE<NOT @reference> % 31000209.stack_trace()
[trac] [18:50:44] CP/SP     <TRACE> CodeMriAnalyzer-proc> [warning] sasp: 00000025: TRACE: failed to get message: [java.lang./^Throwable$\|^Exception$/.printStackTrace(...)] in FILE<NOT @reference> % 31000209.stack_trace()
[warn] CP/SP     <TRACE> CodeMriAnalyzer-proc> [warning] sasp: 00000025: TRACE: undefined message
[trac] [18:50:44] CP/SP     <TRACE> CodeMriAnalyzer-proc> [warning] sasp: 00000025: TRACE: undefined message
[warn] CP/SP     <TRACE> CodeMriAnalyzer-proc> [warning] sasp: 00000025: TRACE: failed to get message: [java.lang./^Throwable$\|^Exception$/.printStackTrace(...)] in FILE<NOT @reference> % 31000209.stack_trace()
[trac] [18:50:44] CP/SP     <TRACE> CodeMriAnalyzer-proc> [warning] sasp: 00000025: TRACE: failed to get message: [java.lang./^Throwable$\|^Exception$/.printStackTrace(...)] in FILE<NOT @reference> % 31000209.stack_trace()
[warn] CP/SP     <TRACE> CodeMriAnalyzer-proc> [warning] sasp: 00000025: TRACE: undefined message
[trac] [18:50:44] CP/SP     <TRACE> CodeMriAnalyzer-proc> [warning] sasp: 00000025: TRACE: undefined message
[warn] CP/SP     <TRACE> CodeMriAnalyzer-proc> [warning] sasp: 00000025: TRACE: failed to get message: [java.lang./^Throwable$\|^Exception$/.printStackTrace(...)] in FILE<NOT @reference> % 31000209.stack_trace()
[trac] [18:50:44] CP/SP     <TRACE> CodeMriAnalyzer-proc> [warning] sasp: 00000025: TRACE: failed to get message: [java.lang./^Throwable$\|^Exception$/.printStackTrace(...)] in FILE<NOT @reference> % 31000209.stack_trace()
[warn] CP/SP     <TRACE> CodeMriAnalyzer-proc> [warning] sasp: 00000025: TRACE: undefined message
[trac] [18:50:44] CP/SP     <TRACE> CodeMriAnalyzer-proc> [warning] sasp: 00000025: TRACE: undefined message
[warn] CP/SP     <TRACE> CodeMriAnalyzer-proc> [warning] sasp: 00000025: TRACE: failed to get message: [$1<LIT {{^\(^\(.*\)$\)$}}, NOT LIT "", OR[STRING, ARRAY]>] % 31000259.source_constant($1)
[trac] [18:50:44] CP/SP     <TRACE> CodeMriAnalyzer-proc> [warning] sasp: 00000025: TRACE: failed to get message: [$1<LIT {{^\(^\(.*\)$\)$}}, NOT LIT "", OR[STRING, ARRAY]>] % 31000259.source_constant($1)
[warn] CP/SP     <TRACE> CodeMriAnalyzer-proc> [warning] sasp: 00000025: TRACE: undefined message
[trac] [18:50:44] CP/SP     <TRACE> CodeMriAnalyzer-proc> [warning] sasp: 00000025: TRACE: undefined message
[warn] CP/SP     <TRACE> CodeMriAnalyzer-proc> [warning] sasp: 00000025: TRACE: failed to get message: [java.sql.DriverManager.getConnection($$, $$, $1)] in FILE<NOT @reference> % 31000259.sink_constant($1)
[trac] [18:50:44] CP/SP     <TRACE> CodeMriAnalyzer-proc> [warning] sasp: 00000025: TRACE: failed to get message: [java.sql.DriverManager.getConnection($$, $$, $1)] in FILE<NOT @reference> % 31000259.sink_constant($1)
[warn] CP/SP     <TRACE> CodeMriAnalyzer-proc> [warning] sasp: 00000025: TRACE: undefined message
[trac] [18:50:44] CP/SP     <TRACE> CodeMriAnalyzer-proc> [warning] sasp: 00000025: TRACE: undefined message
[warn] CP/SP     <TRACE> CodeMriAnalyzer-proc> [warning] sasp: 00000026: TRACE: failed to get message: [java.lang./^Throwable$\|^Exception$/.printStackTrace(...)] in FILE<NOT @reference> % 31000209.stack_trace()
[trac] [18:50:44] CP/SP     <TRACE> CodeMriAnalyzer-proc> [warning] sasp: 00000026: TRACE: failed to get message: [java.lang./^Throwable$\|^Exception$/.printStackTrace(...)] in FILE<NOT @reference> % 31000209.stack_trace()
[warn] CP/SP     <TRACE> CodeMriAnalyzer-proc> [warning] sasp: 00000026: TRACE: undefined message
[trac] [18:50:44] CP/SP     <TRACE> CodeMriAnalyzer-proc> [warning] sasp: 00000026: TRACE: undefined message
[warn] CP/SP     <TRACE> CodeMriAnalyzer-proc> [warning] sasp: 00000026: TRACE: failed to get message: [java.lang./^Throwable$\|^Exception$/.printStackTrace(...)] in FILE<NOT @reference> % 31000209.stack_trace()
[trac] [18:50:44] CP/SP     <TRACE> CodeMriAnalyzer-proc> [warning] sasp: 00000026: TRACE: failed to get message: [java.lang./^Throwable$\|^Exception$/.printStackTrace(...)] in FILE<NOT @reference> % 31000209.stack_trace()
[warn] CP/SP     <TRACE> CodeMriAnalyzer-proc> [warning] sasp: 00000026: TRACE: undefined message
[trac] [18:50:44] CP/SP     <TRACE> CodeMriAnalyzer-proc> [warning] sasp: 00000026: TRACE: undefined message
[warn] CP/SP     <TRACE> CodeMriAnalyzer-proc> [warning] sasp: 00000026: TRACE: failed to get message: [java.lang./^Throwable$\|^Exception$/.printStackTrace(...)] in FILE<NOT @reference> % 31000209.stack_trace()
[trac] [18:50:44] CP/SP     <TRACE> CodeMriAnalyzer-proc> [warning] sasp: 00000026: TRACE: failed to get message: [java.lang./^Throwable$\|^Exception$/.printStackTrace(...)] in FILE<NOT @reference> % 31000209.stack_trace()
[warn] CP/SP     <TRACE> CodeMriAnalyzer-proc> [warning] sasp: 00000026: TRACE: undefined message
[trac] [18:50:44] CP/SP     <TRACE> CodeMriAnalyzer-proc> [warning] sasp: 00000026: TRACE: undefined message
[warn] CP/SP     <TRACE> CodeMriAnalyzer-proc> [warning] sasp: 00000026: TRACE: failed to get message: [java.lang./^Throwable$\|^Exception$/.printStackTrace(...)] in FILE<NOT @reference> % 31000209.stack_trace()
[trac] [18:50:44] CP/SP     <TRACE> CodeMriAnalyzer-proc> [warning] sasp: 00000026: TRACE: failed to get message: [java.lang./^Throwable$\|^Exception$/.printStackTrace(...)] in FILE<NOT @reference> % 31000209.stack_trace()
[warn] CP/SP     <TRACE> CodeMriAnalyzer-proc> [warning] sasp: 00000026: TRACE: undefined message
[trac] [18:50:44] CP/SP     <TRACE> CodeMriAnalyzer-proc> [warning] sasp: 00000026: TRACE: undefined message
[warn] CP/SP     <TRACE> CodeMriAnalyzer-proc> [warning] sasp: 00000026: TRACE: failed to get message: [$1<LIT {{^\(^\(.*\)$\)$}}, NOT LIT "", OR[STRING, ARRAY]>] % 31000259.source_constant($1)
[trac] [18:50:44] CP/SP     <TRACE> CodeMriAnalyzer-proc> [warning] sasp: 00000026: TRACE: failed to get message: [$1<LIT {{^\(^\(.*\)$\)$}}, NOT LIT "", OR[STRING, ARRAY]>] % 31000259.source_constant($1)
[warn] CP/SP     <TRACE> CodeMriAnalyzer-proc> [warning] sasp: 00000026: TRACE: undefined message
[trac] [18:50:44] CP/SP     <TRACE> CodeMriAnalyzer-proc> [warning] sasp: 00000026: TRACE: undefined message
[warn] CP/SP     <TRACE> CodeMriAnalyzer-proc> [warning] sasp: 00000026: TRACE: failed to get message: [java.sql.DriverManager.getConnection($$, $$, $1)] in FILE<NOT @reference> % 31000259.sink_constant($1)
[trac] [18:50:44] CP/SP     <TRACE> CodeMriAnalyzer-proc> [warning] sasp: 00000026: TRACE: failed to get message: [java.sql.DriverManager.getConnection($$, $$, $1)] in FILE<NOT @reference> % 31000259.sink_constant($1)
[warn] CP/SP     <TRACE> CodeMriAnalyzer-proc> [warning] sasp: 00000026: TRACE: undefined message
[trac] [18:50:44] CP/SP     <TRACE> CodeMriAnalyzer-proc> [warning] sasp: 00000026: TRACE: undefined message
#42,100
[trac] [18:50:44] CP/SP     <TRACE> CodeMriAnalyzer-proc> [info] Progress: 7 %
[warn] CP/SP     <TRACE> CodeMriAnalyzer-proc> [warning] sasp: 00000027: TRACE: failed to get message: [java.lang./^Throwable$\|^Exception$/.printStackTrace(...)] in FILE<NOT @reference> % 31000209.stack_trace()
[trac] [18:50:44] CP/SP     <TRACE> CodeMriAnalyzer-proc> [warning] sasp: 00000027: TRACE: failed to get message: [java.lang./^Throwable$\|^Exception$/.printStackTrace(...)] in FILE<NOT @reference> % 31000209.stack_trace()
[warn] CP/SP     <TRACE> CodeMriAnalyzer-proc> [warning] sasp: 00000027: TRACE: undefined message
[trac] [18:50:44] CP/SP     <TRACE> CodeMriAnalyzer-proc> [warning] sasp: 00000027: TRACE: undefined message
[warn] CP/SP     <TRACE> CodeMriAnalyzer-proc> [warning] sasp: 00000027: TRACE: failed to get message: [java.lang./^Throwable$\|^Exception$/.printStackTrace(...)] in FILE<NOT @reference> % 31000209.stack_trace()
[trac] [18:50:44] CP/SP     <TRACE> CodeMriAnalyzer-proc> [warning] sasp: 00000027: TRACE: failed to get message: [java.lang./^Throwable$\|^Exception$/.printStackTrace(...)] in FILE<NOT @reference> % 31000209.stack_trace()
[warn] CP/SP     <TRACE> CodeMriAnalyzer-proc> [warning] sasp: 00000027: TRACE: undefined message
[trac] [18:50:44] CP/SP     <TRACE> CodeMriAnalyzer-proc> [warning] sasp: 00000027: TRACE: undefined message
[warn] CP/SP     <TRACE> CodeMriAnalyzer-proc> [warning] sasp: 00000027: TRACE: failed to get message: [java.lang./^Throwable$\|^Exception$/.printStackTrace(...)] in FILE<NOT @reference> % 31000209.stack_trace()
[trac] [18:50:44] CP/SP     <TRACE> CodeMriAnalyzer-proc> [warning] sasp: 00000027: TRACE: failed to get message: [java.lang./^Throwable$\|^Exception$/.printStackTrace(...)] in FILE<NOT @reference> % 31000209.stack_trace()
[warn] CP/SP     <TRACE> CodeMriAnalyzer-proc> [warning] sasp: 00000027: TRACE: undefined message
[trac] [18:50:44] CP/SP     <TRACE> CodeMriAnalyzer-proc> [warning] sasp: 00000027: TRACE: undefined message
[warn] CP/SP     <TRACE> CodeMriAnalyzer-proc> [warning] sasp: 00000027: TRACE: failed to get message: [java.lang./^Throwable$\|^Exception$/.printStackTrace(...)] in FILE<NOT @reference> % 31000209.stack_trace()
[trac] [18:50:44] CP/SP     <TRACE> CodeMriAnalyzer-proc> [warning] sasp: 00000027: TRACE: failed to get message: [java.lang./^Throwable$\|^Exception$/.printStackTrace(...)] in FILE<NOT @reference> % 31000209.stack_trace()
[warn] CP/SP     <TRACE> CodeMriAnalyzer-proc> [warning] sasp: 00000027: TRACE: undefined message
[trac] [18:50:44] CP/SP     <TRACE> CodeMriAnalyzer-proc> [warning] sasp: 00000027: TRACE: undefined message
[warn] CP/SP     <TRACE> CodeMriAnalyzer-proc> [warning] sasp: 00000027: TRACE: failed to get message: [$1<LIT {{^\(^\(.*\)$\)$}}, NOT LIT "", OR[STRING, ARRAY]>] % 31000259.source_constant($1)
[trac] [18:50:44] CP/SP     <TRACE> CodeMriAnalyzer-proc> [warning] sasp: 00000027: TRACE: failed to get message: [$1<LIT {{^\(^\(.*\)$\)$}}, NOT LIT "", OR[STRING, ARRAY]>] % 31000259.source_constant($1)
[warn] CP/SP     <TRACE> CodeMriAnalyzer-proc> [warning] sasp: 00000027: TRACE: undefined message
[trac] [18:50:44] CP/SP     <TRACE> CodeMriAnalyzer-proc> [warning] sasp: 00000027: TRACE: undefined message
[warn] CP/SP     <TRACE> CodeMriAnalyzer-proc> [warning] sasp: 00000027: TRACE: failed to get message: [java.sql.DriverManager.getConnection($$, $$, $1)] in FILE<NOT @reference> % 31000259.sink_constant($1)
[trac] [18:50:44] CP/SP     <TRACE> CodeMriAnalyzer-proc> [warning] sasp: 00000027: TRACE: failed to get message: [java.sql.DriverManager.getConnection($$, $$, $1)] in FILE<NOT @reference> % 31000259.sink_constant($1)
[warn] CP/SP     <TRACE> CodeMriAnalyzer-proc> [warning] sasp: 00000027: TRACE: undefined message
[trac] [18:50:44] CP/SP     <TRACE> CodeMriAnalyzer-proc> [warning] sasp: 00000027: TRACE: undefined message
[warn] CP/SP     <TRACE> CodeMriAnalyzer-proc> [warning] sasp: 00000028: TRACE: failed to get message: [java.lang./^Throwable$\|^Exception$/.printStackTrace(...)] in FILE<NOT @reference> % 31000209.stack_trace()
[trac] [18:50:44] CP/SP     <TRACE> CodeMriAnalyzer-proc> [warning] sasp: 00000028: TRACE: failed to get message: [java.lang./^Throwable$\|^Exception$/.printStackTrace(...)] in FILE<NOT @reference> % 31000209.stack_trace()
[warn] CP/SP     <TRACE> CodeMriAnalyzer-proc> [warning] sasp: 00000028: TRACE: undefined message
[trac] [18:50:44] CP/SP     <TRACE> CodeMriAnalyzer-proc> [warning] sasp: 00000028: TRACE: undefined message
[warn] CP/SP     <TRACE> CodeMriAnalyzer-proc> [warning] sasp: 00000028: TRACE: failed to get message: [java.lang./^Throwable$\|^Exception$/.printStackTrace(...)] in FILE<NOT @reference> % 31000209.stack_trace()
[trac] [18:50:44] CP/SP     <TRACE> CodeMriAnalyzer-proc> [warning] sasp: 00000028: TRACE: failed to get message: [java.lang./^Throwable$\|^Exception$/.printStackTrace(...)] in FILE<NOT @reference> % 31000209.stack_trace()
[warn] CP/SP     <TRACE> CodeMriAnalyzer-proc> [warning] sasp: 00000028: TRACE: undefined message
[trac] [18:50:44] CP/SP     <TRACE> CodeMriAnalyzer-proc> [warning] sasp: 00000028: TRACE: undefined message
[warn] CP/SP     <TRACE> CodeMriAnalyzer-proc> [warning] sasp: 00000028: TRACE: failed to get message: [java.lang./^Throwable$\|^Exception$/.printStackTrace(...)] in FILE<NOT @reference> % 31000209.stack_trace()
[trac] [18:50:44] CP/SP     <TRACE> CodeMriAnalyzer-proc> [warning] sasp: 00000028: TRACE: failed to get message: [java.lang./^Throwable$\|^Exception$/.printStackTrace(...)] in FILE<NOT @reference> % 31000209.stack_trace()
[warn] CP/SP     <TRACE> CodeMriAnalyzer-proc> [warning] sasp: 00000028: TRACE: undefined message
[trac] [18:50:44] CP/SP     <TRACE> CodeMriAnalyzer-proc> [warning] sasp: 00000028: TRACE: undefined message
[warn] CP/SP     <TRACE> CodeMriAnalyzer-proc> [warning] sasp: 00000028: TRACE: failed to get message: [java.lang./^Throwable$\|^Exception$/.printStackTrace(...)] in FILE<NOT @reference> % 31000209.stack_trace()
[trac] [18:50:44] CP/SP     <TRACE> CodeMriAnalyzer-proc> [warning] sasp: 00000028: TRACE: failed to get message: [java.lang./^Throwable$\|^Exception$/.printStackTrace(...)] in FILE<NOT @reference> % 31000209.stack_trace()
[warn] CP/SP     <TRACE> CodeMriAnalyzer-proc> [warning] sasp: 00000028: TRACE: undefined message
[trac] [18:50:44] CP/SP     <TRACE> CodeMriAnalyzer-proc> [warning] sasp: 00000028: TRACE: undefined message
[warn] CP/SP     <TRACE> CodeMriAnalyzer-proc> [warning] sasp: 00000028: TRACE: failed to get message: [$1<LIT {{^\(^\(.*\)$\)$}}, NOT LIT "", OR[STRING, ARRAY]>] % 31000259.source_constant($1)
[trac] [18:50:44] CP/SP     <TRACE> CodeMriAnalyzer-proc> [warning] sasp: 00000028: TRACE: failed to get message: [$1<LIT {{^\(^\(.*\)$\)$}}, NOT LIT "", OR[STRING, ARRAY]>] % 31000259.source_constant($1)
[warn] CP/SP     <TRACE> CodeMriAnalyzer-proc> [warning] sasp: 00000028: TRACE: undefined message
[trac] [18:50:44] CP/SP     <TRACE> CodeMriAnalyzer-proc> [warning] sasp: 00000028: TRACE: undefined message
[warn] CP/SP     <TRACE> CodeMriAnalyzer-proc> [warning] sasp: 00000028: TRACE: failed to get message: [java.sql.DriverManager.getConnection($$, $$, $1)] in FILE<NOT @reference> % 31000259.sink_constant($1)
[trac] [18:50:44] CP/SP     <TRACE> CodeMriAnalyzer-proc> [warning] sasp: 00000028: TRACE: failed to get message: [java.sql.DriverManager.getConnection($$, $$, $1)] in FILE<NOT @reference> % 31000259.sink_constant($1)
[warn] CP/SP     <TRACE> CodeMriAnalyzer-proc> [warning] sasp: 00000028: TRACE: undefined message
[trac] [18:50:44] CP/SP     <TRACE> CodeMriAnalyzer-proc> [warning] sasp: 00000028: TRACE: undefined message
[warn] CP/SP     <TRACE> CodeMriAnalyzer-proc> [warning] sasp: 00000029: TRACE: failed to get message: [java.lang./^Throwable$\|^Exception$/.printStackTrace(...)] in FILE<NOT @reference> % 31000209.stack_trace()
[trac] [18:50:44] CP/SP     <TRACE> CodeMriAnalyzer-proc> [warning] sasp: 00000029: TRACE: failed to get message: [java.lang./^Throwable$\|^Exception$/.printStackTrace(...)] in FILE<NOT @reference> % 31000209.stack_trace()
[warn] CP/SP     <TRACE> CodeMriAnalyzer-proc> [warning] sasp: 00000029: TRACE: undefined message
[trac] [18:50:44] CP/SP     <TRACE> CodeMriAnalyzer-proc> [warning] sasp: 00000029: TRACE: undefined message
[warn] CP/SP     <TRACE> CodeMriAnalyzer-proc> [warning] sasp: 00000029: TRACE: failed to get message: [java.lang./^Throwable$\|^Exception$/.printStackTrace(...)] in FILE<NOT @reference> % 31000209.stack_trace()
[trac] [18:50:44] CP/SP     <TRACE> CodeMriAnalyzer-proc> [warning] sasp: 00000029: TRACE: failed to get message: [java.lang./^Throwable$\|^Exception$/.printStackTrace(...)] in FILE<NOT @reference> % 31000209.stack_trace()
[warn] CP/SP     <TRACE> CodeMriAnalyzer-proc> [warning] sasp: 00000029: TRACE: undefined message
[trac] [18:50:44] CP/SP     <TRACE> CodeMriAnalyzer-proc> [warning] sasp: 00000029: TRACE: undefined message
[warn] CP/SP     <TRACE> CodeMriAnalyzer-proc> [warning] sasp: 00000029: TRACE: failed to get message: [java.lang./^Throwable$\|^Exception$/.printStackTrace(...)] in FILE<NOT @reference> % 31000209.stack_trace()
[trac] [18:50:44] CP/SP     <TRACE> CodeMriAnalyzer-proc> [warning] sasp: 00000029: TRACE: failed to get message: [java.lang./^Throwable$\|^Exception$/.printStackTrace(...)] in FILE<NOT @reference> % 31000209.stack_trace()
[warn] CP/SP     <TRACE> CodeMriAnalyzer-proc> [warning] sasp: 00000029: TRACE: undefined message
[trac] [18:50:44] CP/SP     <TRACE> CodeMriAnalyzer-proc> [warning] sasp: 00000029: TRACE: undefined message
[warn] CP/SP     <TRACE> CodeMriAnalyzer-proc> [warning] sasp: 00000029: TRACE: failed to get message: [java.lang./^Throwable$\|^Exception$/.printStackTrace(...)] in FILE<NOT @reference> % 31000209.stack_trace()
[trac] [18:50:44] CP/SP     <TRACE> CodeMriAnalyzer-proc> [warning] sasp: 00000029: TRACE: failed to get message: [java.lang./^Throwable$\|^Exception$/.printStackTrace(...)] in FILE<NOT @reference> % 31000209.stack_trace()
[warn] CP/SP     <TRACE> CodeMriAnalyzer-proc> [warning] sasp: 00000029: TRACE: undefined message
[trac] [18:50:44] CP/SP     <TRACE> CodeMriAnalyzer-proc> [warning] sasp: 00000029: TRACE: undefined message
[warn] CP/SP     <TRACE> CodeMriAnalyzer-proc> [warning] sasp: 00000029: TRACE: failed to get message: [$1<LIT {{^\(^\(.*\)$\)$}}, NOT LIT "", OR[STRING, ARRAY]>] % 31000259.source_constant($1)
[trac] [18:50:44] CP/SP     <TRACE> CodeMriAnalyzer-proc> [warning] sasp: 00000029: TRACE: failed to get message: [$1<LIT {{^\(^\(.*\)$\)$}}, NOT LIT "", OR[STRING, ARRAY]>] % 31000259.source_constant($1)
[warn] CP/SP     <TRACE> CodeMriAnalyzer-proc> [warning] sasp: 00000029: TRACE: undefined message
[trac] [18:50:44] CP/SP     <TRACE> CodeMriAnalyzer-proc> [warning] sasp: 00000029: TRACE: undefined message
[warn] CP/SP     <TRACE> CodeMriAnalyzer-proc> [warning] sasp: 00000029: TRACE: failed to get message: [java.sql.DriverManager.getConnection($$, $$, $1)] in FILE<NOT @reference> % 31000259.sink_constant($1)
[trac] [18:50:44] CP/SP     <TRACE> CodeMriAnalyzer-proc> [warning] sasp: 00000029: TRACE: failed to get message: [java.sql.DriverManager.getConnection($$, $$, $1)] in FILE<NOT @reference> % 31000259.sink_constant($1)
[warn] CP/SP     <TRACE> CodeMriAnalyzer-proc> [warning] sasp: 00000029: TRACE: undefined message
[trac] [18:50:44] CP/SP     <TRACE> CodeMriAnalyzer-proc> [warning] sasp: 00000029: TRACE: undefined message
[warn] CP/SP     <TRACE> CodeMriAnalyzer-proc> [warning] sasp: 00000030: TRACE: failed to get message: [java.lang./^Throwable$\|^Exception$/.printStackTrace(...)] in FILE<NOT @reference> % 31000209.stack_trace()
[trac] [18:50:44] CP/SP     <TRACE> CodeMriAnalyzer-proc> [warning] sasp: 00000030: TRACE: failed to get message: [java.lang./^Throwable$\|^Exception$/.printStackTrace(...)] in FILE<NOT @reference> % 31000209.stack_trace()
[warn] CP/SP     <TRACE> CodeMriAnalyzer-proc> [warning] sasp: 00000030: TRACE: undefined message
[trac] [18:50:44] CP/SP     <TRACE> CodeMriAnalyzer-proc> [warning] sasp: 00000030: TRACE: undefined message
[warn] CP/SP     <TRACE> CodeMriAnalyzer-proc> [warning] sasp: 00000030: TRACE: failed to get message: [java.lang./^Throwable$\|^Exception$/.printStackTrace(...)] in FILE<NOT @reference> % 31000209.stack_trace()
[trac] [18:50:44] CP/SP     <TRACE> CodeMriAnalyzer-proc> [warning] sasp: 00000030: TRACE: failed to get message: [java.lang./^Throwable$\|^Exception$/.printStackTrace(...)] in FILE<NOT @reference> % 31000209.stack_trace()
[warn] CP/SP     <TRACE> CodeMriAnalyzer-proc> [warning] sasp: 00000030: TRACE: undefined message
[trac] [18:50:44] CP/SP     <TRACE> CodeMriAnalyzer-proc> [warning] sasp: 00000030: TRACE: undefined message
[warn] CP/SP     <TRACE> CodeMriAnalyzer-proc> [warning] sasp: 00000030: TRACE: failed to get message: [java.lang./^Throwable$\|^Exception$/.printStackTrace(...)] in FILE<NOT @reference> % 31000209.stack_trace()
[trac] [18:50:44] CP/SP     <TRACE> CodeMriAnalyzer-proc> [warning] sasp: 00000030: TRACE: failed to get message: [java.lang./^Throwable$\|^Exception$/.printStackTrace(...)] in FILE<NOT @reference> % 31000209.stack_trace()
[warn] CP/SP     <TRACE> CodeMriAnalyzer-proc> [warning] sasp: 00000030: TRACE: undefined message
[trac] [18:50:44] CP/SP     <TRACE> CodeMriAnalyzer-proc> [warning] sasp: 00000030: TRACE: undefined message
[warn] CP/SP     <TRACE> CodeMriAnalyzer-proc> [warning] sasp: 00000030: TRACE: failed to get message: [java.lang./^Throwable$\|^Exception$/.printStackTrace(...)] in FILE<NOT @reference> % 31000209.stack_trace()
[trac] [18:50:44] CP/SP     <TRACE> CodeMriAnalyzer-proc> [warning] sasp: 00000030: TRACE: failed to get message: [java.lang./^Throwable$\|^Exception$/.printStackTrace(...)] in FILE<NOT @reference> % 31000209.stack_trace()
[warn] CP/SP     <TRACE> CodeMriAnalyzer-proc> [warning] sasp: 00000030: TRACE: undefined message
[trac] [18:50:44] CP/SP     <TRACE> CodeMriAnalyzer-proc> [warning] sasp: 00000030: TRACE: undefined message
[warn] CP/SP     <TRACE> CodeMriAnalyzer-proc> [warning] sasp: 00000030: TRACE: failed to get message: [$1<LIT {{^\(^\(.*\)$\)$}}, NOT LIT "", OR[STRING, ARRAY]>] % 31000259.source_constant($1)
[trac] [18:50:44] CP/SP     <TRACE> CodeMriAnalyzer-proc> [warning] sasp: 00000030: TRACE: failed to get message: [$1<LIT {{^\(^\(.*\)$\)$}}, NOT LIT "", OR[STRING, ARRAY]>] % 31000259.source_constant($1)
[warn] CP/SP     <TRACE> CodeMriAnalyzer-proc> [warning] sasp: 00000030: TRACE: undefined message
[trac] [18:50:44] CP/SP     <TRACE> CodeMriAnalyzer-proc> [warning] sasp: 00000030: TRACE: undefined message
[warn] CP/SP     <TRACE> CodeMriAnalyzer-proc> [warning] sasp: 00000030: TRACE: failed to get message: [java.sql.DriverManager.getConnection($$, $$, $1)] in FILE<NOT @reference> % 31000259.sink_constant($1)
[trac] [18:50:44] CP/SP     <TRACE> CodeMriAnalyzer-proc> [warning] sasp: 00000030: TRACE: failed to get message: [java.sql.DriverManager.getConnection($$, $$, $1)] in FILE<NOT @reference> % 31000259.sink_constant($1)
[warn] CP/SP     <TRACE> CodeMriAnalyzer-proc> [warning] sasp: 00000030: TRACE: undefined message
[trac] [18:50:44] CP/SP     <TRACE> CodeMriAnalyzer-proc> [warning] sasp: 00000030: TRACE: undefined message
#42,100
[trac] [18:50:44] CP/SP     <TRACE> CodeMriAnalyzer-proc> [info] Progress: 8 %
[warn] CP/SP     <TRACE> CodeMriAnalyzer-proc> [warning] sasp: 00000031: TRACE: failed to get message: [java.lang./^Throwable$\|^Exception$/.printStackTrace(...)] in FILE<NOT @reference> % 31000209.stack_trace()
[trac] [18:50:44] CP/SP     <TRACE> CodeMriAnalyzer-proc> [warning] sasp: 00000031: TRACE: failed to get message: [java.lang./^Throwable$\|^Exception$/.printStackTrace(...)] in FILE<NOT @reference> % 31000209.stack_trace()
[warn] CP/SP     <TRACE> CodeMriAnalyzer-proc> [warning] sasp: 00000031: TRACE: undefined message
[trac] [18:50:44] CP/SP     <TRACE> CodeMriAnalyzer-proc> [warning] sasp: 00000031: TRACE: undefined message
[warn] CP/SP     <TRACE> CodeMriAnalyzer-proc> [warning] sasp: 00000031: TRACE: failed to get message: [java.lang./^Throwable$\|^Exception$/.printStackTrace(...)] in FILE<NOT @reference> % 31000209.stack_trace()
[trac] [18:50:44] CP/SP     <TRACE> CodeMriAnalyzer-proc> [warning] sasp: 00000031: TRACE: failed to get message: [java.lang./^Throwable$\|^Exception$/.printStackTrace(...)] in FILE<NOT @reference> % 31000209.stack_trace()
[warn] CP/SP     <TRACE> CodeMriAnalyzer-proc> [warning] sasp: 00000031: TRACE: undefined message
[trac] [18:50:44] CP/SP     <TRACE> CodeMriAnalyzer-proc> [warning] sasp: 00000031: TRACE: undefined message
[warn] CP/SP     <TRACE> CodeMriAnalyzer-proc> [warning] sasp: 00000031: TRACE: failed to get message: [java.lang./^Throwable$\|^Exception$/.printStackTrace(...)] in FILE<NOT @reference> % 31000209.stack_trace()
[trac] [18:50:44] CP/SP     <TRACE> CodeMriAnalyzer-proc> [warning] sasp: 00000031: TRACE: failed to get message: [java.lang./^Throwable$\|^Exception$/.printStackTrace(...)] in FILE<NOT @reference> % 31000209.stack_trace()
[warn] CP/SP     <TRACE> CodeMriAnalyzer-proc> [warning] sasp: 00000031: TRACE: undefined message
[trac] [18:50:44] CP/SP     <TRACE> CodeMriAnalyzer-proc> [warning] sasp: 00000031: TRACE: undefined message
[warn] CP/SP     <TRACE> CodeMriAnalyzer-proc> [warning] sasp: 00000031: TRACE: failed to get message: [java.lang./^Throwable$\|^Exception$/.printStackTrace(...)] in FILE<NOT @reference> % 31000209.stack_trace()
[trac] [18:50:44] CP/SP     <TRACE> CodeMriAnalyzer-proc> [warning] sasp: 00000031: TRACE: failed to get message: [java.lang./^Throwable$\|^Exception$/.printStackTrace(...)] in FILE<NOT @reference> % 31000209.stack_trace()
[warn] CP/SP     <TRACE> CodeMriAnalyzer-proc> [warning] sasp: 00000031: TRACE: undefined message
[trac] [18:50:44] CP/SP     <TRACE> CodeMriAnalyzer-proc> [warning] sasp: 00000031: TRACE: undefined message
[warn] CP/SP     <TRACE> CodeMriAnalyzer-proc> [warning] sasp: 00000031: TRACE: failed to get message: [$1<LIT {{^\(^\(.*\)$\)$}}, NOT LIT "", OR[STRING, ARRAY]>] % 31000259.source_constant($1)
[trac] [18:50:44] CP/SP     <TRACE> CodeMriAnalyzer-proc> [warning] sasp: 00000031: TRACE: failed to get message: [$1<LIT {{^\(^\(.*\)$\)$}}, NOT LIT "", OR[STRING, ARRAY]>] % 31000259.source_constant($1)
[warn] CP/SP     <TRACE> CodeMriAnalyzer-proc> [warning] sasp: 00000031: TRACE: undefined message
[trac] [18:50:44] CP/SP     <TRACE> CodeMriAnalyzer-proc> [warning] sasp: 00000031: TRACE: undefined message
[warn] CP/SP     <TRACE> CodeMriAnalyzer-proc> [warning] sasp: 00000031: TRACE: failed to get message: [java.sql.DriverManager.getConnection($$, $$, $1)] in FILE<NOT @reference> % 31000259.sink_constant($1)
[trac] [18:50:44] CP/SP     <TRACE> CodeMriAnalyzer-proc> [warning] sasp: 00000031: TRACE: failed to get message: [java.sql.DriverManager.getConnection($$, $$, $1)] in FILE<NOT @reference> % 31000259.sink_constant($1)
[warn] CP/SP     <TRACE> CodeMriAnalyzer-proc> [warning] sasp: 00000031: TRACE: undefined message
[trac] [18:50:44] CP/SP     <TRACE> CodeMriAnalyzer-proc> [warning] sasp: 00000031: TRACE: undefined message
[warn] CP/SP     <TRACE> CodeMriAnalyzer-proc> [warning] sasp: 00000032: TRACE: failed to get message: [java.lang./^Throwable$\|^Exception$/.printStackTrace(...)] in FILE<NOT @reference> % 31000209.stack_trace()
[trac] [18:50:44] CP/SP     <TRACE> CodeMriAnalyzer-proc> [warning] sasp: 00000032: TRACE: failed to get message: [java.lang./^Throwable$\|^Exception$/.printStackTrace(...)] in FILE<NOT @reference> % 31000209.stack_trace()
[warn] CP/SP     <TRACE> CodeMriAnalyzer-proc> [warning] sasp: 00000032: TRACE: undefined message
[trac] [18:50:44] CP/SP     <TRACE> CodeMriAnalyzer-proc> [warning] sasp: 00000032: TRACE: undefined message
[warn] CP/SP     <TRACE> CodeMriAnalyzer-proc> [warning] sasp: 00000032: TRACE: failed to get message: [java.lang./^Throwable$\|^Exception$/.printStackTrace(...)] in FILE<NOT @reference> % 31000209.stack_trace()
[trac] [18:50:44] CP/SP     <TRACE> CodeMriAnalyzer-proc> [warning] sasp: 00000032: TRACE: failed to get message: [java.lang./^Throwable$\|^Exception$/.printStackTrace(...)] in FILE<NOT @reference> % 31000209.stack_trace()
[warn] CP/SP     <TRACE> CodeMriAnalyzer-proc> [warning] sasp: 00000032: TRACE: undefined message
[trac] [18:50:44] CP/SP     <TRACE> CodeMriAnalyzer-proc> [warning] sasp: 00000032: TRACE: undefined message
[warn] CP/SP     <TRACE> CodeMriAnalyzer-proc> [warning] sasp: 00000032: TRACE: failed to get message: [java.lang./^Throwable$\|^Exception$/.printStackTrace(...)] in FILE<NOT @reference> % 31000209.stack_trace()
[trac] [18:50:44] CP/SP     <TRACE> CodeMriAnalyzer-proc> [warning] sasp: 00000032: TRACE: failed to get message: [java.lang./^Throwable$\|^Exception$/.printStackTrace(...)] in FILE<NOT @reference> % 31000209.stack_trace()
[warn] CP/SP     <TRACE> CodeMriAnalyzer-proc> [warning] sasp: 00000032: TRACE: undefined message
[trac] [18:50:44] CP/SP     <TRACE> CodeMriAnalyzer-proc> [warning] sasp: 00000032: TRACE: undefined message
[warn] CP/SP     <TRACE> CodeMriAnalyzer-proc> [warning] sasp: 00000032: TRACE: failed to get message: [java.lang./^Throwable$\|^Exception$/.printStackTrace(...)] in FILE<NOT @reference> % 31000209.stack_trace()
[trac] [18:50:44] CP/SP     <TRACE> CodeMriAnalyzer-proc> [warning] sasp: 00000032: TRACE: failed to get message: [java.lang./^Throwable$\|^Exception$/.printStackTrace(...)] in FILE<NOT @reference> % 31000209.stack_trace()
[warn] CP/SP     <TRACE> CodeMriAnalyzer-proc> [warning] sasp: 00000032: TRACE: undefined message
[trac] [18:50:44] CP/SP     <TRACE> CodeMriAnalyzer-proc> [warning] sasp: 00000032: TRACE: undefined message
[warn] CP/SP     <TRACE> CodeMriAnalyzer-proc> [warning] sasp: 00000032: TRACE: failed to get message: [$1<LIT {{^\(^\(.*\)$\)$}}, NOT LIT "", OR[STRING, ARRAY]>] % 31000259.source_constant($1)
[trac] [18:50:44] CP/SP     <TRACE> CodeMriAnalyzer-proc> [warning] sasp: 00000032: TRACE: failed to get message: [$1<LIT {{^\(^\(.*\)$\)$}}, NOT LIT "", OR[STRING, ARRAY]>] % 31000259.source_constant($1)
[warn] CP/SP     <TRACE> CodeMriAnalyzer-proc> [warning] sasp: 00000032: TRACE: undefined message
[trac] [18:50:44] CP/SP     <TRACE> CodeMriAnalyzer-proc> [warning] sasp: 00000032: TRACE: undefined message
[warn] CP/SP     <TRACE> CodeMriAnalyzer-proc> [warning] sasp: 00000032: TRACE: failed to get message: [java.sql.DriverManager.getConnection($$, $$, $1)] in FILE<NOT @reference> % 31000259.sink_constant($1)
[trac] [18:50:44] CP/SP     <TRACE> CodeMriAnalyzer-proc> [warning] sasp: 00000032: TRACE: failed to get message: [java.sql.DriverManager.getConnection($$, $$, $1)] in FILE<NOT @reference> % 31000259.sink_constant($1)
[warn] CP/SP     <TRACE> CodeMriAnalyzer-proc> [warning] sasp: 00000032: TRACE: undefined message
[trac] [18:50:44] CP/SP     <TRACE> CodeMriAnalyzer-proc> [warning] sasp: 00000032: TRACE: undefined message
[warn] CP/SP     <TRACE> CodeMriAnalyzer-proc> [warning] sasp: 00000033: TRACE: failed to get message: [java.lang./^Throwable$\|^Exception$/.printStackTrace(...)] in FILE<NOT @reference> % 31000209.stack_trace()
[trac] [18:50:44] CP/SP     <TRACE> CodeMriAnalyzer-proc> [warning] sasp: 00000033: TRACE: failed to get message: [java.lang./^Throwable$\|^Exception$/.printStackTrace(...)] in FILE<NOT @reference> % 31000209.stack_trace()
[warn] CP/SP     <TRACE> CodeMriAnalyzer-proc> [warning] sasp: 00000033: TRACE: undefined message
[trac] [18:50:44] CP/SP     <TRACE> CodeMriAnalyzer-proc> [warning] sasp: 00000033: TRACE: undefined message
[warn] CP/SP     <TRACE> CodeMriAnalyzer-proc> [warning] sasp: 00000033: TRACE: failed to get message: [java.lang./^Throwable$\|^Exception$/.printStackTrace(...)] in FILE<NOT @reference> % 31000209.stack_trace()
[trac] [18:50:44] CP/SP     <TRACE> CodeMriAnalyzer-proc> [warning] sasp: 00000033: TRACE: failed to get message: [java.lang./^Throwable$\|^Exception$/.printStackTrace(...)] in FILE<NOT @reference> % 31000209.stack_trace()
[warn] CP/SP     <TRACE> CodeMriAnalyzer-proc> [warning] sasp: 00000033: TRACE: undefined message
[trac] [18:50:44] CP/SP     <TRACE> CodeMriAnalyzer-proc> [warning] sasp: 00000033: TRACE: undefined message
[warn] CP/SP     <TRACE> CodeMriAnalyzer-proc> [warning] sasp: 00000033: TRACE: failed to get message: [java.lang./^Throwable$\|^Exception$/.printStackTrace(...)] in FILE<NOT @reference> % 31000209.stack_trace()
[trac] [18:50:44] CP/SP     <TRACE> CodeMriAnalyzer-proc> [warning] sasp: 00000033: TRACE: failed to get message: [java.lang./^Throwable$\|^Exception$/.printStackTrace(...)] in FILE<NOT @reference> % 31000209.stack_trace()
[warn] CP/SP     <TRACE> CodeMriAnalyzer-proc> [warning] sasp: 00000033: TRACE: undefined message
[trac] [18:50:44] CP/SP     <TRACE> CodeMriAnalyzer-proc> [warning] sasp: 00000033: TRACE: undefined message
[warn] CP/SP     <TRACE> CodeMriAnalyzer-proc> [warning] sasp: 00000033: TRACE: failed to get message: [java.lang./^Throwable$\|^Exception$/.printStackTrace(...)] in FILE<NOT @reference> % 31000209.stack_trace()
[trac] [18:50:44] CP/SP     <TRACE> CodeMriAnalyzer-proc> [warning] sasp: 00000033: TRACE: failed to get message: [java.lang./^Throwable$\|^Exception$/.printStackTrace(...)] in FILE<NOT @reference> % 31000209.stack_trace()
[warn] CP/SP     <TRACE> CodeMriAnalyzer-proc> [warning] sasp: 00000033: TRACE: undefined message
[trac] [18:50:44] CP/SP     <TRACE> CodeMriAnalyzer-proc> [warning] sasp: 00000033: TRACE: undefined message
[warn] CP/SP     <TRACE> CodeMriAnalyzer-proc> [warning] sasp: 00000033: TRACE: failed to get message: [$1<LIT {{^\(^\(.*\)$\)$}}, NOT LIT "", OR[STRING, ARRAY]>] % 31000259.source_constant($1)
[trac] [18:50:44] CP/SP     <TRACE> CodeMriAnalyzer-proc> [warning] sasp: 00000033: TRACE: failed to get message: [$1<LIT {{^\(^\(.*\)$\)$}}, NOT LIT "", OR[STRING, ARRAY]>] % 31000259.source_constant($1)
[warn] CP/SP     <TRACE> CodeMriAnalyzer-proc> [warning] sasp: 00000033: TRACE: undefined message
[trac] [18:50:44] CP/SP     <TRACE> CodeMriAnalyzer-proc> [warning] sasp: 00000033: TRACE: undefined message
[warn] CP/SP     <TRACE> CodeMriAnalyzer-proc> [warning] sasp: 00000033: TRACE: failed to get message: [java.sql.DriverManager.getConnection($$, $$, $1)] in FILE<NOT @reference> % 31000259.sink_constant($1)
[trac] [18:50:44] CP/SP     <TRACE> CodeMriAnalyzer-proc> [warning] sasp: 00000033: TRACE: failed to get message: [java.sql.DriverManager.getConnection($$, $$, $1)] in FILE<NOT @reference> % 31000259.sink_constant($1)
[warn] CP/SP     <TRACE> CodeMriAnalyzer-proc> [warning] sasp: 00000033: TRACE: undefined message
[trac] [18:50:44] CP/SP     <TRACE> CodeMriAnalyzer-proc> [warning] sasp: 00000033: TRACE: undefined message
[warn] CP/SP     <TRACE> CodeMriAnalyzer-proc> [warning] sasp: 00000034: TRACE: failed to get message: [java.lang./^Throwable$\|^Exception$/.printStackTrace(...)] in FILE<NOT @reference> % 31000209.stack_trace()
[trac] [18:50:44] CP/SP     <TRACE> CodeMriAnalyzer-proc> [warning] sasp: 00000034: TRACE: failed to get message: [java.lang./^Throwable$\|^Exception$/.printStackTrace(...)] in FILE<NOT @reference> % 31000209.stack_trace()
[warn] CP/SP     <TRACE> CodeMriAnalyzer-proc> [warning] sasp: 00000034: TRACE: undefined message
[trac] [18:50:44] CP/SP     <TRACE> CodeMriAnalyzer-proc> [warning] sasp: 00000034: TRACE: undefined message
[warn] CP/SP     <TRACE> CodeMriAnalyzer-proc> [warning] sasp: 00000034: TRACE: failed to get message: [java.lang./^Throwable$\|^Exception$/.printStackTrace(...)] in FILE<NOT @reference> % 31000209.stack_trace()
[trac] [18:50:44] CP/SP     <TRACE> CodeMriAnalyzer-proc> [warning] sasp: 00000034: TRACE: failed to get message: [java.lang./^Throwable$\|^Exception$/.printStackTrace(...)] in FILE<NOT @reference> % 31000209.stack_trace()
[warn] CP/SP     <TRACE> CodeMriAnalyzer-proc> [warning] sasp: 00000034: TRACE: undefined message
[trac] [18:50:44] CP/SP     <TRACE> CodeMriAnalyzer-proc> [warning] sasp: 00000034: TRACE: undefined message
[warn] CP/SP     <TRACE> CodeMriAnalyzer-proc> [warning] sasp: 00000034: TRACE: failed to get message: [java.lang./^Throwable$\|^Exception$/.printStackTrace(...)] in FILE<NOT @reference> % 31000209.stack_trace()
[trac] [18:50:44] CP/SP     <TRACE> CodeMriAnalyzer-proc> [warning] sasp: 00000034: TRACE: failed to get message: [java.lang./^Throwable$\|^Exception$/.printStackTrace(...)] in FILE<NOT @reference> % 31000209.stack_trace()
[warn] CP/SP     <TRACE> CodeMriAnalyzer-proc> [warning] sasp: 00000034: TRACE: undefined message
[trac] [18:50:44] CP/SP     <TRACE> CodeMriAnalyzer-proc> [warning] sasp: 00000034: TRACE: undefined message
[warn] CP/SP     <TRACE> CodeMriAnalyzer-proc> [warning] sasp: 00000034: TRACE: failed to get message: [java.lang./^Throwable$\|^Exception$/.printStackTrace(...)] in FILE<NOT @reference> % 31000209.stack_trace()
[trac] [18:50:44] CP/SP     <TRACE> CodeMriAnalyzer-proc> [warning] sasp: 00000034: TRACE: failed to get message: [java.lang./^Throwable$\|^Exception$/.printStackTrace(...)] in FILE<NOT @reference> % 31000209.stack_trace()
[warn] CP/SP     <TRACE> CodeMriAnalyzer-proc> [warning] sasp: 00000034: TRACE: undefined message
[trac] [18:50:44] CP/SP     <TRACE> CodeMriAnalyzer-proc> [warning] sasp: 00000034: TRACE: undefined message
[warn] CP/SP     <TRACE> CodeMriAnalyzer-proc> [warning] sasp: 00000034: TRACE: failed to get message: [$1<LIT {{^\(^\(.*\)$\)$}}, NOT LIT "", OR[STRING, ARRAY]>] % 31000259.source_constant($1)
[trac] [18:50:44] CP/SP     <TRACE> CodeMriAnalyzer-proc> [warning] sasp: 00000034: TRACE: failed to get message: [$1<LIT {{^\(^\(.*\)$\)$}}, NOT LIT "", OR[STRING, ARRAY]>] % 31000259.source_constant($1)
[warn] CP/SP     <TRACE> CodeMriAnalyzer-proc> [warning] sasp: 00000034: TRACE: undefined message
[trac] [18:50:44] CP/SP     <TRACE> CodeMriAnalyzer-proc> [warning] sasp: 00000034: TRACE: undefined message
[warn] CP/SP     <TRACE> CodeMriAnalyzer-proc> [warning] sasp: 00000034: TRACE: failed to get message: [java.sql.DriverManager.getConnection($$, $$, $1)] in FILE<NOT @reference> % 31000259.sink_constant($1)
[trac] [18:50:44] CP/SP     <TRACE> CodeMriAnalyzer-proc> [warning] sasp: 00000034: TRACE: failed to get message: [java.sql.DriverManager.getConnection($$, $$, $1)] in FILE<NOT @reference> % 31000259.sink_constant($1)
[warn] CP/SP     <TRACE> CodeMriAnalyzer-proc> [warning] sasp: 00000034: TRACE: undefined message
[trac] [18:50:44] CP/SP     <TRACE> CodeMriAnalyzer-proc> [warning] sasp: 00000034: TRACE: undefined message
#42,100
[trac] [18:50:44] CP/SP     <TRACE> CodeMriAnalyzer-proc> [info] Progress: 9 %
[warn] CP/SP     <TRACE> CodeMriAnalyzer-proc> [warning] sasp: 00000035: TRACE: failed to get message: [java.lang./^Throwable$\|^Exception$/.printStackTrace(...)] in FILE<NOT @reference> % 31000209.stack_trace()
[trac] [18:50:44] CP/SP     <TRACE> CodeMriAnalyzer-proc> [warning] sasp: 00000035: TRACE: failed to get message: [java.lang./^Throwable$\|^Exception$/.printStackTrace(...)] in FILE<NOT @reference> % 31000209.stack_trace()
[warn] CP/SP     <TRACE> CodeMriAnalyzer-proc> [warning] sasp: 00000035: TRACE: undefined message
[trac] [18:50:44] CP/SP     <TRACE> CodeMriAnalyzer-proc> [warning] sasp: 00000035: TRACE: undefined message
[warn] CP/SP     <TRACE> CodeMriAnalyzer-proc> [warning] sasp: 00000035: TRACE: failed to get message: [java.lang./^Throwable$\|^Exception$/.printStackTrace(...)] in FILE<NOT @reference> % 31000209.stack_trace()
[trac] [18:50:44] CP/SP     <TRACE> CodeMriAnalyzer-proc> [warning] sasp: 00000035: TRACE: failed to get message: [java.lang./^Throwable$\|^Exception$/.printStackTrace(...)] in FILE<NOT @reference> % 31000209.stack_trace()
[warn] CP/SP     <TRACE> CodeMriAnalyzer-proc> [warning] sasp: 00000035: TRACE: undefined message
[trac] [18:50:44] CP/SP     <TRACE> CodeMriAnalyzer-proc> [warning] sasp: 00000035: TRACE: undefined message
[warn] CP/SP     <TRACE> CodeMriAnalyzer-proc> [warning] sasp: 00000035: TRACE: failed to get message: [java.lang./^Throwable$\|^Exception$/.printStackTrace(...)] in FILE<NOT @reference> % 31000209.stack_trace()
[trac] [18:50:44] CP/SP     <TRACE> CodeMriAnalyzer-proc> [warning] sasp: 00000035: TRACE: failed to get message: [java.lang./^Throwable$\|^Exception$/.printStackTrace(...)] in FILE<NOT @reference> % 31000209.stack_trace()
[warn] CP/SP     <TRACE> CodeMriAnalyzer-proc> [warning] sasp: 00000035: TRACE: undefined message
[trac] [18:50:44] CP/SP     <TRACE> CodeMriAnalyzer-proc> [warning] sasp: 00000035: TRACE: undefined message
[warn] CP/SP     <TRACE> CodeMriAnalyzer-proc> [warning] sasp: 00000035: TRACE: failed to get message: [java.lang./^Throwable$\|^Exception$/.printStackTrace(...)] in FILE<NOT @reference> % 31000209.stack_trace()
[trac] [18:50:44] CP/SP     <TRACE> CodeMriAnalyzer-proc> [warning] sasp: 00000035: TRACE: failed to get message: [java.lang./^Throwable$\|^Exception$/.printStackTrace(...)] in FILE<NOT @reference> % 31000209.stack_trace()
[warn] CP/SP     <TRACE> CodeMriAnalyzer-proc> [warning] sasp: 00000035: TRACE: undefined message
[trac] [18:50:44] CP/SP     <TRACE> CodeMriAnalyzer-proc> [warning] sasp: 00000035: TRACE: undefined message
[warn] CP/SP     <TRACE> CodeMriAnalyzer-proc> [warning] sasp: 00000035: TRACE: failed to get message: [$1<LIT {{^\(^\(.*\)$\)$}}, NOT LIT "", OR[STRING, ARRAY]>] % 31000259.source_constant($1)
[trac] [18:50:44] CP/SP     <TRACE> CodeMriAnalyzer-proc> [warning] sasp: 00000035: TRACE: failed to get message: [$1<LIT {{^\(^\(.*\)$\)$}}, NOT LIT "", OR[STRING, ARRAY]>] % 31000259.source_constant($1)
[warn] CP/SP     <TRACE> CodeMriAnalyzer-proc> [warning] sasp: 00000035: TRACE: undefined message
[trac] [18:50:44] CP/SP     <TRACE> CodeMriAnalyzer-proc> [warning] sasp: 00000035: TRACE: undefined message
[warn] CP/SP     <TRACE> CodeMriAnalyzer-proc> [warning] sasp: 00000035: TRACE: failed to get message: [java.sql.DriverManager.getConnection($$, $$, $1)] in FILE<NOT @reference> % 31000259.sink_constant($1)
[trac] [18:50:44] CP/SP     <TRACE> CodeMriAnalyzer-proc> [warning] sasp: 00000035: TRACE: failed to get message: [java.sql.DriverManager.getConnection($$, $$, $1)] in FILE<NOT @reference> % 31000259.sink_constant($1)
[warn] CP/SP     <TRACE> CodeMriAnalyzer-proc> [warning] sasp: 00000035: TRACE: undefined message
[trac] [18:50:44] CP/SP     <TRACE> CodeMriAnalyzer-proc> [warning] sasp: 00000035: TRACE: undefined message
[warn] CP/SP     <TRACE> CodeMriAnalyzer-proc> [warning] sasp: 00000036: TRACE: failed to get message: [java.lang./^Throwable$\|^Exception$/.printStackTrace(...)] in FILE<NOT @reference> % 31000209.stack_trace()
[trac] [18:50:45] CP/SP     <TRACE> CodeMriAnalyzer-proc> [warning] sasp: 00000036: TRACE: failed to get message: [java.lang./^Throwable$\|^Exception$/.printStackTrace(...)] in FILE<NOT @reference> % 31000209.stack_trace()
[warn] CP/SP     <TRACE> CodeMriAnalyzer-proc> [warning] sasp: 00000036: TRACE: undefined message
[trac] [18:50:45] CP/SP     <TRACE> CodeMriAnalyzer-proc> [warning] sasp: 00000036: TRACE: undefined message
[warn] CP/SP     <TRACE> CodeMriAnalyzer-proc> [warning] sasp: 00000036: TRACE: failed to get message: [java.lang./^Throwable$\|^Exception$/.printStackTrace(...)] in FILE<NOT @reference> % 31000209.stack_trace()
[trac] [18:50:45] CP/SP     <TRACE> CodeMriAnalyzer-proc> [warning] sasp: 00000036: TRACE: failed to get message: [java.lang./^Throwable$\|^Exception$/.printStackTrace(...)] in FILE<NOT @reference> % 31000209.stack_trace()
[warn] CP/SP     <TRACE> CodeMriAnalyzer-proc> [warning] sasp: 00000036: TRACE: undefined message
[trac] [18:50:45] CP/SP     <TRACE> CodeMriAnalyzer-proc> [warning] sasp: 00000036: TRACE: undefined message
[warn] CP/SP     <TRACE> CodeMriAnalyzer-proc> [warning] sasp: 00000036: TRACE: failed to get message: [java.lang./^Throwable$\|^Exception$/.printStackTrace(...)] in FILE<NOT @reference> % 31000209.stack_trace()
[trac] [18:50:45] CP/SP     <TRACE> CodeMriAnalyzer-proc> [warning] sasp: 00000036: TRACE: failed to get message: [java.lang./^Throwable$\|^Exception$/.printStackTrace(...)] in FILE<NOT @reference> % 31000209.stack_trace()
[warn] CP/SP     <TRACE> CodeMriAnalyzer-proc> [warning] sasp: 00000036: TRACE: undefined message
[trac] [18:50:45] CP/SP     <TRACE> CodeMriAnalyzer-proc> [warning] sasp: 00000036: TRACE: undefined message
[warn] CP/SP     <TRACE> CodeMriAnalyzer-proc> [warning] sasp: 00000036: TRACE: failed to get message: [java.lang./^Throwable$\|^Exception$/.printStackTrace(...)] in FILE<NOT @reference> % 31000209.stack_trace()
[trac] [18:50:45] CP/SP     <TRACE> CodeMriAnalyzer-proc> [warning] sasp: 00000036: TRACE: failed to get message: [java.lang./^Throwable$\|^Exception$/.printStackTrace(...)] in FILE<NOT @reference> % 31000209.stack_trace()
[warn] CP/SP     <TRACE> CodeMriAnalyzer-proc> [warning] sasp: 00000036: TRACE: undefined message
[trac] [18:50:45] CP/SP     <TRACE> CodeMriAnalyzer-proc> [warning] sasp: 00000036: TRACE: undefined message
[warn] CP/SP     <TRACE> CodeMriAnalyzer-proc> [warning] sasp: 00000036: TRACE: failed to get message: [$1<LIT {{^\(^\(.*\)$\)$}}, NOT LIT "", OR[STRING, ARRAY]>] % 31000259.source_constant($1)
[trac] [18:50:45] CP/SP     <TRACE> CodeMriAnalyzer-proc> [warning] sasp: 00000036: TRACE: failed to get message: [$1<LIT {{^\(^\(.*\)$\)$}}, NOT LIT "", OR[STRING, ARRAY]>] % 31000259.source_constant($1)
[warn] CP/SP     <TRACE> CodeMriAnalyzer-proc> [warning] sasp: 00000036: TRACE: undefined message
[trac] [18:50:45] CP/SP     <TRACE> CodeMriAnalyzer-proc> [warning] sasp: 00000036: TRACE: undefined message
[warn] CP/SP     <TRACE> CodeMriAnalyzer-proc> [warning] sasp: 00000036: TRACE: failed to get message: [java.sql.DriverManager.getConnection($$, $$, $1)] in FILE<NOT @reference> % 31000259.sink_constant($1)
[trac] [18:50:45] CP/SP     <TRACE> CodeMriAnalyzer-proc> [warning] sasp: 00000036: TRACE: failed to get message: [java.sql.DriverManager.getConnection($$, $$, $1)] in FILE<NOT @reference> % 31000259.sink_constant($1)
[warn] CP/SP     <TRACE> CodeMriAnalyzer-proc> [warning] sasp: 00000036: TRACE: undefined message
[trac] [18:50:45] CP/SP     <TRACE> CodeMriAnalyzer-proc> [warning] sasp: 00000036: TRACE: undefined message
[warn] CP/SP     <TRACE> CodeMriAnalyzer-proc> [warning] sasp: 00000037: TRACE: failed to get message: [java.lang./^Throwable$\|^Exception$/.printStackTrace(...)] in FILE<NOT @reference> % 31000209.stack_trace()
[trac] [18:50:45] CP/SP     <TRACE> CodeMriAnalyzer-proc> [warning] sasp: 00000037: TRACE: failed to get message: [java.lang./^Throwable$\|^Exception$/.printStackTrace(...)] in FILE<NOT @reference> % 31000209.stack_trace()
[warn] CP/SP     <TRACE> CodeMriAnalyzer-proc> [warning] sasp: 00000037: TRACE: undefined message
[trac] [18:50:45] CP/SP     <TRACE> CodeMriAnalyzer-proc> [warning] sasp: 00000037: TRACE: undefined message
[warn] CP/SP     <TRACE> CodeMriAnalyzer-proc> [warning] sasp: 00000037: TRACE: failed to get message: [java.lang./^Throwable$\|^Exception$/.printStackTrace(...)] in FILE<NOT @reference> % 31000209.stack_trace()
[trac] [18:50:45] CP/SP     <TRACE> CodeMriAnalyzer-proc> [warning] sasp: 00000037: TRACE: failed to get message: [java.lang./^Throwable$\|^Exception$/.printStackTrace(...)] in FILE<NOT @reference> % 31000209.stack_trace()
[warn] CP/SP     <TRACE> CodeMriAnalyzer-proc> [warning] sasp: 00000037: TRACE: undefined message
[trac] [18:50:45] CP/SP     <TRACE> CodeMriAnalyzer-proc> [warning] sasp: 00000037: TRACE: undefined message
[warn] CP/SP     <TRACE> CodeMriAnalyzer-proc> [warning] sasp: 00000037: TRACE: failed to get message: [java.lang./^Throwable$\|^Exception$/.printStackTrace(...)] in FILE<NOT @reference> % 31000209.stack_trace()
[trac] [18:50:45] CP/SP     <TRACE> CodeMriAnalyzer-proc> [warning] sasp: 00000037: TRACE: failed to get message: [java.lang./^Throwable$\|^Exception$/.printStackTrace(...)] in FILE<NOT @reference> % 31000209.stack_trace()
[warn] CP/SP     <TRACE> CodeMriAnalyzer-proc> [warning] sasp: 00000037: TRACE: undefined message
[trac] [18:50:45] CP/SP     <TRACE> CodeMriAnalyzer-proc> [warning] sasp: 00000037: TRACE: undefined message
[warn] CP/SP     <TRACE> CodeMriAnalyzer-proc> [warning] sasp: 00000037: TRACE: failed to get message: [java.lang./^Throwable$\|^Exception$/.printStackTrace(...)] in FILE<NOT @reference> % 31000209.stack_trace()
[trac] [18:50:45] CP/SP     <TRACE> CodeMriAnalyzer-proc> [warning] sasp: 00000037: TRACE: failed to get message: [java.lang./^Throwable$\|^Exception$/.printStackTrace(...)] in FILE<NOT @reference> % 31000209.stack_trace()
[warn] CP/SP     <TRACE> CodeMriAnalyzer-proc> [warning] sasp: 00000037: TRACE: undefined message
[trac] [18:50:45] CP/SP     <TRACE> CodeMriAnalyzer-proc> [warning] sasp: 00000037: TRACE: undefined message
[warn] CP/SP     <TRACE> CodeMriAnalyzer-proc> [warning] sasp: 00000037: TRACE: failed to get message: [$1<LIT {{^\(^\(.*\)$\)$}}, NOT LIT "", OR[STRING, ARRAY]>] % 31000259.source_constant($1)
[trac] [18:50:45] CP/SP     <TRACE> CodeMriAnalyzer-proc> [warning] sasp: 00000037: TRACE: failed to get message: [$1<LIT {{^\(^\(.*\)$\)$}}, NOT LIT "", OR[STRING, ARRAY]>] % 31000259.source_constant($1)
[warn] CP/SP     <TRACE> CodeMriAnalyzer-proc> [warning] sasp: 00000037: TRACE: undefined message
[trac] [18:50:45] CP/SP     <TRACE> CodeMriAnalyzer-proc> [warning] sasp: 00000037: TRACE: undefined message
[warn] CP/SP     <TRACE> CodeMriAnalyzer-proc> [warning] sasp: 00000037: TRACE: failed to get message: [java.sql.DriverManager.getConnection($$, $$, $1)] in FILE<NOT @reference> % 31000259.sink_constant($1)
[trac] [18:50:45] CP/SP     <TRACE> CodeMriAnalyzer-proc> [warning] sasp: 00000037: TRACE: failed to get message: [java.sql.DriverManager.getConnection($$, $$, $1)] in FILE<NOT @reference> % 31000259.sink_constant($1)
[warn] CP/SP     <TRACE> CodeMriAnalyzer-proc> [warning] sasp: 00000037: TRACE: undefined message
[trac] [18:50:45] CP/SP     <TRACE> CodeMriAnalyzer-proc> [warning] sasp: 00000037: TRACE: undefined message
[warn] CP/SP     <TRACE> CodeMriAnalyzer-proc> [warning] sasp: 00000038: TRACE: failed to get message: [java.io.BufferedReader.readLine():$1<NOT PRIMITIVE>] % 31000022.source_path($1)
[trac] [18:50:45] CP/SP     <TRACE> CodeMriAnalyzer-proc> [warning] sasp: 00000038: TRACE: failed to get message: [java.io.BufferedReader.readLine():$1<NOT PRIMITIVE>] % 31000022.source_path($1)
[warn] CP/SP     <TRACE> CodeMriAnalyzer-proc> [warning] sasp: 00000038: TRACE: undefined message
[trac] [18:50:45] CP/SP     <TRACE> CodeMriAnalyzer-proc> [warning] sasp: 00000038: TRACE: undefined message
[warn] CP/SP     <TRACE> CodeMriAnalyzer-proc> [warning] sasp: 00000038: TRACE: failed to get message: [java.io./^FileWriter$\|^FileReader$\|^FileOutputStream$\|^FileInputStream$/.#init($1<NONCONSTANT, STRING>)] in FILE<NOT @reference> %
[trac] [18:50:45] CP/SP     <TRACE> CodeMriAnalyzer-proc> [warning] sasp: 00000038: TRACE: failed to get message: [java.io./^FileWriter$\|^FileReader$\|^FileOutputStream$\|^FileInputStream$/.#init($1<NONCONSTANT, STRING>)] in FILE<NOT @reference> % 
[trac] [18:50:45] CP/SP     <TRACE> CodeMriAnalyzer-proc>                                  tainted_string_sink($1)
[warn] CP/SP     <TRACE> CodeMriAnalyzer-proc> [warning] sasp: 00000038: TRACE: undefined message
[trac] [18:50:45] CP/SP     <TRACE> CodeMriAnalyzer-proc> [warning] sasp: 00000038: TRACE: undefined message
#43,100
[trac] [18:50:45] CP/SP     <TRACE> CodeMriAnalyzer-proc> [info] Progress: 10 %
#43,100
[trac] [18:50:45] CP/SP     <TRACE> CodeMriAnalyzer-proc> [info] Progress: 11 %
#43,100
[trac] [18:50:45] CP/SP     <TRACE> CodeMriAnalyzer-proc> [info] Progress: 12 %
#43,100
[trac] [18:50:45] CP/SP     <TRACE> CodeMriAnalyzer-proc> [info] Progress: 13 %
#44,100
[trac] [18:50:45] CP/SP     <TRACE> CodeMriAnalyzer-proc> [info] Progress: 14 %
#44,100
[trac] [18:50:45] CP/SP     <TRACE> CodeMriAnalyzer-proc> [info] Progress: 15 %
#44,100
[trac] [18:50:45] CP/SP     <TRACE> CodeMriAnalyzer-proc> [info] Progress: 16 %
#45,100
[trac] [18:50:45] CP/SP     <TRACE> CodeMriAnalyzer-proc> [info] Progress: 17 %
#45,100
[trac] [18:50:45] CP/SP     <TRACE> CodeMriAnalyzer-proc> [info] Progress: 18 %
#45,100
[trac] [18:50:45] CP/SP     <TRACE> CodeMriAnalyzer-proc> [info] Progress: 19 %
#46,100
[trac] [18:50:45] CP/SP     <TRACE> CodeMriAnalyzer-proc> [info] Progress: 20 %
#46,100
[trac] [18:50:46] CP/SP     <TRACE> CodeMriAnalyzer-proc> [info] Progress: 21 %
#46,100
[trac] [18:50:46] CP/SP     <TRACE> CodeMriAnalyzer-proc> [info] Progress: 22 %
#46,100
[trac] [18:50:46] CP/SP     <TRACE> CodeMriAnalyzer-proc> [info] Progress: 23 %
#47,100
[trac] [18:50:46] CP/SP     <TRACE> CodeMriAnalyzer-proc> [info] Progress: 24 %
#47,100
[trac] [18:50:46] CP/SP     <TRACE> CodeMriAnalyzer-proc> [info] Progress: 25 %
#47,100
[trac] [18:50:46] CP/SP     <TRACE> CodeMriAnalyzer-proc> [info] Progress: 26 %
#48,100
[trac] [18:50:46] CP/SP     <TRACE> CodeMriAnalyzer-proc> [info] Progress: 27 %
#48,100
[trac] [18:50:46] CP/SP     <TRACE> CodeMriAnalyzer-proc> [info] Progress: 28 %
#48,100
[trac] [18:50:46] CP/SP     <TRACE> CodeMriAnalyzer-proc> [info] Progress: 29 %
#49,100
[trac] [18:50:46] CP/SP     <TRACE> CodeMriAnalyzer-proc> [info] Progress: 30 %
#49,100
[trac] [18:50:46] CP/SP     <TRACE> CodeMriAnalyzer-proc> [info] Progress: 31 %
#49,100
[trac] [18:50:46] CP/SP     <TRACE> CodeMriAnalyzer-proc> [info] Progress: 32 %
#49,100
[trac] [18:50:46] CP/SP     <TRACE> CodeMriAnalyzer-proc> [info] Progress: 33 %
#50,100
[trac] [18:50:46] CP/SP     <TRACE> CodeMriAnalyzer-proc> [info] Progress: 34 %
#50,100
[trac] [18:50:46] CP/SP     <TRACE> CodeMriAnalyzer-proc> [info] Progress: 35 %
#50,100
[trac] [18:50:47] CP/SP     <TRACE> CodeMriAnalyzer-proc> [info] Progress: 36 %
#51,100
[trac] [18:50:47] CP/SP     <TRACE> CodeMriAnalyzer-proc> [info] Progress: 37 %
#51,100
[trac] [18:50:47] CP/SP     <TRACE> CodeMriAnalyzer-proc> [info] Progress: 38 %
#51,100
[trac] [18:50:47] CP/SP     <TRACE> CodeMriAnalyzer-proc> [info] Progress: 39 %
#52,100
[trac] [18:50:47] CP/SP     <TRACE> CodeMriAnalyzer-proc> [info] Progress: 40 %
#52,100
[trac] [18:50:47] CP/SP     <TRACE> CodeMriAnalyzer-proc> [info] Progress: 41 %
#52,100
[trac] [18:50:47] CP/SP     <TRACE> CodeMriAnalyzer-proc> [info] Progress: 42 %
#52,100
[trac] [18:50:47] CP/SP     <TRACE> CodeMriAnalyzer-proc> [info] Progress: 43 %
#53,100
[trac] [18:50:47] CP/SP     <TRACE> CodeMriAnalyzer-proc> [info] Progress: 44 %
#53,100
[trac] [18:50:47] CP/SP     <TRACE> CodeMriAnalyzer-proc> [info] Progress: 45 %
#53,100
[trac] [18:50:47] CP/SP     <TRACE> CodeMriAnalyzer-proc> [info] Progress: 46 %
#54,100
[trac] [18:50:47] CP/SP     <TRACE> CodeMriAnalyzer-proc> [info] Progress: 47 %
#54,100
[trac] [18:50:47] CP/SP     <TRACE> CodeMriAnalyzer-proc> [info] Progress: 48 %
#54,100
[trac] [18:50:47] CP/SP     <TRACE> CodeMriAnalyzer-proc> [info] Progress: 49 %
[trac] [18:50:47] CP/SP     <TRACE> CodeMriAnalyzer-proc> [info] Waiting for threads: [190]
#55,100
[trac] [18:50:47] CP/SP     <TRACE> CodeMriAnalyzer-proc> [info] Progress: 50 %
[trac] [18:50:47] CP/SP     <TRACE> CodeMriAnalyzer-proc> [info] cmi: ProcessManager: Uninstalled
[trac] [18:50:47] CP/SP     <TRACE> CodeMriAnalyzer-proc> [info] sasp: Total cluster: 191, Reused cluster: 0, Updated cluster: 191
[trac] [18:50:47] CP/SP     <TRACE> CodeMriAnalyzer-proc> [info] sasp: Completed: 191 successes, 0 failures, 0 skips
[trac] [18:50:47] CP/SP     <TRACE> CodeMriAnalyzer-proc> [info] sasp: # of workers (W): 1
[trac] [18:50:47] CP/SP     <TRACE> CodeMriAnalyzer-proc> [info] sasp: Worker utilization: [191]
[trac] [18:50:47] CP/SP     <TRACE> CodeMriAnalyzer-proc> [info] sasp: Cumulative time (C): 3.888550 sec.
[trac] [18:50:47] CP/SP     <TRACE> CodeMriAnalyzer-proc> [info] sasp: Elapsed time (E): 4.076747 sec.
[trac] [18:50:47] CP/SP     <TRACE> CodeMriAnalyzer-proc> [info] sasp: Total analysis time: 4.953245 sec.
[trac] [18:50:47] CP/SP     <TRACE> CodeMriAnalyzer-proc> [info] sasp: Total violations: 187
[trac] [18:50:47] CP/SP     <TRACE> CodeMriAnalyzer-proc> [info] sasp: Rule 31000022: 1
[trac] [18:50:47] CP/SP     <TRACE> CodeMriAnalyzer-proc> [info] sasp: Rule 31000209: 148
[trac] [18:50:47] CP/SP     <TRACE> CodeMriAnalyzer-proc> [info] sasp: Rule 31000259: 37
[trac] [18:50:47] CP/SP     <TRACE> CodeMriAnalyzer-proc> [info] sasp: Rule 31003034: 1
[trac] [18:50:47] CP/SP     <TRACE> CodeMriAnalyzer-proc> [info] sasp: Finished successfully.
[trac] [18:50:47] CP/SP     <TRACE> CodeMriAnalyzer-proc> [info] codeMRI: ECP: [31003054]
[trac] [18:50:47] CP/SP     <TRACE> CodeMriAnalyzer-proc> [info] Process: [356] C:\Users\S&SSLAWKS\BeyondSecurity\beSOURCE developer\beSOURCE 5.0\data\CodePrism\Analyzer\codeprism\usa\windows\ecp.exe.x86_64 version --num
[trac] [18:50:47] CP/SP     <TRACE> CodeMriAnalyzer-proc> 1.0.24
[trac] [18:50:47] CP/SP     <TRACE> CodeMriAnalyzer-proc> [info] Process: [312] C:\Users\S&SSLAWKS\BeyondSecurity\beSOURCE developer\beSOURCE 5.0\data\CodePrism\Analyzer\codeprism\usa\windows\ecp.exe.x86_64 analyze -v C:/Users/S&SSLAWKS/Desktop/Project/JAVA/temp/_codemri.init --append --progress 50,100
[trac] [18:50:47] CP/SP     <TRACE> CodeMriAnalyzer-proc> [info] ecp: state: load_ccache = true
[trac] [18:50:47] CP/SP     <TRACE> CodeMriAnalyzer-proc> [info] ecp: state: save_ccache = true
[trac] [18:50:47] CP/SP     <TRACE> CodeMriAnalyzer-proc> [info] ecp: state: load_atbl = false
[trac] [18:50:47] CP/SP     <TRACE> CodeMriAnalyzer-proc> [info] ecp: state: save_atbl = false
[trac] [18:50:47] CP/SP     <TRACE> CodeMriAnalyzer-proc> [info] ecp: Starting ECP analyses...
[trac] [18:50:47] CP/SP     <TRACE> CodeMriAnalyzer-proc> [info] ecp: ECP v1.0.24+activeguide3
[trac] [18:50:47] CP/SP     <TRACE> CodeMriAnalyzer-proc> [info] ecp: COIL v1.2.4.i14.1
[trac] [18:50:47] CP/SP     <TRACE> CodeMriAnalyzer-proc> [info] ecp: Single-process mode
#55,100
[trac] [18:50:47] CP/SP     <TRACE> CodeMriAnalyzer-proc> [info] Progress: 50 %
[trac] [18:50:47] CP/SP     <TRACE> CodeMriAnalyzer-proc> [info] ecp: Processing ECP clustered tasks...
#62,100
[trac] [18:50:47] CP/SP     <TRACE> CodeMriAnalyzer-proc> [info] Progress: 75 %
#62,100
[trac] [18:50:49] CP/SP     <TRACE> CodeMriAnalyzer-proc> [info] Progress: 76 %
#63,100
[trac] [18:50:49] CP/SP     <TRACE> CodeMriAnalyzer-proc> [info] Progress: 77 %
#63,100
[trac] [18:50:50] CP/SP     <TRACE> CodeMriAnalyzer-proc> [info] Progress: 78 %
#63,100
[trac] [18:50:51] CP/SP     <TRACE> CodeMriAnalyzer-proc> [info] Progress: 79 %
#64,100
[trac] [18:50:52] CP/SP     <TRACE> CodeMriAnalyzer-proc> [info] Progress: 80 %
#64,100
[trac] [18:50:53] CP/SP     <TRACE> CodeMriAnalyzer-proc> [info] Progress: 81 %
#64,100
[trac] [18:50:54] CP/SP     <TRACE> CodeMriAnalyzer-proc> [info] Progress: 82 %
#64,100
[trac] [18:50:55] CP/SP     <TRACE> CodeMriAnalyzer-proc> [info] Progress: 83 %
#65,100
[trac] [18:50:56] CP/SP     <TRACE> CodeMriAnalyzer-proc> [info] Progress: 84 %
#65,100
[trac] [18:50:57] CP/SP     <TRACE> CodeMriAnalyzer-proc> [info] Progress: 85 %
#65,100
[trac] [18:50:57] CP/SP     <TRACE> CodeMriAnalyzer-proc> [info] Progress: 86 %
#66,100
[trac] [18:50:58] CP/SP     <TRACE> CodeMriAnalyzer-proc> [info] Progress: 87 %
#66,100
[trac] [18:50:59] CP/SP     <TRACE> CodeMriAnalyzer-proc> [info] Progress: 88 %
#66,100
[trac] [18:51:00] CP/SP     <TRACE> CodeMriAnalyzer-proc> [info] Progress: 89 %
#67,100
[trac] [18:51:01] CP/SP     <TRACE> CodeMriAnalyzer-proc> [info] Progress: 90 %
#67,100
[trac] [18:51:03] CP/SP     <TRACE> CodeMriAnalyzer-proc> [info] Progress: 91 %
#67,100
[trac] [18:51:03] CP/SP     <TRACE> CodeMriAnalyzer-proc> [info] Progress: 92 %
#67,100
[trac] [18:51:04] CP/SP     <TRACE> CodeMriAnalyzer-proc> [info] Progress: 93 %
#68,100
[trac] [18:51:05] CP/SP     <TRACE> CodeMriAnalyzer-proc> [info] Progress: 94 %
#68,100
[trac] [18:51:06] CP/SP     <TRACE> CodeMriAnalyzer-proc> [info] Progress: 95 %
#68,100
[trac] [18:51:07] CP/SP     <TRACE> CodeMriAnalyzer-proc> [info] Progress: 96 %
#69,100
[trac] [18:51:08] CP/SP     <TRACE> CodeMriAnalyzer-proc> [info] Progress: 97 %
#69,100
[trac] [18:51:09] CP/SP     <TRACE> CodeMriAnalyzer-proc> [info] Progress: 98 %
#69,100
[trac] [18:51:10] CP/SP     <TRACE> CodeMriAnalyzer-proc> [info] Progress: 99 %
#70,100
[trac] [18:51:11] CP/SP     <TRACE> CodeMriAnalyzer-proc> [info] Progress: 100 %
[trac] [18:51:11] CP/SP     <TRACE> CodeMriAnalyzer-proc> [info] ecp: Ecp_cl: 0 hits, 190 misses, 0.00 %
[trac] [18:51:11] CP/SP     <TRACE> CodeMriAnalyzer-proc> [info] ecp: Total violations: 187
[trac] [18:51:11] CP/SP     <TRACE> CodeMriAnalyzer-proc> [info] ecp: Rule 31000022: 1
[trac] [18:51:11] CP/SP     <TRACE> CodeMriAnalyzer-proc> [info] ecp: Rule 31000209: 148
[trac] [18:51:11] CP/SP     <TRACE> CodeMriAnalyzer-proc> [info] ecp: Rule 31000259: 37
[trac] [18:51:11] CP/SP     <TRACE> CodeMriAnalyzer-proc> [info] ecp: Rule 31003034: 1
[trac] [18:51:11] CP/SP     <TRACE> CodeMriAnalyzer-proc> [info] codeMRI: The number of backup files: 5 (default)
[trac] [18:51:11] CP/SP     <TRACE> CodeMriAnalyzer-proc> [info] codeMRI: Making backup: C:\Users\S&SSLAWKS\Desktop\Project\JAVA\temp\_codemri.out -> C:\Users\S&SSLAWKS\Desktop\Project\JAVA\temp\.backup\_codemri.out.bak_20200813185042
[trac] [18:51:11] CP/SP     <TRACE> CodeMriAnalyzer-proc> [info] codeMRI: Total violations: 187
[trac] [18:51:11] CP/SP     <TRACE> CodeMriAnalyzer-proc> [info] codeMRI: Rule 31000022: 1
[trac] [18:51:11] CP/SP     <TRACE> CodeMriAnalyzer-proc> [info] codeMRI: Rule 31000209: 148
[trac] [18:51:11] CP/SP     <TRACE> CodeMriAnalyzer-proc> [info] codeMRI: Rule 31000259: 37
[trac] [18:51:11] CP/SP     <TRACE> CodeMriAnalyzer-proc> [info] codeMRI: Rule 31003034: 1
[trac] [18:51:11] CP/SP     <TRACE> CodeMriAnalyzer-proc> [info] codeMRI: Making backup: C:\Users\S&SSLAWKS\Desktop\Project\JAVA\temp\.sasp\progress.log -> C:\Users\S&SSLAWKS\Desktop\Project\JAVA\temp\.backup\sasp_progress.log.bak_20200813185042
[trac] [18:51:11] CP/SP     <TRACE> CodeMriAnalyzer-proc> [info] codeMRI: Elapsed time: 28.649907 sec.
[trac] [18:51:11] CP/SP     <TRACE> CodeMriAnalyzer-ProcessRunner end. 28729ms : null
[trac] [18:51:11] CP/SP     <TRACE> CodeMriAnalyzer-process end : null
[trac] [18:51:11] CP/SP     <TRACE> CodeMriAnalyzer-build result... : null
[trac] [18:51:11] CP/SP     <TRACE> CodeMriAnalyzer-[CodeMriRunner]  : result line count = 187, C:/Users/S&SSLAWKS/Desktop/Project/JAVA/temp/_codemri.out
[trac] [18:51:11] CP/SP     <TRACE> CodeMriAnalyzer-Thread 0 joined.
[trac] [18:51:11] CP/SP     <TRACE> CodeMriAnalyzer-Total violation count is... 79, and dup count is ...108
[trac] [18:51:11] CP/SP     <TRACE> CodeMriAnalyzer-traceback start> mem: 45MB
[trac] [18:51:11] CP/SP     <TRACE> CodeMriAnalyzer- number: 1, running threads: 0,waiting threads: 0, memory check: 46MB
[trac] [18:51:11] CP/SP     <TRACE> [TraceBackBuilder]-Thread-71# 31000209|29|"31000209.2"|"00000028"|C:/Users/S&SSLAWKS/Desktop/Project/JAVA/src/20200813185000/dao/TB_ITEM_MASTER.java
[trac] [18:51:11] CP/SP <INFO> ProcessRunner start. timeout=20s
[trac] [18:51:11] CP/SP <INFO> EXEC INFO: C:/Users/S&SSLAWKS/BeyondSecurity/beSOURCE developer/beSOURCE 5.0/data/CodePrism/Analyzer/codeprism/usa/windows/codeMRI.exe.x86_64 -t -v C:/Users/S&SSLAWKS/Desktop/Project/JAVA/temp/_cpt_7858936_1.init
[trac] [18:51:11] CP/SP     <TRACE> CodeMriAnalyzer- number: 2, running threads: 1,waiting threads: 0, memory check: 47MB
[trac] [18:51:11] CP/SP     <TRACE> [TraceBackBuilder]-Thread-75# 31000209|35|"31000209.3"|"00000028"|C:/Users/S&SSLAWKS/Desktop/Project/JAVA/src/20200813185000/dao/TB_ITEM_MASTER.java
[trac] [18:51:11] CP/SP     <TRACE> CodeMriAnalyzer- number: 3, running threads: 2,waiting threads: 0, memory check: 48MB
[trac] [18:51:11] CP/SP     <TRACE> [TraceBackBuilder]-Thread-76# 31000209|63|"31000209.2"|"00000029"|C:/Users/S&SSLAWKS/Desktop/Project/JAVA/src/20200813185000/dao/TB_ITEM_MASTER.java
[trac] [18:51:11] CP/SP <INFO> ProcessRunner start. timeout=20s
[trac] [18:51:11] CP/SP <INFO> EXEC INFO: C:/Users/S&SSLAWKS/BeyondSecurity/beSOURCE developer/beSOURCE 5.0/data/CodePrism/Analyzer/codeprism/usa/windows/codeMRI.exe.x86_64 -t -v C:/Users/S&SSLAWKS/Desktop/Project/JAVA/temp/_cpt_17818297_1.init
[trac] [18:51:11] CP/SP <INFO> ProcessRunner start. timeout=20s
[trac] [18:51:11] CP/SP <INFO> EXEC INFO: C:/Users/S&SSLAWKS/BeyondSecurity/beSOURCE developer/beSOURCE 5.0/data/CodePrism/Analyzer/codeprism/usa/windows/codeMRI.exe.x86_64 -t -v C:/Users/S&SSLAWKS/Desktop/Project/JAVA/temp/_cpt_32380043_1.init
[trac] [18:51:11] CP/SP     <TRACE> CodeMriAnalyzer- number: 4, running threads: 3,waiting threads: 0, memory check: 50MB
[trac] [18:51:11] CP/SP     <TRACE> CodeMriAnalyzer- number: 5, running threads: 3,waiting threads: 0, memory check: 50MB
[trac] [18:51:11] CP/SP     <TRACE> [TraceBackBuilder]-Thread-83# 31000209|69|"31000209.3"|"00000029"|C:/Users/S&SSLAWKS/Desktop/Project/JAVA/src/20200813185000/dao/TB_ITEM_MASTER.java
[trac] [18:51:11] CP/SP     <TRACE> [TraceBackBuilder]-Thread-84# 31000209|29|"31000209.2"|"00000032"|C:/Users/S&SSLAWKS/Desktop/Project/JAVA/src/20200813185000/dao/TB_ORDERM.java
[trac] [18:51:11] CP/SP <INFO> ProcessRunner start. timeout=20s
[trac] [18:51:11] CP/SP <INFO> ProcessRunner start. timeout=20s
[trac] [18:51:11] CP/SP <INFO> EXEC INFO: C:/Users/S&SSLAWKS/BeyondSecurity/beSOURCE developer/beSOURCE 5.0/data/CodePrism/Analyzer/codeprism/usa/windows/codeMRI.exe.x86_64 -t -v C:/Users/S&SSLAWKS/Desktop/Project/JAVA/temp/_cpt_19589694_1.init
[trac] [18:51:11] CP/SP <INFO> EXEC INFO: C:/Users/S&SSLAWKS/BeyondSecurity/beSOURCE developer/beSOURCE 5.0/data/CodePrism/Analyzer/codeprism/usa/windows/codeMRI.exe.x86_64 -t -v C:/Users/S&SSLAWKS/Desktop/Project/JAVA/temp/_cpt_7912507_1.init
[trac] [18:51:11] CP/SP <INFO> ProcessStopper End.-
[trac] [18:51:11] CP/SP     <TRACE> -proc> [info] codeMRI: Loading the configuration file: C:/Users/S&SSLAWKS/Desktop/Project/JAVA/temp/_cpt_7858936_1.init
[trac] [18:51:11] CP/SP     <TRACE> -proc> [info] Process: [308] C:\Users\S&SSLAWKS\BeyondSecurity\beSOURCE developer\beSOURCE 5.0\data\CodePrism\Analyzer\codeprism\usa\windows\sasp.exe.x86_64 trace -v C:/Users/S&SSLAWKS/Desktop/Project/JAVA/temp/_cpt_7858936_1.init
[trac] [18:51:11] CP/SP     <TRACE> CodeMriAnalyzer- number: 6, running threads: 5,waiting threads: 0, memory check: 53MB
[trac] [18:51:11] CP/SP     <TRACE> CodeMriAnalyzer- number: 7, running threads: 5,waiting threads: 0, memory check: 53MB
[trac] [18:51:11] CP/SP     <TRACE> [TraceBackBuilder]-Thread-91# 31000209|35|"31000209.3"|"00000032"|C:/Users/S&SSLAWKS/Desktop/Project/JAVA/src/20200813185000/dao/TB_ORDERM.java
[trac] [18:51:11] CP/SP     <TRACE> [TraceBackBuilder]-Thread-92# 31000209|62|"31000209.2"|"00000033"|C:/Users/S&SSLAWKS/Desktop/Project/JAVA/src/20200813185000/dao/TB_ORDERM.java
[trac] [18:51:11] CP/SP     <TRACE> CodeMriAnalyzer- number: 8, running threads: 7,waiting threads: 0, memory check: 53MB
[trac] [18:51:11] CP/SP     <TRACE> CodeMriAnalyzer- number: 9, running threads: 7,waiting threads: 0, memory check: 53MB
[trac] [18:51:11] CP/SP <INFO> ProcessRunner start. timeout=20s
[trac] [18:51:11] CP/SP     <TRACE> [TraceBackBuilder]-Thread-93# 31000209|68|"31000209.3"|"00000033"|C:/Users/S&SSLAWKS/Desktop/Project/JAVA/src/20200813185000/dao/TB_ORDERM.java
[trac] [18:51:11] CP/SP     <TRACE> [TraceBackBuilder]-Thread-94# 31000209|29|"31000209.2"|"00000005"|C:/Users/S&SSLAWKS/Desktop/Project/JAVA/src/20200813185000/dao/TB_CUSTOMER20.java
[trac] [18:51:11] CP/SP <INFO> ProcessRunner start. timeout=20s
[trac] [18:51:11] CP/SP <INFO> EXEC INFO: C:/Users/S&SSLAWKS/BeyondSecurity/beSOURCE developer/beSOURCE 5.0/data/CodePrism/Analyzer/codeprism/usa/windows/codeMRI.exe.x86_64 -t -v C:/Users/S&SSLAWKS/Desktop/Project/JAVA/temp/_cpt_6206601_1.init
[trac] [18:51:11] CP/SP <INFO> EXEC INFO: C:/Users/S&SSLAWKS/BeyondSecurity/beSOURCE developer/beSOURCE 5.0/data/CodePrism/Analyzer/codeprism/usa/windows/codeMRI.exe.x86_64 -t -v C:/Users/S&SSLAWKS/Desktop/Project/JAVA/temp/_cpt_27182317_1.init
[trac] [18:51:11] CP/SP     <TRACE> -proc> [info] codeMRI: Loading the configuration file: C:/Users/S&SSLAWKS/Desktop/Project/JAVA/temp/_cpt_17818297_1.init
[trac] [18:51:11] CP/SP <INFO> ProcessRunner start. timeout=20s
[trac] [18:51:11] CP/SP <INFO> ProcessRunner start. timeout=20s
[trac] [18:51:11] CP/SP <INFO> EXEC INFO: C:/Users/S&SSLAWKS/BeyondSecurity/beSOURCE developer/beSOURCE 5.0/data/CodePrism/Analyzer/codeprism/usa/windows/codeMRI.exe.x86_64 -t -v C:/Users/S&SSLAWKS/Desktop/Project/JAVA/temp/_cpt_671035_1.init
[trac] [18:51:11] CP/SP <INFO> EXEC INFO: C:/Users/S&SSLAWKS/BeyondSecurity/beSOURCE developer/beSOURCE 5.0/data/CodePrism/Analyzer/codeprism/usa/windows/codeMRI.exe.x86_64 -t -v C:/Users/S&SSLAWKS/Desktop/Project/JAVA/temp/_cpt_3808966_1.init
[trac] [18:51:11] CP/SP     <TRACE> -proc> [info] codeMRI: Loading the configuration file: C:/Users/S&SSLAWKS/Desktop/Project/JAVA/temp/_cpt_32380043_1.init
[trac] [18:51:11] CP/SP     <TRACE> CodeMriAnalyzer- number: 10, running threads: 9,waiting threads: 0, memory check: 56MB
[trac] [18:51:11] CP/SP     <TRACE> CodeMriAnalyzer- number: 11, running threads: 9,waiting threads: 0, memory check: 56MB
[trac] [18:51:11] CP/SP     <TRACE> [TraceBackBuilder]-Thread-101# 31000209|35|"31000209.3"|"00000005"|C:/Users/S&SSLAWKS/Desktop/Project/JAVA/src/20200813185000/dao/TB_CUSTOMER20.java
[trac] [18:51:11] CP/SP <INFO> ProcessRunner start. timeout=20s
[trac] [18:51:11] CP/SP <INFO> EXEC INFO: C:/Users/S&SSLAWKS/BeyondSecurity/beSOURCE developer/beSOURCE 5.0/data/CodePrism/Analyzer/codeprism/usa/windows/codeMRI.exe.x86_64 -t -v C:/Users/S&SSLAWKS/Desktop/Project/JAVA/temp/_cpt_1744155_1.init
[trac] [18:51:11] CP/SP     <TRACE> CodeMriAnalyzer- number: 12, running threads: 10,waiting threads: 1, memory check: 58MB
[trac] [18:51:11] CP/SP     <TRACE> CodeMriAnalyzer- number: 13, running threads: 10,waiting threads: 1, memory check: 58MB
[trac] [18:51:11] CP/SP     <TRACE> -proc> [info] sasp: Loading the configuration file: C:/Users/S&SSLAWKS/Desktop/Project/JAVA/temp/_cpt_7858936_1.init
[trac] [18:51:11] CP/SP     <TRACE> -proc> [info] sasp: session.mode = load
[trac] [18:51:11] CP/SP     <TRACE> -proc> [info] sasp: Working directory: C:\Users\S&SSLAWKS\Desktop\Project\JAVA\temp\.sasp
[trac] [18:51:11] CP/SP     <TRACE> -proc> [info] Getting trace information of session/trace : (00000028, 31000209.2)
[trac] [18:51:11] CP/SP     <TRACE> CodeMriAnalyzer- number: 14, running threads: 10,waiting threads: 3, memory check: 59MB
[trac] [18:51:11] CP/SP     <TRACE> -proc> [info] codeMRI: Loading the configuration file: C:/Users/S&SSLAWKS/Desktop/Project/JAVA/temp/_cpt_7912507_1.init
[trac] [18:51:11] CP/SP     <TRACE> CodeMriAnalyzer- number: 15, running threads: 10,waiting threads: 3, memory check: 59MB
[trac] [18:51:11] CP/SP     <TRACE> -proc> [info] Process: [332] C:\Users\S&SSLAWKS\BeyondSecurity\beSOURCE developer\beSOURCE 5.0\data\CodePrism\Analyzer\codeprism\usa\windows\sasp.exe.x86_64 trace -v C:/Users/S&SSLAWKS/Desktop/Project/JAVA/temp/_cpt_32380043_1.init
[trac] [18:51:11] CP/SP     <TRACE> -proc> [info] codeMRI: Loading the configuration file: C:/Users/S&SSLAWKS/Desktop/Project/JAVA/temp/_cpt_19589694_1.init
[trac] [18:51:11] CP/SP     <TRACE> -proc> [info] Process: [308] C:\Users\S&SSLAWKS\BeyondSecurity\beSOURCE developer\beSOURCE 5.0\data\CodePrism\Analyzer\codeprism\usa\windows\sasp.exe.x86_64 trace -v C:/Users/S&SSLAWKS/Desktop/Project/JAVA/temp/_cpt_7912507_1.init
[trac] [18:51:11] CP/SP     <TRACE> CodeMriAnalyzer- number: 16, running threads: 10,waiting threads: 5, memory check: 59MB
[trac] [18:51:11] CP/SP     <TRACE> CodeMriAnalyzer- number: 17, running threads: 10,waiting threads: 5, memory check: 59MB
[trac] [18:51:11] CP/SP     <TRACE> CodeMriAnalyzer- number: 18, running threads: 10,waiting threads: 7, memory check: 59MB
[trac] [18:51:11] CP/SP     <TRACE> CodeMriAnalyzer- number: 19, running threads: 10,waiting threads: 7, memory check: 59MB
[trac] [18:51:11] CP/SP     <TRACE> CodeMriAnalyzer- number: 20, running threads: 10,waiting threads: 9, memory check: 59MB
[trac] [18:51:11] CP/SP     <TRACE> CodeMriAnalyzer- number: 21, running threads: 10,waiting threads: 9, memory check: 59MB
[trac] [18:51:11] CP/SP     <TRACE> -proc> [info] Process: [316] C:\Users\S&SSLAWKS\BeyondSecurity\beSOURCE developer\beSOURCE 5.0\data\CodePrism\Analyzer\codeprism\usa\windows\sasp.exe.x86_64 trace -v C:/Users/S&SSLAWKS/Desktop/Project/JAVA/temp/_cpt_17818297_1.init
[trac] [18:51:11] CP/SP     <TRACE> -proc> [info] sasp: Loading the configuration file: C:/Users/S&SSLAWKS/Desktop/Project/JAVA/temp/_cpt_32380043_1.init
[trac] [18:51:11] CP/SP     <TRACE> -proc> [info] sasp: session.mode = load
[trac] [18:51:11] CP/SP     <TRACE> -proc> [info] sasp: Working directory: C:\Users\S&SSLAWKS\Desktop\Project\JAVA\temp\.sasp
[trac] [18:51:11] CP/SP     <TRACE> -proc> [info] Getting trace information of session/trace : (00000029, 31000209.2)
[trac] [18:51:11] CP/SP     <TRACE> -proc> [info] sasp: Loading the configuration file: C:/Users/S&SSLAWKS/Desktop/Project/JAVA/temp/_cpt_7912507_1.init
[trac] [18:51:11] CP/SP     <TRACE> -proc> [info] sasp: session.mode = load
[trac] [18:51:11] CP/SP <INFO> ProcessRunner end. 325ms
[trac] [18:51:11] CP/SP <INFO> process end
[trac] [18:51:11] CP/SP <INFO> build result...
[trac] [18:51:11] CP/SP     <TRACE> -proc> [info] codeMRI: Loading the configuration file: C:/Users/S&SSLAWKS/Desktop/Project/JAVA/temp/_cpt_6206601_1.init
[trac] [18:51:11] CP/SP     <TRACE> -proc> [info] sasp: Working directory: C:\Users\S&SSLAWKS\Desktop\Project\JAVA\temp\.sasp
[trac] [18:51:11] CP/SP     <TRACE> -proc> [info] Getting trace information of session/trace : (00000032, 31000209.2)
[trac] [18:51:11] CP/SP     <TRACE> CodeMriAnalyzer- number: 22, running threads: 10,waiting threads: 11, memory check: 60MB
[trac] [18:51:11] CP/SP     <TRACE> -proc> [info] Process: [276] C:\Users\S&SSLAWKS\BeyondSecurity\beSOURCE developer\beSOURCE 5.0\data\CodePrism\Analyzer\codeprism\usa\windows\sasp.exe.x86_64 trace -v C:/Users/S&SSLAWKS/Desktop/Project/JAVA/temp/_cpt_19589694_1.init
[trac] [18:51:11] CP/SP     <TRACE> [TraceBackBuilder]-Thread-102# 31000209|65|"31000209.2"|"00000017"|C:/Users/S&SSLAWKS/Desktop/Project/JAVA/src/20200813185000/dao/TB_CUSTOMER20.java
[trac] [18:51:11] CP/SP     <TRACE> -proc> [info] Process: [312] C:\Users\S&SSLAWKS\BeyondSecurity\beSOURCE developer\beSOURCE 5.0\data\CodePrism\Analyzer\codeprism\usa\windows\sasp.exe.x86_64 trace -v C:/Users/S&SSLAWKS/Desktop/Project/JAVA/temp/_cpt_6206601_1.init
[trac] [18:51:11] CP/SP     <TRACE> -proc> [info] codeMRI: Loading the configuration file: C:/Users/S&SSLAWKS/Desktop/Project/JAVA/temp/_cpt_671035_1.init
[trac] [18:51:11] CP/SP <INFO> ProcessRunner start. timeout=20s
[trac] [18:51:11] CP/SP <INFO> EXEC INFO: C:/Users/S&SSLAWKS/BeyondSecurity/beSOURCE developer/beSOURCE 5.0/data/CodePrism/Analyzer/codeprism/usa/windows/codeMRI.exe.x86_64 -t -v C:/Users/S&SSLAWKS/Desktop/Project/JAVA/temp/_cpt_31384576_1.init
[trac] [18:51:11] CP/SP     <TRACE> -proc> [info] sasp: Loading the configuration file: C:/Users/S&SSLAWKS/Desktop/Project/JAVA/temp/_cpt_17818297_1.init
[trac] [18:51:11] CP/SP     <TRACE> -proc> [info] sasp: session.mode = load
[trac] [18:51:11] CP/SP     <TRACE> -proc> [info] sasp: Working directory: C:\Users\S&SSLAWKS\Desktop\Project\JAVA\temp\.sasp
[trac] [18:51:11] CP/SP     <TRACE> -proc> [info] Getting trace information of session/trace : (00000028, 31000209.3)
[trac] [18:51:11] CP/SP <INFO> ProcessRunner end. 375ms
[trac] [18:51:11] CP/SP <INFO> process end
[trac] [18:51:11] CP/SP <INFO> build result...
[trac] [18:51:11] CP/SP     <TRACE> -proc> [info] Process: [300] C:\Users\S&SSLAWKS\BeyondSecurity\beSOURCE developer\beSOURCE 5.0\data\CodePrism\Analyzer\codeprism\usa\windows\sasp.exe.x86_64 trace -v C:/Users/S&SSLAWKS/Desktop/Project/JAVA/temp/_cpt_671035_1.init
[trac] [18:51:11] CP/SP <INFO> ProcessRunner end. 361ms
[trac] [18:51:11] CP/SP <INFO> process end
[trac] [18:51:11] CP/SP <INFO> build result...
[trac] [18:51:11] CP/SP     <TRACE> -proc> [info] codeMRI: Loading the configuration file: C:/Users/S&SSLAWKS/Desktop/Project/JAVA/temp/_cpt_3808966_1.init
[trac] [18:51:11] CP/SP     <TRACE> [TraceBackBuilder]-Thread-108# 31000209|71|"31000209.3"|"00000017"|C:/Users/S&SSLAWKS/Desktop/Project/JAVA/src/20200813185000/dao/TB_CUSTOMER20.java
[trac] [18:51:11] CP/SP     <TRACE> [TraceBackBuilder]-Thread-109# 31000209|99|"31000209.2"|"00000018"|C:/Users/S&SSLAWKS/Desktop/Project/JAVA/src/20200813185000/dao/TB_CUSTOMER20.java
[trac] [18:51:11] CP/SP <INFO> ProcessRunner start. timeout=20s
[trac] [18:51:11] CP/SP     <TRACE> -proc> [info] sasp: Loading the configuration file: C:/Users/S&SSLAWKS/Desktop/Project/JAVA/temp/_cpt_6206601_1.init
[trac] [18:51:11] CP/SP <INFO> EXEC INFO: C:/Users/S&SSLAWKS/BeyondSecurity/beSOURCE developer/beSOURCE 5.0/data/CodePrism/Analyzer/codeprism/usa/windows/codeMRI.exe.x86_64 -t -v C:/Users/S&SSLAWKS/Desktop/Project/JAVA/temp/_cpt_29919449_1.init
[trac] [18:51:11] CP/SP     <TRACE> -proc> [info] sasp: session.mode = load
[trac] [18:51:11] CP/SP <INFO> ProcessRunner start. timeout=20s
[trac] [18:51:11] CP/SP     <TRACE> -proc> [info] sasp: Working directory: C:\Users\S&SSLAWKS\Desktop\Project\JAVA\temp\.sasp
[trac] [18:51:11] CP/SP     <TRACE> -proc> [info] Getting trace information of session/trace : (00000032, 31000209.3)
[trac] [18:51:11] CP/SP <INFO> EXEC INFO: C:/Users/S&SSLAWKS/BeyondSecurity/beSOURCE developer/beSOURCE 5.0/data/CodePrism/Analyzer/codeprism/usa/windows/codeMRI.exe.x86_64 -t -v C:/Users/S&SSLAWKS/Desktop/Project/JAVA/temp/_cpt_15855697_1.init
[trac] [18:51:11] CP/SP     <TRACE> -proc> [info] Process: [320] C:\Users\S&SSLAWKS\BeyondSecurity\beSOURCE developer\beSOURCE 5.0\data\CodePrism\Analyzer\codeprism\usa\windows\sasp.exe.x86_64 trace -v C:/Users/S&SSLAWKS/Desktop/Project/JAVA/temp/_cpt_3808966_1.init
[trac] [18:51:11] CP/SP <INFO> ProcessRunner end. 440ms
[trac] [18:51:11] CP/SP <INFO> process end
[trac] [18:51:11] CP/SP <INFO> build result...
[trac] [18:51:11] CP/SP     <TRACE> -proc> [info] sasp: Loading the configuration file: C:/Users/S&SSLAWKS/Desktop/Project/JAVA/temp/_cpt_19589694_1.init
[trac] [18:51:11] CP/SP     <TRACE> -proc> [info] sasp: session.mode = load
[trac] [18:51:11] CP/SP     <TRACE> -proc> [info] sasp: Working directory: C:\Users\S&SSLAWKS\Desktop\Project\JAVA\temp\.sasp
[trac] [18:51:11] CP/SP     <TRACE> -proc> [info] Getting trace information of session/trace : (00000029, 31000209.3)
[trac] [18:51:11] CP/SP     <TRACE> -proc> [info] codeMRI: Loading the configuration file: C:/Users/S&SSLAWKS/Desktop/Project/JAVA/temp/_cpt_27182317_1.init
[trac] [18:51:11] CP/SP     <TRACE> [TraceBackBuilder]-Thread-112# 31000209|105|"31000209.3"|"00000018"|C:/Users/S&SSLAWKS/Desktop/Project/JAVA/src/20200813185000/dao/TB_CUSTOMER20.java
[trac] [18:51:11] CP/SP <INFO> ProcessRunner start. timeout=20s
[trac] [18:51:11] CP/SP <INFO> EXEC INFO: C:/Users/S&SSLAWKS/BeyondSecurity/beSOURCE developer/beSOURCE 5.0/data/CodePrism/Analyzer/codeprism/usa/windows/codeMRI.exe.x86_64 -t -v C:/Users/S&SSLAWKS/Desktop/Project/JAVA/temp/_cpt_534353_1.init
[trac] [18:51:11] CP/SP     <TRACE> -proc> [info] sasp: Loading the configuration file: C:/Users/S&SSLAWKS/Desktop/Project/JAVA/temp/_cpt_671035_1.init
[trac] [18:51:11] CP/SP     <TRACE> -proc> [info] sasp: session.mode = load
[trac] [18:51:11] CP/SP     <TRACE> -proc> [info] sasp: Working directory: C:\Users\S&SSLAWKS\Desktop\Project\JAVA\temp\.sasp
[trac] [18:51:11] CP/SP     <TRACE> -proc> [info] Getting trace information of session/trace : (00000033, 31000209.3)
[trac] [18:51:11] CP/SP     <TRACE> -proc> [info] codeMRI: Loading the configuration file: C:/Users/S&SSLAWKS/Desktop/Project/JAVA/temp/_cpt_1744155_1.init
[trac] [18:51:11] CP/SP     <TRACE> -proc> [info] Process: [316] C:\Users\S&SSLAWKS\BeyondSecurity\beSOURCE developer\beSOURCE 5.0\data\CodePrism\Analyzer\codeprism\usa\windows\sasp.exe.x86_64 trace -v C:/Users/S&SSLAWKS/Desktop/Project/JAVA/temp/_cpt_27182317_1.init
[trac] [18:51:11] CP/SP     <TRACE> -proc> [info] Process: [316] C:\Users\S&SSLAWKS\BeyondSecurity\beSOURCE developer\beSOURCE 5.0\data\CodePrism\Analyzer\codeprism\usa\windows\sasp.exe.x86_64 trace -v C:/Users/S&SSLAWKS/Desktop/Project/JAVA/temp/_cpt_1744155_1.init
[trac] [18:51:11] CP/SP     <TRACE> -proc> [info] sasp: Loading the configuration file: C:/Users/S&SSLAWKS/Desktop/Project/JAVA/temp/_cpt_3808966_1.init
[trac] [18:51:11] CP/SP     <TRACE> -proc> [info] sasp: session.mode = load
[trac] [18:51:11] CP/SP     <TRACE> -proc> [info] sasp: Working directory: C:\Users\S&SSLAWKS\Desktop\Project\JAVA\temp\.sasp
[trac] [18:51:11] CP/SP     <TRACE> -proc> [info] Getting trace information of session/trace : (00000005, 31000209.2)
[trac] [18:51:11] CP/SP <INFO> ProcessRunner end. 517ms
[trac] [18:51:11] CP/SP <INFO> process end
[trac] [18:51:11] CP/SP <INFO> build result...
[trac] [18:51:11] CP/SP     <TRACE> [TraceBackBuilder]-Thread-113# 31000209|134|"31000209.2"|"00000019"|C:/Users/S&SSLAWKS/Desktop/Project/JAVA/src/20200813185000/dao/TB_CUSTOMER20.java
[trac] [18:51:11] CP/SP     <TRACE> CodeMriAnalyzer- number: 23, running threads: 10,waiting threads: 7, memory check: 65MB
[trac] [18:51:11] CP/SP <INFO> ProcessRunner start. timeout=20s
[trac] [18:51:11] CP/SP     <TRACE> -proc> [info] sasp: Loading the configuration file: C:/Users/S&SSLAWKS/Desktop/Project/JAVA/temp/_cpt_27182317_1.init
[trac] [18:51:11] CP/SP     <TRACE> -proc> [info] sasp: session.mode = load
[trac] [18:51:11] CP/SP     <TRACE> -proc> [info] sasp: Working directory: C:\Users\S&SSLAWKS\Desktop\Project\JAVA\temp\.sasp
[trac] [18:51:11] CP/SP     <TRACE> -proc> [info] Getting trace information of session/trace : (00000033, 31000209.2)
[trac] [18:51:11] CP/SP <INFO> EXEC INFO: C:/Users/S&SSLAWKS/BeyondSecurity/beSOURCE developer/beSOURCE 5.0/data/CodePrism/Analyzer/codeprism/usa/windows/codeMRI.exe.x86_64 -t -v C:/Users/S&SSLAWKS/Desktop/Project/JAVA/temp/_cpt_29705835_1.init
[trac] [18:51:11] CP/SP     <TRACE> -proc> [info] codeMRI: Loading the configuration file: C:/Users/S&SSLAWKS/Desktop/Project/JAVA/temp/_cpt_31384576_1.init
[trac] [18:51:11] CP/SP     <TRACE> CodeMriAnalyzer- number: 24, running threads: 10,waiting threads: 8, memory check: 66MB
[trac] [18:51:11] CP/SP     <TRACE> CodeMriAnalyzer- number: 25, running threads: 10,waiting threads: 8, memory check: 66MB
[trac] [18:51:11] CP/SP     <TRACE> -proc> [info] sasp: Loading the configuration file: C:/Users/S&SSLAWKS/Desktop/Project/JAVA/temp/_cpt_1744155_1.init
[trac] [18:51:11] CP/SP     <TRACE> -proc> [info] sasp: session.mode = load
[trac] [18:51:11] CP/SP     <TRACE> -proc> [info] sasp: Working directory: C:\Users\S&SSLAWKS\Desktop\Project\JAVA\temp\.sasp
[trac] [18:51:11] CP/SP     <TRACE> -proc> [info] Getting trace information of session/trace : (00000005, 31000209.3)
[trac] [18:51:11] CP/SP <INFO> ProcessRunner end. 525ms
[trac] [18:51:11] CP/SP <INFO> process end
[trac] [18:51:11] CP/SP <INFO> build result...
[trac] [18:51:11] CP/SP <INFO> ProcessRunner end. 534ms
[trac] [18:51:11] CP/SP <INFO> process end
[trac] [18:51:11] CP/SP <INFO> build result...
[trac] [18:51:11] CP/SP     <TRACE> CodeMriAnalyzer- number: 26, running threads: 10,waiting threads: 10, memory check: 66MB
[trac] [18:51:11] CP/SP     <TRACE> CodeMriAnalyzer- number: 27, running threads: 10,waiting threads: 10, memory check: 66MB
[trac] [18:51:11] CP/SP     <TRACE> -proc> [info] codeMRI: Loading the configuration file: C:/Users/S&SSLAWKS/Desktop/Project/JAVA/temp/_cpt_29919449_1.init
[trac] [18:51:11] CP/SP     <TRACE> -proc> [info] Process: [304] C:\Users\S&SSLAWKS\BeyondSecurity\beSOURCE developer\beSOURCE 5.0\data\CodePrism\Analyzer\codeprism\usa\windows\sasp.exe.x86_64 trace -v C:/Users/S&SSLAWKS/Desktop/Project/JAVA/temp/_cpt_31384576_1.init
[trac] [18:51:11] CP/SP     <TRACE> [TraceBackBuilder]-Thread-114# 31000209|140|"31000209.3"|"00000019"|C:/Users/S&SSLAWKS/Desktop/Project/JAVA/src/20200813185000/dao/TB_CUSTOMER20.java
[trac] [18:51:11] CP/SP     <TRACE> CodeMriAnalyzer- number: 28, running threads: 10,waiting threads: 11, memory check: 67MB
[trac] [18:51:11] CP/SP     <TRACE> [TraceBackBuilder]-Thread-115# 31000209|30|"31000209.2"|"00000003"|C:/Users/S&SSLAWKS/Desktop/Project/JAVA/src/20200813185000/dao/TB_CD.java
[trac] [18:51:11] CP/SP <INFO> ProcessRunner end. 578ms
[trac] [18:51:11] CP/SP <INFO> process end
[trac] [18:51:11] CP/SP <INFO> build result...
[trac] [18:51:11] CP/SP <INFO> ProcessRunner start. timeout=20s
[trac] [18:51:11] CP/SP <INFO> EXEC INFO: C:/Users/S&SSLAWKS/BeyondSecurity/beSOURCE developer/beSOURCE 5.0/data/CodePrism/Analyzer/codeprism/usa/windows/codeMRI.exe.x86_64 -t -v C:/Users/S&SSLAWKS/Desktop/Project/JAVA/temp/_cpt_2955420_1.init
[trac] [18:51:11] CP/SP <INFO> ProcessRunner start. timeout=20s
[trac] [18:51:11] CP/SP <INFO> EXEC INFO: C:/Users/S&SSLAWKS/BeyondSecurity/beSOURCE developer/beSOURCE 5.0/data/CodePrism/Analyzer/codeprism/usa/windows/codeMRI.exe.x86_64 -t -v C:/Users/S&SSLAWKS/Desktop/Project/JAVA/temp/_cpt_8495511_1.init
[trac] [18:51:11] CP/SP     <TRACE> [TraceBackBuilder]-Thread-117# 31000022|26|"31000022.0"|"00000038"|C:/Users/S&SSLAWKS/Desktop/Project/JAVA/src/20200813185000/com/gtone/dq/customer/config/CUSTConfig.java
[trac] [18:51:11] CP/SP     <TRACE> -proc> [info] Process: [308] C:\Users\S&SSLAWKS\BeyondSecurity\beSOURCE developer\beSOURCE 5.0\data\CodePrism\Analyzer\codeprism\usa\windows\sasp.exe.x86_64 trace -v C:/Users/S&SSLAWKS/Desktop/Project/JAVA/temp/_cpt_29919449_1.init
[trac] [18:51:11] CP/SP <INFO> ProcessRunner end. 606ms
[trac] [18:51:11] CP/SP <INFO> process end
[trac] [18:51:11] CP/SP <INFO> build result...
[trac] [18:51:11] CP/SP <INFO> ProcessRunner end. 557ms
[trac] [18:51:11] CP/SP <INFO> process end
[trac] [18:51:11] CP/SP <INFO> build result...
[trac] [18:51:11] CP/SP     <TRACE> -proc> [info] codeMRI: Loading the configuration file: C:/Users/S&SSLAWKS/Desktop/Project/JAVA/temp/_cpt_15855697_1.init
[trac] [18:51:11] CP/SP <INFO> ProcessRunner start. timeout=20s
[trac] [18:51:11] CP/SP <INFO> EXEC INFO: C:/Users/S&SSLAWKS/BeyondSecurity/beSOURCE developer/beSOURCE 5.0/data/CodePrism/Analyzer/codeprism/usa/windows/codeMRI.exe.x86_64 -t -v C:/Users/S&SSLAWKS/Desktop/Project/JAVA/temp/_cpt_18403721_1.init
[trac] [18:51:12] CP/SP     <TRACE> [TraceBackBuilder]-Thread-116# 31000209|36|"31000209.3"|"00000003"|C:/Users/S&SSLAWKS/Desktop/Project/JAVA/src/20200813185000/dao/TB_CD.java
[trac] [18:51:12] CP/SP     <TRACE> [TraceBackBuilder]-Thread-118# 31000209|29|"31000209.2"|"00000004"|C:/Users/S&SSLAWKS/Desktop/Project/JAVA/src/20200813185000/dao/TB_CUSTOMER10.java
[trac] [18:51:12] CP/SP     <TRACE> -proc> [info] sasp: Loading the configuration file: C:/Users/S&SSLAWKS/Desktop/Project/JAVA/temp/_cpt_31384576_1.init
[trac] [18:51:12] CP/SP     <TRACE> -proc> [info] sasp: session.mode = load
[trac] [18:51:12] CP/SP     <TRACE> -proc> [info] sasp: Working directory: C:\Users\S&SSLAWKS\Desktop\Project\JAVA\temp\.sasp
[trac] [18:51:12] CP/SP     <TRACE> -proc> [info] Getting trace information of session/trace : (00000017, 31000209.2)
[trac] [18:51:12] CP/SP <INFO> ProcessRunner start. timeout=20s
[trac] [18:51:12] CP/SP <INFO> EXEC INFO: C:/Users/S&SSLAWKS/BeyondSecurity/beSOURCE developer/beSOURCE 5.0/data/CodePrism/Analyzer/codeprism/usa/windows/codeMRI.exe.x86_64 -t -v C:/Users/S&SSLAWKS/Desktop/Project/JAVA/temp/_cpt_24478976_1.init
[trac] [18:51:12] CP/SP <INFO> ProcessRunner start. timeout=20s
[trac] [18:51:12] CP/SP <INFO> EXEC INFO: C:/Users/S&SSLAWKS/BeyondSecurity/beSOURCE developer/beSOURCE 5.0/data/CodePrism/Analyzer/codeprism/usa/windows/codeMRI.exe.x86_64 -t -v C:/Users/S&SSLAWKS/Desktop/Project/JAVA/temp/_cpt_7263010_1.init
[trac] [18:51:12] CP/SP     <TRACE> -proc> [info] codeMRI: Loading the configuration file: C:/Users/S&SSLAWKS/Desktop/Project/JAVA/temp/_cpt_534353_1.init
[trac] [18:51:12] CP/SP     <TRACE> -proc> [info] sasp: Loading the configuration file: C:/Users/S&SSLAWKS/Desktop/Project/JAVA/temp/_cpt_29919449_1.init
[trac] [18:51:12] CP/SP     <TRACE> -proc> [info] sasp: session.mode = load
[trac] [18:51:12] CP/SP     <TRACE> -proc> [info] sasp: Working directory: C:\Users\S&SSLAWKS\Desktop\Project\JAVA\temp\.sasp
[trac] [18:51:12] CP/SP     <TRACE> -proc> [info] Getting trace information of session/trace : (00000017, 31000209.3)
[trac] [18:51:12] CP/SP     <TRACE> -proc> [info] Process: [316] C:\Users\S&SSLAWKS\BeyondSecurity\beSOURCE developer\beSOURCE 5.0\data\CodePrism\Analyzer\codeprism\usa\windows\sasp.exe.x86_64 trace -v C:/Users/S&SSLAWKS/Desktop/Project/JAVA/temp/_cpt_534353_1.init
[trac] [18:51:12] CP/SP <INFO> ProcessRunner end. 453ms
[trac] [18:51:12] CP/SP <INFO> process end
[trac] [18:51:12] CP/SP <INFO> build result...
[trac] [18:51:12] CP/SP     <TRACE> -proc> [info] codeMRI: Loading the configuration file: C:/Users/S&SSLAWKS/Desktop/Project/JAVA/temp/_cpt_29705835_1.init
[trac] [18:51:12] CP/SP     <TRACE> [TraceBackBuilder]-Thread-119# 31000209|35|"31000209.3"|"00000004"|C:/Users/S&SSLAWKS/Desktop/Project/JAVA/src/20200813185000/dao/TB_CUSTOMER10.java
[trac] [18:51:12] CP/SP <INFO> ProcessRunner start. timeout=20s
[trac] [18:51:12] CP/SP     <TRACE> -proc> [info] Process: [308] C:\Users\S&SSLAWKS\BeyondSecurity\beSOURCE developer\beSOURCE 5.0\data\CodePrism\Analyzer\codeprism\usa\windows\sasp.exe.x86_64 trace -v C:/Users/S&SSLAWKS/Desktop/Project/JAVA/temp/_cpt_29705835_1.init
[trac] [18:51:12] CP/SP <INFO> EXEC INFO: C:/Users/S&SSLAWKS/BeyondSecurity/beSOURCE developer/beSOURCE 5.0/data/CodePrism/Analyzer/codeprism/usa/windows/codeMRI.exe.x86_64 -t -v C:/Users/S&SSLAWKS/Desktop/Project/JAVA/temp/_cpt_13599389_1.init
[trac] [18:51:12] CP/SP     <TRACE> -proc> [info] codeMRI: Loading the configuration file: C:/Users/S&SSLAWKS/Desktop/Project/JAVA/temp/_cpt_8495511_1.init
[trac] [18:51:12] CP/SP     <TRACE> -proc> [info] Process: [268] C:\Users\S&SSLAWKS\BeyondSecurity\beSOURCE developer\beSOURCE 5.0\data\CodePrism\Analyzer\codeprism\usa\windows\sasp.exe.x86_64 trace -v C:/Users/S&SSLAWKS/Desktop/Project/JAVA/temp/_cpt_15855697_1.init
[trac] [18:51:12] CP/SP     <TRACE> -proc> [info] sasp: Loading the configuration file: C:/Users/S&SSLAWKS/Desktop/Project/JAVA/temp/_cpt_534353_1.init
[trac] [18:51:12] CP/SP     <TRACE> -proc> [info] sasp: session.mode = load
[trac] [18:51:12] CP/SP     <TRACE> -proc> [info] sasp: Working directory: C:\Users\S&SSLAWKS\Desktop\Project\JAVA\temp\.sasp
[trac] [18:51:12] CP/SP     <TRACE> -proc> [info] Getting trace information of session/trace : (00000018, 31000209.3)
[trac] [18:51:12] CP/SP     <TRACE> -proc> [info] Process: [68] C:\Users\S&SSLAWKS\BeyondSecurity\beSOURCE developer\beSOURCE 5.0\data\CodePrism\Analyzer\codeprism\usa\windows\sasp.exe.x86_64 trace -v C:/Users/S&SSLAWKS/Desktop/Project/JAVA/temp/_cpt_8495511_1.init
[trac] [18:51:12] CP/SP     <TRACE> -proc> [info] codeMRI: Loading the configuration file: C:/Users/S&SSLAWKS/Desktop/Project/JAVA/temp/_cpt_18403721_1.init
[trac] [18:51:12] CP/SP     <TRACE> -proc> [info] sasp: Loading the configuration file: C:/Users/S&SSLAWKS/Desktop/Project/JAVA/temp/_cpt_29705835_1.init
[trac] [18:51:12] CP/SP     <TRACE> -proc> [info] sasp: session.mode = load
[trac] [18:51:12] CP/SP     <TRACE> -proc> [info] sasp: Working directory: C:\Users\S&SSLAWKS\Desktop\Project\JAVA\temp\.sasp
[trac] [18:51:12] CP/SP     <TRACE> -proc> [info] Getting trace information of session/trace : (00000019, 31000209.2)
[trac] [18:51:12] CP/SP     <TRACE> -proc> [info] Process: [308] C:\Users\S&SSLAWKS\BeyondSecurity\beSOURCE developer\beSOURCE 5.0\data\CodePrism\Analyzer\codeprism\usa\windows\sasp.exe.x86_64 trace -v C:/Users/S&SSLAWKS/Desktop/Project/JAVA/temp/_cpt_18403721_1.init
[trac] [18:51:12] CP/SP     <TRACE> CodeMriAnalyzer- number: 29, running threads: 10,waiting threads: 7, memory check: 75MB
[trac] [18:51:12] CP/SP     <TRACE> -proc> [info] sasp: Loading the configuration file: C:/Users/S&SSLAWKS/Desktop/Project/JAVA/temp/_cpt_15855697_1.init
[trac] [18:51:12] CP/SP     <TRACE> -proc> [info] sasp: session.mode = load
[trac] [18:51:12] CP/SP     <TRACE> -proc> [info] sasp: Working directory: C:\Users\S&SSLAWKS\Desktop\Project\JAVA\temp\.sasp
[trac] [18:51:12] CP/SP     <TRACE> -proc> [info] Getting trace information of session/trace : (00000018, 31000209.2)
[trac] [18:51:12] CP/SP <INFO> ProcessRunner end. 502ms
[trac] [18:51:12] CP/SP <INFO> process end
[trac] [18:51:12] CP/SP <INFO> build result...
[trac] [18:51:12] CP/SP     <TRACE> -proc> [info] codeMRI: Loading the configuration file: C:/Users/S&SSLAWKS/Desktop/Project/JAVA/temp/_cpt_7263010_1.init
[trac] [18:51:12] CP/SP     <TRACE> CodeMriAnalyzer- number: 30, running threads: 10,waiting threads: 8, memory check: 75MB
[trac] [18:51:12] CP/SP     <TRACE> CodeMriAnalyzer- number: 31, running threads: 10,waiting threads: 8, memory check: 75MB
[trac] [18:51:12] CP/SP     <TRACE> [TraceBackBuilder]-Thread-122# 31000209|62|"31000209.2"|"00000013"|C:/Users/S&SSLAWKS/Desktop/Project/JAVA/src/20200813185000/dao/TB_CUSTOMER10.java
[trac] [18:51:12] CP/SP     <TRACE> -proc> [info] codeMRI: Loading the configuration file: C:/Users/S&SSLAWKS/Desktop/Project/JAVA/temp/_cpt_24478976_1.init
[trac] [18:51:12] CP/SP <INFO> ProcessRunner end. 403ms
[trac] [18:51:12] CP/SP <INFO> process end
[trac] [18:51:12] CP/SP <INFO> build result...
[trac] [18:51:12] CP/SP     <TRACE> -proc> [info] Process: [312] C:\Users\S&SSLAWKS\BeyondSecurity\beSOURCE developer\beSOURCE 5.0\data\CodePrism\Analyzer\codeprism\usa\windows\sasp.exe.x86_64 trace -v C:/Users/S&SSLAWKS/Desktop/Project/JAVA/temp/_cpt_7263010_1.init
[trac] [18:51:12] CP/SP <INFO> ProcessRunner start. timeout=20s
[trac] [18:51:12] CP/SP     <TRACE> -proc> [info] Process: [316] C:\Users\S&SSLAWKS\BeyondSecurity\beSOURCE developer\beSOURCE 5.0\data\CodePrism\Analyzer\codeprism\usa\windows\sasp.exe.x86_64 trace -v C:/Users/S&SSLAWKS/Desktop/Project/JAVA/temp/_cpt_24478976_1.init
[trac] [18:51:12] CP/SP <INFO> EXEC INFO: C:/Users/S&SSLAWKS/BeyondSecurity/beSOURCE developer/beSOURCE 5.0/data/CodePrism/Analyzer/codeprism/usa/windows/codeMRI.exe.x86_64 -t -v C:/Users/S&SSLAWKS/Desktop/Project/JAVA/temp/_cpt_539419_1.init
[trac] [18:51:12] CP/SP     <TRACE> CodeMriAnalyzer- number: 32, running threads: 10,waiting threads: 9, memory check: 75MB
[trac] [18:51:12] CP/SP     <TRACE> CodeMriAnalyzer- number: 33, running threads: 10,waiting threads: 9, memory check: 75MB
[trac] [18:51:12] CP/SP     <TRACE> [TraceBackBuilder]-Thread-135# 31000209|68|"31000209.3"|"00000013"|C:/Users/S&SSLAWKS/Desktop/Project/JAVA/src/20200813185000/dao/TB_CUSTOMER10.java
[trac] [18:51:12] CP/SP     <TRACE> -proc> [info] sasp: Loading the configuration file: C:/Users/S&SSLAWKS/Desktop/Project/JAVA/temp/_cpt_8495511_1.init
[trac] [18:51:12] CP/SP     <TRACE> -proc> [info] sasp: session.mode = load
[trac] [18:51:12] CP/SP     <TRACE> -proc> [info] sasp: Working directory: C:\Users\S&SSLAWKS\Desktop\Project\JAVA\temp\.sasp
[trac] [18:51:12] CP/SP     <TRACE> -proc> [info] Getting trace information of session/trace : (00000003, 31000209.2)
[trac] [18:51:12] CP/SP     <TRACE> -proc> [info] sasp: Loading the configuration file: C:/Users/S&SSLAWKS/Desktop/Project/JAVA/temp/_cpt_18403721_1.init
[trac] [18:51:12] CP/SP     <TRACE> -proc> [info] sasp: session.mode = load
[trac] [18:51:12] CP/SP     <TRACE> -proc> [info] sasp: Working directory: C:\Users\S&SSLAWKS\Desktop\Project\JAVA\temp\.sasp
[trac] [18:51:12] CP/SP     <TRACE> -proc> [info] Getting trace information of session/trace : (00000038, 31000022.0)
[trac] [18:51:12] CP/SP <INFO> ProcessRunner end. 617ms
[trac] [18:51:12] CP/SP <INFO> process end
[trac] [18:51:12] CP/SP <INFO> build result...
[trac] [18:51:12] CP/SP     <TRACE> CodeMriAnalyzer- number: 34, running threads: 10,waiting threads: 10, memory check: 76MB
[trac] [18:51:12] CP/SP     <TRACE> CodeMriAnalyzer- number: 35, running threads: 10,waiting threads: 10, memory check: 76MB
[trac] [18:51:12] CP/SP <INFO> ProcessRunner start. timeout=20s
[trac] [18:51:12] CP/SP <INFO> ProcessRunner end. 612ms
[trac] [18:51:12] CP/SP <INFO> process end
[trac] [18:51:12] CP/SP <INFO> build result...
[trac] [18:51:12] CP/SP <INFO> EXEC INFO: C:/Users/S&SSLAWKS/BeyondSecurity/beSOURCE developer/beSOURCE 5.0/data/CodePrism/Analyzer/codeprism/usa/windows/codeMRI.exe.x86_64 -t -v C:/Users/S&SSLAWKS/Desktop/Project/JAVA/temp/_cpt_13301441_1.init
[trac] [18:51:12] CP/SP     <TRACE> CodeMriAnalyzer- number: 36, running threads: 10,waiting threads: 12, memory check: 77MB
[trac] [18:51:12] CP/SP     <TRACE> [TraceBackBuilder]-Thread-137# 31000209|97|"31000209.2"|"00000014"|C:/Users/S&SSLAWKS/Desktop/Project/JAVA/src/20200813185000/dao/TB_CUSTOMER10.java
[trac] [18:51:12] CP/SP     <TRACE> [TraceBackBuilder]-Thread-138# 31000209|103|"31000209.3"|"00000014"|C:/Users/S&SSLAWKS/Desktop/Project/JAVA/src/20200813185000/dao/TB_CUSTOMER10.java
[trac] [18:51:12] CP/SP     <TRACE> -proc> [info] sasp: Loading the configuration file: C:/Users/S&SSLAWKS/Desktop/Project/JAVA/temp/_cpt_7263010_1.init
[trac] [18:51:12] CP/SP     <TRACE> -proc> [info] sasp: session.mode = load
[trac] [18:51:12] CP/SP     <TRACE> -proc> [info] sasp: Working directory: C:\Users\S&SSLAWKS\Desktop\Project\JAVA\temp\.sasp
[trac] [18:51:12] CP/SP     <TRACE> -proc> [info] Getting trace information of session/trace : (00000004, 31000209.2)
[trac] [18:51:12] CP/SP <INFO> ProcessRunner start. timeout=20s
[trac] [18:51:12] CP/SP <INFO> EXEC INFO: C:/Users/S&SSLAWKS/BeyondSecurity/beSOURCE developer/beSOURCE 5.0/data/CodePrism/Analyzer/codeprism/usa/windows/codeMRI.exe.x86_64 -t -v C:/Users/S&SSLAWKS/Desktop/Project/JAVA/temp/_cpt_13594894_1.init
[trac] [18:51:12] CP/SP <INFO> ProcessRunner start. timeout=20s
[trac] [18:51:12] CP/SP <INFO> EXEC INFO: C:/Users/S&SSLAWKS/BeyondSecurity/beSOURCE developer/beSOURCE 5.0/data/CodePrism/Analyzer/codeprism/usa/windows/codeMRI.exe.x86_64 -t -v C:/Users/S&SSLAWKS/Desktop/Project/JAVA/temp/_cpt_17268681_1.init
[trac] [18:51:12] CP/SP <INFO> ProcessRunner end. 565ms
[trac] [18:51:12] CP/SP <INFO> process end
[trac] [18:51:12] CP/SP <INFO> build result...
[trac] [18:51:12] CP/SP     <TRACE> -proc> [info] sasp: Loading the configuration file: C:/Users/S&SSLAWKS/Desktop/Project/JAVA/temp/_cpt_24478976_1.init
[trac] [18:51:12] CP/SP     <TRACE> -proc> [info] sasp: session.mode = load
[trac] [18:51:12] CP/SP     <TRACE> -proc> [info] sasp: Working directory: C:\Users\S&SSLAWKS\Desktop\Project\JAVA\temp\.sasp
[trac] [18:51:12] CP/SP     <TRACE> -proc> [info] Getting trace information of session/trace : (00000003, 31000209.3)
[trac] [18:51:12] CP/SP     <TRACE> [TraceBackBuilder]-Thread-141# 31000209|131|"31000209.2"|"00000015"|C:/Users/S&SSLAWKS/Desktop/Project/JAVA/src/20200813185000/dao/TB_CUSTOMER10.java
[trac] [18:51:12] CP/SP <INFO> ProcessRunner end. 768ms
[trac] [18:51:12] CP/SP <INFO> process end
[trac] [18:51:12] CP/SP <INFO> build result...
[trac] [18:51:12] CP/SP <INFO> ProcessRunner start. timeout=20s
[trac] [18:51:12] CP/SP <INFO> EXEC INFO: C:/Users/S&SSLAWKS/BeyondSecurity/beSOURCE developer/beSOURCE 5.0/data/CodePrism/Analyzer/codeprism/usa/windows/codeMRI.exe.x86_64 -t -v C:/Users/S&SSLAWKS/Desktop/Project/JAVA/temp/_cpt_26953436_1.init
[trac] [18:51:12] CP/SP     <TRACE> [TraceBackBuilder]-Thread-142# 31000209|137|"31000209.3"|"00000015"|C:/Users/S&SSLAWKS/Desktop/Project/JAVA/src/20200813185000/dao/TB_CUSTOMER10.java
[trac] [18:51:12] CP/SP     <TRACE> -proc> [info] codeMRI: Loading the configuration file: C:/Users/S&SSLAWKS/Desktop/Project/JAVA/temp/_cpt_2955420_1.init
[trac] [18:51:12] CP/SP <INFO> ProcessRunner end. 783ms
[trac] [18:51:12] CP/SP <INFO> process end
[trac] [18:51:12] CP/SP <INFO> build result...
[trac] [18:51:12] CP/SP <INFO> ProcessRunner start. timeout=20s
[trac] [18:51:12] CP/SP <INFO> EXEC INFO: C:/Users/S&SSLAWKS/BeyondSecurity/beSOURCE developer/beSOURCE 5.0/data/CodePrism/Analyzer/codeprism/usa/windows/codeMRI.exe.x86_64 -t -v C:/Users/S&SSLAWKS/Desktop/Project/JAVA/temp/_cpt_19697576_1.init
[trac] [18:51:12] CP/SP     <TRACE> -proc> [info] codeMRI: Loading the configuration file: C:/Users/S&SSLAWKS/Desktop/Project/JAVA/temp/_cpt_539419_1.init
[trac] [18:51:12] CP/SP     <TRACE> [TraceBackBuilder]-Thread-143# 31000209|166|"31000209.2"|"00000016"|C:/Users/S&SSLAWKS/Desktop/Project/JAVA/src/20200813185000/dao/TB_CUSTOMER10.java
[trac] [18:51:12] CP/SP     <TRACE> -proc> [info] Process: [308] C:\Users\S&SSLAWKS\BeyondSecurity\beSOURCE developer\beSOURCE 5.0\data\CodePrism\Analyzer\codeprism\usa\windows\sasp.exe.x86_64 trace -v C:/Users/S&SSLAWKS/Desktop/Project/JAVA/temp/_cpt_2955420_1.init
[trac] [18:51:12] CP/SP <INFO> ProcessRunner start. timeout=20s
[trac] [18:51:12] CP/SP <INFO> ProcessRunner end. 877ms
[trac] [18:51:12] CP/SP <INFO> process end
[trac] [18:51:12] CP/SP <INFO> build result...
[trac] [18:51:12] CP/SP     <TRACE> -proc> [info] Process: [308] C:\Users\S&SSLAWKS\BeyondSecurity\beSOURCE developer\beSOURCE 5.0\data\CodePrism\Analyzer\codeprism\usa\windows\sasp.exe.x86_64 trace -v C:/Users/S&SSLAWKS/Desktop/Project/JAVA/temp/_cpt_539419_1.init
[trac] [18:51:12] CP/SP <INFO> EXEC INFO: C:/Users/S&SSLAWKS/BeyondSecurity/beSOURCE developer/beSOURCE 5.0/data/CodePrism/Analyzer/codeprism/usa/windows/codeMRI.exe.x86_64 -t -v C:/Users/S&SSLAWKS/Desktop/Project/JAVA/temp/_cpt_29071960_1.init
[trac] [18:51:12] CP/SP     <TRACE> [TraceBackBuilder]-Thread-162# 31000209|172|"31000209.3"|"00000016"|C:/Users/S&SSLAWKS/Desktop/Project/JAVA/src/20200813185000/dao/TB_CUSTOMER10.java
[trac] [18:51:12] CP/SP     <TRACE> CodeMriAnalyzer- number: 37, running threads: 10,waiting threads: 7, memory check: 14MB
[trac] [18:51:12] CP/SP <INFO> ProcessRunner start. timeout=20s
[trac] [18:51:12] CP/SP <INFO> EXEC INFO: C:/Users/S&SSLAWKS/BeyondSecurity/beSOURCE developer/beSOURCE 5.0/data/CodePrism/Analyzer/codeprism/usa/windows/codeMRI.exe.x86_64 -t -v C:/Users/S&SSLAWKS/Desktop/Project/JAVA/temp/_cpt_21443983_1.init
[trac] [18:51:12] CP/SP     <TRACE> -proc> [info] codeMRI: Loading the configuration file: C:/Users/S&SSLAWKS/Desktop/Project/JAVA/temp/_cpt_13599389_1.init
[trac] [18:51:12] CP/SP     <TRACE> CodeMriAnalyzer- number: 38, running threads: 10,waiting threads: 8, memory check: 15MB
[trac] [18:51:12] CP/SP     <TRACE> CodeMriAnalyzer- number: 39, running threads: 10,waiting threads: 8, memory check: 15MB
[trac] [18:51:12] CP/SP     <TRACE> -proc> [info] codeMRI: Loading the configuration file: C:/Users/S&SSLAWKS/Desktop/Project/JAVA/temp/_cpt_17268681_1.init
[trac] [18:51:12] CP/SP     <TRACE> -proc> [info] codeMRI: Loading the configuration file: C:/Users/S&SSLAWKS/Desktop/Project/JAVA/temp/_cpt_13301441_1.init
[trac] [18:51:12] CP/SP     <TRACE> -proc> [info] Process: [316] C:\Users\S&SSLAWKS\BeyondSecurity\beSOURCE developer\beSOURCE 5.0\data\CodePrism\Analyzer\codeprism\usa\windows\sasp.exe.x86_64 trace -v C:/Users/S&SSLAWKS/Desktop/Project/JAVA/temp/_cpt_13599389_1.init
[trac] [18:51:12] CP/SP     <TRACE> CodeMriAnalyzer- number: 40, running threads: 10,waiting threads: 10, memory check: 16MB
[trac] [18:51:12] CP/SP     <TRACE> CodeMriAnalyzer- number: 41, running threads: 10,waiting threads: 10, memory check: 16MB
[trac] [18:51:13] CP/SP     <TRACE> -proc> [info] sasp: Loading the configuration file: C:/Users/S&SSLAWKS/Desktop/Project/JAVA/temp/_cpt_539419_1.init
[trac] [18:51:13] CP/SP     <TRACE> -proc> [info] sasp: session.mode = load
[trac] [18:51:13] CP/SP     <TRACE> -proc> [info] sasp: Working directory: C:\Users\S&SSLAWKS\Desktop\Project\JAVA\temp\.sasp
[trac] [18:51:13] CP/SP     <TRACE> -proc> [info] Getting trace information of session/trace : (00000013, 31000209.2)
[trac] [18:51:13] CP/SP     <TRACE> CodeMriAnalyzer- number: 42, running threads: 10,waiting threads: 12, memory check: 16MB
[trac] [18:51:13] CP/SP     <TRACE> -proc> [info] sasp: Loading the configuration file: C:/Users/S&SSLAWKS/Desktop/Project/JAVA/temp/_cpt_2955420_1.init
[trac] [18:51:13] CP/SP     <TRACE> -proc> [info] sasp: session.mode = load
[trac] [18:51:13] CP/SP     <TRACE> -proc> [info] sasp: Working directory: C:\Users\S&SSLAWKS\Desktop\Project\JAVA\temp\.sasp
[trac] [18:51:13] CP/SP     <TRACE> -proc> [info] Getting trace information of session/trace : (00000019, 31000209.3)
[trac] [18:51:13] CP/SP     <TRACE> -proc> [info] sasp: Loading the configuration file: C:/Users/S&SSLAWKS/Desktop/Project/JAVA/temp/_cpt_13599389_1.init
[trac] [18:51:13] CP/SP     <TRACE> -proc> [info] sasp: session.mode = load
[trac] [18:51:13] CP/SP     <TRACE> -proc> [info] sasp: Working directory: C:\Users\S&SSLAWKS\Desktop\Project\JAVA\temp\.sasp
[trac] [18:51:13] CP/SP     <TRACE> -proc> [info] Getting trace information of session/trace : (00000004, 31000209.3)
[trac] [18:51:13] CP/SP     <TRACE> -proc> [info] Process: [316] C:\Users\S&SSLAWKS\BeyondSecurity\beSOURCE developer\beSOURCE 5.0\data\CodePrism\Analyzer\codeprism\usa\windows\sasp.exe.x86_64 trace -v C:/Users/S&SSLAWKS/Desktop/Project/JAVA/temp/_cpt_17268681_1.init
[trac] [18:51:13] CP/SP <INFO> ProcessRunner end. 823ms
[trac] [18:51:13] CP/SP <INFO> process end
[trac] [18:51:13] CP/SP <INFO> build result...
[trac] [18:51:13] CP/SP     <TRACE> -proc> [info] codeMRI: Loading the configuration file: C:/Users/S&SSLAWKS/Desktop/Project/JAVA/temp/_cpt_29071960_1.init
[trac] [18:51:13] CP/SP <INFO> ProcessRunner end. 1157ms
[trac] [18:51:13] CP/SP <INFO> process end
[trac] [18:51:13] CP/SP <INFO> build result...
[trac] [18:51:13] CP/SP     <TRACE> -proc> [info] codeMRI: Loading the configuration file: C:/Users/S&SSLAWKS/Desktop/Project/JAVA/temp/_cpt_19697576_1.init
[trac] [18:51:13] CP/SP     <TRACE> -proc> [info] Process: [304] C:\Users\S&SSLAWKS\BeyondSecurity\beSOURCE developer\beSOURCE 5.0\data\CodePrism\Analyzer\codeprism\usa\windows\sasp.exe.x86_64 trace -v C:/Users/S&SSLAWKS/Desktop/Project/JAVA/temp/_cpt_13301441_1.init
[trac] [18:51:13] CP/SP     <TRACE> [TraceBackBuilder]-Thread-163# 31000209|29|"31000209.2"|"00000001"|C:/Users/S&SSLAWKS/Desktop/Project/JAVA/src/20200813185000/dao/TB_CD10.java
[trac] [18:51:13] CP/SP     <TRACE> [TraceBackBuilder]-Thread-164# 31000209|35|"31000209.3"|"00000001"|C:/Users/S&SSLAWKS/Desktop/Project/JAVA/src/20200813185000/dao/TB_CD10.java
[trac] [18:51:13] CP/SP     <TRACE> -proc> [info] Process: [304] C:\Users\S&SSLAWKS\BeyondSecurity\beSOURCE developer\beSOURCE 5.0\data\CodePrism\Analyzer\codeprism\usa\windows\sasp.exe.x86_64 trace -v C:/Users/S&SSLAWKS/Desktop/Project/JAVA/temp/_cpt_19697576_1.init
[trac] [18:51:13] CP/SP <INFO> ProcessRunner start. timeout=20s
[trac] [18:51:13] CP/SP <INFO> ProcessRunner start. timeout=20s
[trac] [18:51:13] CP/SP <INFO> EXEC INFO: C:/Users/S&SSLAWKS/BeyondSecurity/beSOURCE developer/beSOURCE 5.0/data/CodePrism/Analyzer/codeprism/usa/windows/codeMRI.exe.x86_64 -t -v C:/Users/S&SSLAWKS/Desktop/Project/JAVA/temp/_cpt_31761534_1.init
[trac] [18:51:13] CP/SP <INFO> EXEC INFO: C:/Users/S&SSLAWKS/BeyondSecurity/beSOURCE developer/beSOURCE 5.0/data/CodePrism/Analyzer/codeprism/usa/windows/codeMRI.exe.x86_64 -t -v C:/Users/S&SSLAWKS/Desktop/Project/JAVA/temp/_cpt_32200294_1.init
[trac] [18:51:13] CP/SP     <TRACE> -proc> [info] Process: [292] C:\Users\S&SSLAWKS\BeyondSecurity\beSOURCE developer\beSOURCE 5.0\data\CodePrism\Analyzer\codeprism\usa\windows\sasp.exe.x86_64 trace -v C:/Users/S&SSLAWKS/Desktop/Project/JAVA/temp/_cpt_29071960_1.init
[trac] [18:51:13] CP/SP <INFO> ProcessRunner end. 1125ms
[trac] [18:51:13] CP/SP <INFO> process end
[trac] [18:51:13] CP/SP <INFO> build result...
[trac] [18:51:13] CP/SP     <TRACE> -proc> [info] codeMRI: Loading the configuration file: C:/Users/S&SSLAWKS/Desktop/Project/JAVA/temp/_cpt_21443983_1.init
[trac] [18:51:13] CP/SP     <TRACE> -proc> [info] sasp: Loading the configuration file: C:/Users/S&SSLAWKS/Desktop/Project/JAVA/temp/_cpt_13301441_1.init
[trac] [18:51:13] CP/SP     <TRACE> -proc> [info] sasp: session.mode = load
[trac] [18:51:13] CP/SP     <TRACE> -proc> [info] sasp: Working directory: C:\Users\S&SSLAWKS\Desktop\Project\JAVA\temp\.sasp
[trac] [18:51:13] CP/SP     <TRACE> -proc> [info] Getting trace information of session/trace : (00000013, 31000209.3)
[trac] [18:51:13] CP/SP     <TRACE> [TraceBackBuilder]-Thread-166# 31000259|21|"31000259.0"|"00000001"|C:/Users/S&SSLAWKS/Desktop/Project/JAVA/src/20200813185000/dao/DAO.java
[trac] [18:51:13] CP/SP     <TRACE> -proc> [info] Process: [324] C:\Users\S&SSLAWKS\BeyondSecurity\beSOURCE developer\beSOURCE 5.0\data\CodePrism\Analyzer\codeprism\usa\windows\sasp.exe.x86_64 trace -v C:/Users/S&SSLAWKS/Desktop/Project/JAVA/temp/_cpt_21443983_1.init
[trac] [18:51:13] CP/SP     <TRACE> -proc> [info] codeMRI: Loading the configuration file: C:/Users/S&SSLAWKS/Desktop/Project/JAVA/temp/_cpt_13594894_1.init
[trac] [18:51:13] CP/SP <INFO> ProcessRunner start. timeout=20s
[trac] [18:51:13] CP/SP     <TRACE> CodeMriAnalyzer- number: 43, running threads: 10,waiting threads: 10, memory check: 18MB
[trac] [18:51:13] CP/SP <INFO> EXEC INFO: C:/Users/S&SSLAWKS/BeyondSecurity/beSOURCE developer/beSOURCE 5.0/data/CodePrism/Analyzer/codeprism/usa/windows/codeMRI.exe.x86_64 -t -v C:/Users/S&SSLAWKS/Desktop/Project/JAVA/temp/_cpt_189219_1.init
[trac] [18:51:13] CP/SP     <TRACE> -proc> [info] sasp: Loading the configuration file: C:/Users/S&SSLAWKS/Desktop/Project/JAVA/temp/_cpt_19697576_1.init
[trac] [18:51:13] CP/SP     <TRACE> -proc> [info] sasp: session.mode = load
[trac] [18:51:13] CP/SP     <TRACE> -proc> [info] sasp: Working directory: C:\Users\S&SSLAWKS\Desktop\Project\JAVA\temp\.sasp
[trac] [18:51:13] CP/SP     <TRACE> -proc> [info] Getting trace information of session/trace : (00000015, 31000209.3)
[trac] [18:51:13] CP/SP     <TRACE> CodeMriAnalyzer- number: 44, running threads: 10,waiting threads: 11, memory check: 18MB
[trac] [18:51:13] CP/SP     <TRACE> -proc> [info] sasp: Loading the configuration file: C:/Users/S&SSLAWKS/Desktop/Project/JAVA/temp/_cpt_29071960_1.init
[trac] [18:51:13] CP/SP     <TRACE> -proc> [info] sasp: session.mode = load
[trac] [18:51:13] CP/SP     <TRACE> -proc> [info] sasp: Working directory: C:\Users\S&SSLAWKS\Desktop\Project\JAVA\temp\.sasp
[trac] [18:51:13] CP/SP     <TRACE> -proc> [info] Getting trace information of session/trace : (00000016, 31000209.2)
[trac] [18:51:13] CP/SP     <TRACE> -proc> [info] sasp: Loading the configuration file: C:/Users/S&SSLAWKS/Desktop/Project/JAVA/temp/_cpt_17268681_1.init
[trac] [18:51:13] CP/SP     <TRACE> -proc> [info] sasp: session.mode = load
[trac] [18:51:13] CP/SP     <TRACE> -proc> [info] sasp: Working directory: C:\Users\S&SSLAWKS\Desktop\Project\JAVA\temp\.sasp
[trac] [18:51:13] CP/SP     <TRACE> -proc> [info] Getting trace information of session/trace : (00000014, 31000209.3)
[trac] [18:51:13] CP/SP     <TRACE> -proc> [info] sasp: Loading the configuration file: C:/Users/S&SSLAWKS/Desktop/Project/JAVA/temp/_cpt_21443983_1.init
[trac] [18:51:13] CP/SP     <TRACE> -proc> [info] sasp: session.mode = load
[trac] [18:51:13] CP/SP     <TRACE> -proc> [info] sasp: Working directory: C:\Users\S&SSLAWKS\Desktop\Project\JAVA\temp\.sasp
[trac] [18:51:13] CP/SP     <TRACE> -proc> [info] Getting trace information of session/trace : (00000016, 31000209.3)
[trac] [18:51:13] CP/SP     <TRACE> -proc> [info] Process: [308] C:\Users\S&SSLAWKS\BeyondSecurity\beSOURCE developer\beSOURCE 5.0\data\CodePrism\Analyzer\codeprism\usa\windows\sasp.exe.x86_64 trace -v C:/Users/S&SSLAWKS/Desktop/Project/JAVA/temp/_cpt_13594894_1.init
[trac] [18:51:13] CP/SP     <TRACE> -proc> [info] codeMRI: Loading the configuration file: C:/Users/S&SSLAWKS/Desktop/Project/JAVA/temp/_cpt_26953436_1.init
[trac] [18:51:13] CP/SP <INFO> ProcessRunner end. 536ms
[trac] [18:51:13] CP/SP <INFO> process end
[trac] [18:51:13] CP/SP <INFO> build result...
[trac] [18:51:13] CP/SP     <TRACE> -proc> [info] codeMRI: Loading the configuration file: C:/Users/S&SSLAWKS/Desktop/Project/JAVA/temp/_cpt_32200294_1.init
[trac] [18:51:13] CP/SP <INFO> ProcessRunner end. 989ms
[trac] [18:51:13] CP/SP <INFO> process end
[trac] [18:51:13] CP/SP <INFO> build result...
[trac] [18:51:13] CP/SP     <TRACE> -proc> [info] Process: [304] C:\Users\S&SSLAWKS\BeyondSecurity\beSOURCE developer\beSOURCE 5.0\data\CodePrism\Analyzer\codeprism\usa\windows\sasp.exe.x86_64 trace -v C:/Users/S&SSLAWKS/Desktop/Project/JAVA/temp/_cpt_26953436_1.init
[trac] [18:51:13] CP/SP     <TRACE> [TraceBackBuilder]-Thread-167# 31000209|13|"31000209.0"|"00000001"|C:/Users/S&SSLAWKS/Desktop/Project/JAVA/src/20200813185000/dao/DAO.java
[trac] [18:51:13] CP/SP <INFO> ProcessRunner end. 629ms
[trac] [18:51:13] CP/SP <INFO> process end
[trac] [18:51:13] CP/SP <INFO> build result...
[trac] [18:51:13] CP/SP     <TRACE> [TraceBackBuilder]-Thread-170# 31000209|23|"31000209.1"|"00000001"|C:/Users/S&SSLAWKS/Desktop/Project/JAVA/src/20200813185000/dao/DAO.java
[trac] [18:51:13] CP/SP <INFO> ProcessRunner end. 510ms
[trac] [18:51:13] CP/SP <INFO> process end
[trac] [18:51:13] CP/SP <INFO> build result...
[trac] [18:51:13] CP/SP <INFO> ProcessRunner start. timeout=20s
[trac] [18:51:13] CP/SP     <TRACE> -proc> [info] Process: [304] C:\Users\S&SSLAWKS\BeyondSecurity\beSOURCE developer\beSOURCE 5.0\data\CodePrism\Analyzer\codeprism\usa\windows\sasp.exe.x86_64 trace -v C:/Users/S&SSLAWKS/Desktop/Project/JAVA/temp/_cpt_32200294_1.init
[trac] [18:51:13] CP/SP <INFO> EXEC INFO: C:/Users/S&SSLAWKS/BeyondSecurity/beSOURCE developer/beSOURCE 5.0/data/CodePrism/Analyzer/codeprism/usa/windows/codeMRI.exe.x86_64 -t -v C:/Users/S&SSLAWKS/Desktop/Project/JAVA/temp/_cpt_6885751_1.init
[trac] [18:51:13] CP/SP     <TRACE> [TraceBackBuilder]-Thread-171# 31000209|29|"31000209.2"|"00000026"|C:/Users/S&SSLAWKS/Desktop/Project/JAVA/src/20200813185000/dao/TB_DT_TYPE_STD_VAL.java
[trac] [18:51:13] CP/SP <INFO> ProcessRunner start. timeout=20s
[trac] [18:51:13] CP/SP     <TRACE> [TraceBackBuilder]-Thread-173# 31000209|35|"31000209.3"|"00000026"|C:/Users/S&SSLAWKS/Desktop/Project/JAVA/src/20200813185000/dao/TB_DT_TYPE_STD_VAL.java
[trac] [18:51:13] CP/SP <INFO> EXEC INFO: C:/Users/S&SSLAWKS/BeyondSecurity/beSOURCE developer/beSOURCE 5.0/data/CodePrism/Analyzer/codeprism/usa/windows/codeMRI.exe.x86_64 -t -v C:/Users/S&SSLAWKS/Desktop/Project/JAVA/temp/_cpt_33136362_1.init
[trac] [18:51:13] CP/SP     <TRACE> -proc> [info] sasp: Loading the configuration file: C:/Users/S&SSLAWKS/Desktop/Project/JAVA/temp/_cpt_13594894_1.init
[trac] [18:51:13] CP/SP     <TRACE> -proc> [info] sasp: session.mode = load
[trac] [18:51:13] CP/SP     <TRACE> -proc> [info] sasp: Working directory: C:\Users\S&SSLAWKS\Desktop\Project\JAVA\temp\.sasp
[trac] [18:51:13] CP/SP     <TRACE> -proc> [info] Getting trace information of session/trace : (00000014, 31000209.2)
[trac] [18:51:13] CP/SP <INFO> ProcessRunner start. timeout=20s
[trac] [18:51:13] CP/SP <INFO> ProcessRunner start. timeout=20s
[trac] [18:51:13] CP/SP <INFO> EXEC INFO: C:/Users/S&SSLAWKS/BeyondSecurity/beSOURCE developer/beSOURCE 5.0/data/CodePrism/Analyzer/codeprism/usa/windows/codeMRI.exe.x86_64 -t -v C:/Users/S&SSLAWKS/Desktop/Project/JAVA/temp/_cpt_540190_1.init
[trac] [18:51:13] CP/SP <INFO> EXEC INFO: C:/Users/S&SSLAWKS/BeyondSecurity/beSOURCE developer/beSOURCE 5.0/data/CodePrism/Analyzer/codeprism/usa/windows/codeMRI.exe.x86_64 -t -v C:/Users/S&SSLAWKS/Desktop/Project/JAVA/temp/_cpt_28623319_1.init
[trac] [18:51:13] CP/SP     <TRACE> -proc> [info] codeMRI: Loading the configuration file: C:/Users/S&SSLAWKS/Desktop/Project/JAVA/temp/_cpt_189219_1.init
[trac] [18:51:13] CP/SP     <TRACE> -proc> [info] codeMRI: Loading the configuration file: C:/Users/S&SSLAWKS/Desktop/Project/JAVA/temp/_cpt_31761534_1.init
[trac] [18:51:13] CP/SP     <TRACE> -proc> [info] sasp: Loading the configuration file: C:/Users/S&SSLAWKS/Desktop/Project/JAVA/temp/_cpt_32200294_1.init
[trac] [18:51:13] CP/SP     <TRACE> -proc> [info] sasp: session.mode = load
[trac] [18:51:13] CP/SP     <TRACE> -proc> [info] sasp: Working directory: C:\Users\S&SSLAWKS\Desktop\Project\JAVA\temp\.sasp
[trac] [18:51:13] CP/SP     <TRACE> -proc> [info] Getting trace information of session/trace : (00000001, 31000209.3)
[trac] [18:51:13] CP/SP     <TRACE> CodeMriAnalyzer- number: 45, running threads: 10,waiting threads: 8, memory check: 21MB
[trac] [18:51:13] CP/SP     <TRACE> -proc> [info] Process: [308] C:\Users\S&SSLAWKS\BeyondSecurity\beSOURCE developer\beSOURCE 5.0\data\CodePrism\Analyzer\codeprism\usa\windows\sasp.exe.x86_64 trace -v C:/Users/S&SSLAWKS/Desktop/Project/JAVA/temp/_cpt_31761534_1.init
[trac] [18:51:13] CP/SP     <TRACE> -proc> [info] sasp: Loading the configuration file: C:/Users/S&SSLAWKS/Desktop/Project/JAVA/temp/_cpt_26953436_1.init
[trac] [18:51:13] CP/SP     <TRACE> -proc> [info] sasp: session.mode = load
[trac] [18:51:13] CP/SP     <TRACE> -proc> [info] sasp: Working directory: C:\Users\S&SSLAWKS\Desktop\Project\JAVA\temp\.sasp
[trac] [18:51:13] CP/SP     <TRACE> -proc> [info] Getting trace information of session/trace : (00000015, 31000209.2)
[trac] [18:51:13] CP/SP     <TRACE> -proc> [info] Process: [304] C:\Users\S&SSLAWKS\BeyondSecurity\beSOURCE developer\beSOURCE 5.0\data\CodePrism\Analyzer\codeprism\usa\windows\sasp.exe.x86_64 trace -v C:/Users/S&SSLAWKS/Desktop/Project/JAVA/temp/_cpt_189219_1.init
[trac] [18:51:13] CP/SP     <TRACE> CodeMriAnalyzer- number: 46, running threads: 10,waiting threads: 9, memory check: 21MB
[trac] [18:51:13] CP/SP     <TRACE> CodeMriAnalyzer- number: 47, running threads: 10,waiting threads: 9, memory check: 21MB
[trac] [18:51:13] CP/SP <INFO> ProcessRunner end. 1326ms
[trac] [18:51:13] CP/SP <INFO> process end
[trac] [18:51:13] CP/SP <INFO> build result...
[trac] [18:51:13] CP/SP     <TRACE> [TraceBackBuilder]-Thread-183# 31000209|63|"31000209.2"|"00000027"|C:/Users/S&SSLAWKS/Desktop/Project/JAVA/src/20200813185000/dao/TB_DT_TYPE_STD_VAL.java
[trac] [18:51:13] CP/SP     <TRACE> CodeMriAnalyzer- number: 48, running threads: 10,waiting threads: 10, memory check: 21MB
[trac] [18:51:13] CP/SP     <TRACE> CodeMriAnalyzer- number: 49, running threads: 10,waiting threads: 10, memory check: 21MB
[trac] [18:51:13] CP/SP <INFO> ProcessRunner start. timeout=20s
[trac] [18:51:13] CP/SP     <TRACE> CodeMriAnalyzer- number: 50, running threads: 10,waiting threads: 12, memory check: 21MB
[trac] [18:51:13] CP/SP     <TRACE> -proc> [info] sasp: Loading the configuration file: C:/Users/S&SSLAWKS/Desktop/Project/JAVA/temp/_cpt_31761534_1.init
[trac] [18:51:13] CP/SP     <TRACE> -proc> [info] sasp: session.mode = load
[trac] [18:51:13] CP/SP     <TRACE> -proc> [info] sasp: Working directory: C:\Users\S&SSLAWKS\Desktop\Project\JAVA\temp\.sasp
[trac] [18:51:13] CP/SP     <TRACE> -proc> [info] Getting trace information of session/trace : (00000001, 31000209.2)
[trac] [18:51:13] CP/SP <INFO> EXEC INFO: C:/Users/S&SSLAWKS/BeyondSecurity/beSOURCE developer/beSOURCE 5.0/data/CodePrism/Analyzer/codeprism/usa/windows/codeMRI.exe.x86_64 -t -v C:/Users/S&SSLAWKS/Desktop/Project/JAVA/temp/_cpt_24737685_1.init
[trac] [18:51:13] CP/SP <INFO> ProcessRunner end. 733ms
[trac] [18:51:13] CP/SP <INFO> process end
[trac] [18:51:13] CP/SP <INFO> build result...
[trac] [18:51:13] CP/SP <INFO> ProcessRunner end. 1497ms
[trac] [18:51:13] CP/SP <INFO> process end
[trac] [18:51:13] CP/SP <INFO> build result...
[trac] [18:51:13] CP/SP     <TRACE> -proc> [info] sasp: Loading the configuration file: C:/Users/S&SSLAWKS/Desktop/Project/JAVA/temp/_cpt_189219_1.init
[trac] [18:51:13] CP/SP     <TRACE> -proc> [info] sasp: session.mode = load
[trac] [18:51:13] CP/SP     <TRACE> -proc> [info] sasp: Working directory: C:\Users\S&SSLAWKS\Desktop\Project\JAVA\temp\.sasp
[trac] [18:51:13] CP/SP     <TRACE> -proc> [info] Getting trace information of session/trace : (00000001, 31000259.0)
[trac] [18:51:13] CP/SP <INFO> ProcessRunner end. 1169ms
[trac] [18:51:13] CP/SP <INFO> process end
[trac] [18:51:13] CP/SP <INFO> build result...
[trac] [18:51:13] CP/SP     <TRACE> [TraceBackBuilder]-Thread-187# 31000209|69|"31000209.3"|"00000027"|C:/Users/S&SSLAWKS/Desktop/Project/JAVA/src/20200813185000/dao/TB_DT_TYPE_STD_VAL.java
[trac] [18:51:13] CP/SP     <TRACE> [TraceBackBuilder]-Thread-188# 31000209|29|"31000209.2"|"00000024"|C:/Users/S&SSLAWKS/Desktop/Project/JAVA/src/20200813185000/dao/TB_CUST_PLACE.java
[trac] [18:51:14] CP/SP     <TRACE> -proc> [info] codeMRI: Loading the configuration file: C:/Users/S&SSLAWKS/Desktop/Project/JAVA/temp/_cpt_28623319_1.init
[trac] [18:51:14] CP/SP     <TRACE> [TraceBackBuilder]-Thread-197# 31000209|35|"31000209.3"|"00000024"|C:/Users/S&SSLAWKS/Desktop/Project/JAVA/src/20200813185000/dao/TB_CUST_PLACE.java
[trac] [18:51:14] CP/SP     <TRACE> CodeMriAnalyzer- number: 51, running threads: 10,waiting threads: 10, memory check: 22MB
[trac] [18:51:14] CP/SP <INFO> ProcessRunner start. timeout=20s
[trac] [18:51:14] CP/SP <INFO> EXEC INFO: C:/Users/S&SSLAWKS/BeyondSecurity/beSOURCE developer/beSOURCE 5.0/data/CodePrism/Analyzer/codeprism/usa/windows/codeMRI.exe.x86_64 -t -v C:/Users/S&SSLAWKS/Desktop/Project/JAVA/temp/_cpt_11001145_1.init
[trac] [18:51:14] CP/SP <INFO> ProcessRunner start. timeout=20s
[trac] [18:51:14] CP/SP <INFO> ProcessRunner start. timeout=20s
[trac] [18:51:14] CP/SP <INFO> EXEC INFO: C:/Users/S&SSLAWKS/BeyondSecurity/beSOURCE developer/beSOURCE 5.0/data/CodePrism/Analyzer/codeprism/usa/windows/codeMRI.exe.x86_64 -t -v C:/Users/S&SSLAWKS/Desktop/Project/JAVA/temp/_cpt_11328770_1.init
[trac] [18:51:14] CP/SP <INFO> EXEC INFO: C:/Users/S&SSLAWKS/BeyondSecurity/beSOURCE developer/beSOURCE 5.0/data/CodePrism/Analyzer/codeprism/usa/windows/codeMRI.exe.x86_64 -t -v C:/Users/S&SSLAWKS/Desktop/Project/JAVA/temp/_cpt_14801602_1.init
[trac] [18:51:14] CP/SP     <TRACE> -proc> [info] codeMRI: Loading the configuration file: C:/Users/S&SSLAWKS/Desktop/Project/JAVA/temp/_cpt_6885751_1.init
[trac] [18:51:14] CP/SP     <TRACE> CodeMriAnalyzer- number: 52, running threads: 10,waiting threads: 11, memory check: 22MB
[trac] [18:51:14] CP/SP     <TRACE> -proc> [info] Process: [308] C:\Users\S&SSLAWKS\BeyondSecurity\beSOURCE developer\beSOURCE 5.0\data\CodePrism\Analyzer\codeprism\usa\windows\sasp.exe.x86_64 trace -v C:/Users/S&SSLAWKS/Desktop/Project/JAVA/temp/_cpt_28623319_1.init
[trac] [18:51:14] CP/SP     <TRACE> -proc> [info] Process: [320] C:\Users\S&SSLAWKS\BeyondSecurity\beSOURCE developer\beSOURCE 5.0\data\CodePrism\Analyzer\codeprism\usa\windows\sasp.exe.x86_64 trace -v C:/Users/S&SSLAWKS/Desktop/Project/JAVA/temp/_cpt_6885751_1.init
[trac] [18:51:14] CP/SP <INFO> ProcessRunner end. 938ms
[trac] [18:51:14] CP/SP <INFO> process end
[trac] [18:51:14] CP/SP <INFO> build result...
[trac] [18:51:14] CP/SP <INFO> ProcessRunner end. 844ms
[trac] [18:51:14] CP/SP <INFO> process end
[trac] [18:51:14] CP/SP <INFO> build result...
[trac] [18:51:14] CP/SP     <TRACE> [TraceBackBuilder]-Thread-198# 31000209|62|"31000209.2"|"00000025"|C:/Users/S&SSLAWKS/Desktop/Project/JAVA/src/20200813185000/dao/TB_CUST_PLACE.java
[trac] [18:51:14] CP/SP     <TRACE> [TraceBackBuilder]-Thread-199# 31000209|68|"31000209.3"|"00000025"|C:/Users/S&SSLAWKS/Desktop/Project/JAVA/src/20200813185000/dao/TB_CUST_PLACE.java
[trac] [18:51:14] CP/SP <INFO> ProcessRunner start. timeout=20s
[trac] [18:51:14] CP/SP <INFO> EXEC INFO: C:/Users/S&SSLAWKS/BeyondSecurity/beSOURCE developer/beSOURCE 5.0/data/CodePrism/Analyzer/codeprism/usa/windows/codeMRI.exe.x86_64 -t -v C:/Users/S&SSLAWKS/Desktop/Project/JAVA/temp/_cpt_26740272_1.init
[trac] [18:51:14] CP/SP     <TRACE> -proc> [info] codeMRI: Loading the configuration file: C:/Users/S&SSLAWKS/Desktop/Project/JAVA/temp/_cpt_540190_1.init
[trac] [18:51:14] CP/SP <INFO> ProcessRunner start. timeout=20s
[trac] [18:51:14] CP/SP <INFO> EXEC INFO: C:/Users/S&SSLAWKS/BeyondSecurity/beSOURCE developer/beSOURCE 5.0/data/CodePrism/Analyzer/codeprism/usa/windows/codeMRI.exe.x86_64 -t -v C:/Users/S&SSLAWKS/Desktop/Project/JAVA/temp/_cpt_29247351_1.init
[trac] [18:51:14] CP/SP     <TRACE> -proc> [info] sasp: Loading the configuration file: C:/Users/S&SSLAWKS/Desktop/Project/JAVA/temp/_cpt_28623319_1.init
[trac] [18:51:14] CP/SP     <TRACE> -proc> [info] sasp: session.mode = load
[trac] [18:51:14] CP/SP     <TRACE> -proc> [info] sasp: Working directory: C:\Users\S&SSLAWKS\Desktop\Project\JAVA\temp\.sasp
[trac] [18:51:14] CP/SP     <TRACE> -proc> [info] Getting trace information of session/trace : (00000026, 31000209.2)
[trac] [18:51:14] CP/SP     <TRACE> -proc> [info] Process: [304] C:\Users\S&SSLAWKS\BeyondSecurity\beSOURCE developer\beSOURCE 5.0\data\CodePrism\Analyzer\codeprism\usa\windows\sasp.exe.x86_64 trace -v C:/Users/S&SSLAWKS/Desktop/Project/JAVA/temp/_cpt_540190_1.init
[trac] [18:51:14] CP/SP     <TRACE> -proc> [info] codeMRI: Loading the configuration file: C:/Users/S&SSLAWKS/Desktop/Project/JAVA/temp/_cpt_33136362_1.init
[trac] [18:51:14] CP/SP     <TRACE> -proc> [info] Process: [164] C:\Users\S&SSLAWKS\BeyondSecurity\beSOURCE developer\beSOURCE 5.0\data\CodePrism\Analyzer\codeprism\usa\windows\sasp.exe.x86_64 trace -v C:/Users/S&SSLAWKS/Desktop/Project/JAVA/temp/_cpt_33136362_1.init
[trac] [18:51:14] CP/SP     <TRACE> -proc> [info] sasp: Loading the configuration file: C:/Users/S&SSLAWKS/Desktop/Project/JAVA/temp/_cpt_6885751_1.init
[trac] [18:51:14] CP/SP     <TRACE> -proc> [info] sasp: session.mode = load
[trac] [18:51:14] CP/SP     <TRACE> -proc> [info] sasp: Working directory: C:\Users\S&SSLAWKS\Desktop\Project\JAVA\temp\.sasp
[trac] [18:51:14] CP/SP     <TRACE> -proc> [info] Getting trace information of session/trace : (00000001, 31000209.0)
[trac] [18:51:14] CP/SP <INFO> ProcessRunner end. 760ms
[trac] [18:51:14] CP/SP <INFO> process end
[trac] [18:51:14] CP/SP <INFO> build result...
[trac] [18:51:14] CP/SP     <TRACE> -proc> [info] sasp: Loading the configuration file: C:/Users/S&SSLAWKS/Desktop/Project/JAVA/temp/_cpt_540190_1.init
[trac] [18:51:14] CP/SP     <TRACE> -proc> [info] sasp: session.mode = load
[trac] [18:51:14] CP/SP     <TRACE> -proc> [info] sasp: Working directory: C:\Users\S&SSLAWKS\Desktop\Project\JAVA\temp\.sasp
[trac] [18:51:14] CP/SP     <TRACE> -proc> [info] Getting trace information of session/trace : (00000026, 31000209.3)
[trac] [18:51:14] CP/SP     <TRACE> [TraceBackBuilder]-Thread-205# 31000209|29|"31000209.2"|"00000020"|C:/Users/S&SSLAWKS/Desktop/Project/JAVA/src/20200813185000/dao/TB_CUST_HOUSEH.java
[trac] [18:51:14] CP/SP <INFO> ProcessRunner start. timeout=20s
[trac] [18:51:14] CP/SP <INFO> EXEC INFO: C:/Users/S&SSLAWKS/BeyondSecurity/beSOURCE developer/beSOURCE 5.0/data/CodePrism/Analyzer/codeprism/usa/windows/codeMRI.exe.x86_64 -t -v C:/Users/S&SSLAWKS/Desktop/Project/JAVA/temp/_cpt_8550760_1.init
[trac] [18:51:14] CP/SP     <TRACE> -proc> [info] codeMRI: Loading the configuration file: C:/Users/S&SSLAWKS/Desktop/Project/JAVA/temp/_cpt_24737685_1.init
[trac] [18:51:14] CP/SP     <TRACE> -proc> [info] sasp: Loading the configuration file: C:/Users/S&SSLAWKS/Desktop/Project/JAVA/temp/_cpt_33136362_1.init
[trac] [18:51:14] CP/SP     <TRACE> -proc> [info] sasp: session.mode = load
[trac] [18:51:14] CP/SP     <TRACE> -proc> [info] sasp: Working directory: C:\Users\S&SSLAWKS\Desktop\Project\JAVA\temp\.sasp
[trac] [18:51:14] CP/SP     <TRACE> -proc> [info] Getting trace information of session/trace : (00000001, 31000209.1)
[trac] [18:51:14] CP/SP     <TRACE> CodeMriAnalyzer- number: 53, running threads: 10,waiting threads: 9, memory check: 24MB
[trac] [18:51:14] CP/SP <INFO> ProcessRunner end. 818ms
[trac] [18:51:14] CP/SP <INFO> process end
[trac] [18:51:14] CP/SP <INFO> build result...
[trac] [18:51:14] CP/SP     <TRACE> -proc> [info] codeMRI: Loading the configuration file: C:/Users/S&SSLAWKS/Desktop/Project/JAVA/temp/_cpt_14801602_1.init
[trac] [18:51:14] CP/SP     <TRACE> -proc> [info] Process: [320] C:\Users\S&SSLAWKS\BeyondSecurity\beSOURCE developer\beSOURCE 5.0\data\CodePrism\Analyzer\codeprism\usa\windows\sasp.exe.x86_64 trace -v C:/Users/S&SSLAWKS/Desktop/Project/JAVA/temp/_cpt_24737685_1.init
[trac] [18:51:14] CP/SP     <TRACE> [TraceBackBuilder]-Thread-206# 31000209|35|"31000209.3"|"00000020"|C:/Users/S&SSLAWKS/Desktop/Project/JAVA/src/20200813185000/dao/TB_CUST_HOUSEH.java
[trac] [18:51:14] CP/SP     <TRACE> CodeMriAnalyzer- number: 54, running threads: 10,waiting threads: 9, memory check: 24MB
[trac] [18:51:14] CP/SP     <TRACE> CodeMriAnalyzer- number: 55, running threads: 10,waiting threads: 9, memory check: 24MB
[trac] [18:51:14] CP/SP     <TRACE> -proc> [info] codeMRI: Loading the configuration file: C:/Users/S&SSLAWKS/Desktop/Project/JAVA/temp/_cpt_29247351_1.init
[trac] [18:51:14] CP/SP     <TRACE> -proc> [info] Process: [308] C:\Users\S&SSLAWKS\BeyondSecurity\beSOURCE developer\beSOURCE 5.0\data\CodePrism\Analyzer\codeprism\usa\windows\sasp.exe.x86_64 trace -v C:/Users/S&SSLAWKS/Desktop/Project/JAVA/temp/_cpt_14801602_1.init
[trac] [18:51:14] CP/SP <INFO> ProcessRunner start. timeout=20s
[trac] [18:51:14] CP/SP <INFO> EXEC INFO: C:/Users/S&SSLAWKS/BeyondSecurity/beSOURCE developer/beSOURCE 5.0/data/CodePrism/Analyzer/codeprism/usa/windows/codeMRI.exe.x86_64 -t -v C:/Users/S&SSLAWKS/Desktop/Project/JAVA/temp/_cpt_18788761_1.init
[trac] [18:51:14] CP/SP <INFO> ProcessRunner end. 973ms
[trac] [18:51:14] CP/SP <INFO> process end
[trac] [18:51:14] CP/SP <INFO> build result...
[trac] [18:51:14] CP/SP     <TRACE> CodeMriAnalyzer- number: 56, running threads: 10,waiting threads: 11, memory check: 24MB
[trac] [18:51:14] CP/SP <INFO> ProcessRunner end. 928ms
[trac] [18:51:14] CP/SP <INFO> process end
[trac] [18:51:14] CP/SP <INFO> build result...
[trac] [18:51:14] CP/SP     <TRACE> -proc> [info] codeMRI: Loading the configuration file: C:/Users/S&SSLAWKS/Desktop/Project/JAVA/temp/_cpt_11001145_1.init
[trac] [18:51:14] CP/SP     <TRACE> [TraceBackBuilder]-Thread-221# 31000209|62|"31000209.2"|"00000021"|C:/Users/S&SSLAWKS/Desktop/Project/JAVA/src/20200813185000/dao/TB_CUST_HOUSEH.java
[trac] [18:51:14] CP/SP     <TRACE> -proc> [info] Process: [316] C:\Users\S&SSLAWKS\BeyondSecurity\beSOURCE developer\beSOURCE 5.0\data\CodePrism\Analyzer\codeprism\usa\windows\sasp.exe.x86_64 trace -v C:/Users/S&SSLAWKS/Desktop/Project/JAVA/temp/_cpt_29247351_1.init
[trac] [18:51:14] CP/SP     <TRACE> [TraceBackBuilder]-Thread-222# 31000209|68|"31000209.3"|"00000021"|C:/Users/S&SSLAWKS/Desktop/Project/JAVA/src/20200813185000/dao/TB_CUST_HOUSEH.java
[trac] [18:51:14] CP/SP     <TRACE> -proc> [info] sasp: Loading the configuration file: C:/Users/S&SSLAWKS/Desktop/Project/JAVA/temp/_cpt_24737685_1.init
[trac] [18:51:14] CP/SP     <TRACE> -proc> [info] sasp: session.mode = load
[trac] [18:51:14] CP/SP     <TRACE> -proc> [info] sasp: Working directory: C:\Users\S&SSLAWKS\Desktop\Project\JAVA\temp\.sasp
[trac] [18:51:14] CP/SP     <TRACE> -proc> [info] Getting trace information of session/trace : (00000027, 31000209.2)
[trac] [18:51:14] CP/SP     <TRACE> -proc> [info] codeMRI: Loading the configuration file: C:/Users/S&SSLAWKS/Desktop/Project/JAVA/temp/_cpt_11328770_1.init
[trac] [18:51:14] CP/SP <INFO> ProcessRunner start. timeout=20s
[trac] [18:51:14] CP/SP     <TRACE> -proc> [info] Process: [296] C:\Users\S&SSLAWKS\BeyondSecurity\beSOURCE developer\beSOURCE 5.0\data\CodePrism\Analyzer\codeprism\usa\windows\sasp.exe.x86_64 trace -v C:/Users/S&SSLAWKS/Desktop/Project/JAVA/temp/_cpt_11001145_1.init
[trac] [18:51:14] CP/SP <INFO> EXEC INFO: C:/Users/S&SSLAWKS/BeyondSecurity/beSOURCE developer/beSOURCE 5.0/data/CodePrism/Analyzer/codeprism/usa/windows/codeMRI.exe.x86_64 -t -v C:/Users/S&SSLAWKS/Desktop/Project/JAVA/temp/_cpt_25218858_1.init
[trac] [18:51:14] CP/SP <INFO> ProcessRunner start. timeout=20s
[trac] [18:51:14] CP/SP <INFO> EXEC INFO: C:/Users/S&SSLAWKS/BeyondSecurity/beSOURCE developer/beSOURCE 5.0/data/CodePrism/Analyzer/codeprism/usa/windows/codeMRI.exe.x86_64 -t -v C:/Users/S&SSLAWKS/Desktop/Project/JAVA/temp/_cpt_27318374_1.init
[trac] [18:51:14] CP/SP     <TRACE> -proc> [info] sasp: Loading the configuration file: C:/Users/S&SSLAWKS/Desktop/Project/JAVA/temp/_cpt_14801602_1.init
[trac] [18:51:14] CP/SP     <TRACE> -proc> [info] sasp: session.mode = load
[trac] [18:51:14] CP/SP     <TRACE> -proc> [info] sasp: Working directory: C:\Users\S&SSLAWKS\Desktop\Project\JAVA\temp\.sasp
[trac] [18:51:14] CP/SP     <TRACE> -proc> [info] Getting trace information of session/trace : (00000024, 31000209.3)
[trac] [18:51:14] CP/SP     <TRACE> -proc> [info] sasp: Loading the configuration file: C:/Users/S&SSLAWKS/Desktop/Project/JAVA/temp/_cpt_29247351_1.init
[trac] [18:51:14] CP/SP     <TRACE> -proc> [info] sasp: session.mode = load
[trac] [18:51:14] CP/SP     <TRACE> -proc> [info] sasp: Working directory: C:\Users\S&SSLAWKS\Desktop\Project\JAVA\temp\.sasp
[trac] [18:51:14] CP/SP     <TRACE> -proc> [info] Getting trace information of session/trace : (00000025, 31000209.3)
[trac] [18:51:14] CP/SP     <TRACE> -proc> [info] sasp: Loading the configuration file: C:/Users/S&SSLAWKS/Desktop/Project/JAVA/temp/_cpt_11001145_1.init
[trac] [18:51:14] CP/SP     <TRACE> -proc> [info] sasp: session.mode = load
[trac] [18:51:14] CP/SP     <TRACE> -proc> [info] sasp: Working directory: C:\Users\S&SSLAWKS\Desktop\Project\JAVA\temp\.sasp
[trac] [18:51:14] CP/SP     <TRACE> -proc> [info] Getting trace information of session/trace : (00000027, 31000209.3)
[trac] [18:51:14] CP/SP <INFO> ProcessRunner end. 515ms
[trac] [18:51:14] CP/SP <INFO> process end
[trac] [18:51:14] CP/SP <INFO> build result...
[trac] [18:51:14] CP/SP     <TRACE> -proc> [info] codeMRI: Loading the configuration file: C:/Users/S&SSLAWKS/Desktop/Project/JAVA/temp/_cpt_26740272_1.init
[trac] [18:51:14] CP/SP     <TRACE> -proc> [info] Process: [308] C:\Users\S&SSLAWKS\BeyondSecurity\beSOURCE developer\beSOURCE 5.0\data\CodePrism\Analyzer\codeprism\usa\windows\sasp.exe.x86_64 trace -v C:/Users/S&SSLAWKS/Desktop/Project/JAVA/temp/_cpt_11328770_1.init
[trac] [18:51:14] CP/SP     <TRACE> [TraceBackBuilder]-Thread-223# 31000209|29|"31000209.2"|"00000007"|C:/Users/S&SSLAWKS/Desktop/Project/JAVA/src/20200813185000/dao/TB_CODE_ANAL_LOAD.java
[trac] [18:51:14] CP/SP <INFO> ProcessRunner start. timeout=20s
[trac] [18:51:14] CP/SP <INFO> EXEC INFO: C:/Users/S&SSLAWKS/BeyondSecurity/beSOURCE developer/beSOURCE 5.0/data/CodePrism/Analyzer/codeprism/usa/windows/codeMRI.exe.x86_64 -t -v C:/Users/S&SSLAWKS/Desktop/Project/JAVA/temp/_cpt_24713456_1.init
[trac] [18:51:14] CP/SP     <TRACE> -proc> [info] codeMRI: Loading the configuration file: C:/Users/S&SSLAWKS/Desktop/Project/JAVA/temp/_cpt_8550760_1.init
[trac] [18:51:14] CP/SP <INFO> ProcessRunner end. 418ms
[trac] [18:51:14] CP/SP <INFO> process end
[trac] [18:51:14] CP/SP <INFO> build result...
[trac] [18:51:14] CP/SP     <TRACE> -proc> [info] Process: [304] C:\Users\S&SSLAWKS\BeyondSecurity\beSOURCE developer\beSOURCE 5.0\data\CodePrism\Analyzer\codeprism\usa\windows\sasp.exe.x86_64 trace -v C:/Users/S&SSLAWKS/Desktop/Project/JAVA/temp/_cpt_26740272_1.init
[trac] [18:51:14] CP/SP     <TRACE> [TraceBackBuilder]-Thread-226# 31000209|35|"31000209.3"|"00000007"|C:/Users/S&SSLAWKS/Desktop/Project/JAVA/src/20200813185000/dao/TB_CODE_ANAL_LOAD.java
[trac] [18:51:14] CP/SP <INFO> ProcessRunner start. timeout=20s
[trac] [18:51:14] CP/SP <INFO> EXEC INFO: C:/Users/S&SSLAWKS/BeyondSecurity/beSOURCE developer/beSOURCE 5.0/data/CodePrism/Analyzer/codeprism/usa/windows/codeMRI.exe.x86_64 -t -v C:/Users/S&SSLAWKS/Desktop/Project/JAVA/temp/_cpt_32542424_1.init
[trac] [18:51:14] CP/SP     <TRACE> -proc> [info] sasp: Loading the configuration file: C:/Users/S&SSLAWKS/Desktop/Project/JAVA/temp/_cpt_11328770_1.init
[trac] [18:51:14] CP/SP     <TRACE> -proc> [info] Process: [308] C:\Users\S&SSLAWKS\BeyondSecurity\beSOURCE developer\beSOURCE 5.0\data\CodePrism\Analyzer\codeprism\usa\windows\sasp.exe.x86_64 trace -v C:/Users/S&SSLAWKS/Desktop/Project/JAVA/temp/_cpt_8550760_1.init
[trac] [18:51:14] CP/SP     <TRACE> -proc> [info] sasp: session.mode = load
[trac] [18:51:14] CP/SP     <TRACE> -proc> [info] sasp: Working directory: C:\Users\S&SSLAWKS\Desktop\Project\JAVA\temp\.sasp
[trac] [18:51:14] CP/SP     <TRACE> -proc> [info] Getting trace information of session/trace : (00000024, 31000209.2)
[trac] [18:51:14] CP/SP     <TRACE> -proc> [info] codeMRI: Loading the configuration file: C:/Users/S&SSLAWKS/Desktop/Project/JAVA/temp/_cpt_27318374_1.init
[trac] [18:51:14] CP/SP     <TRACE> -proc> [info] Process: [304] C:\Users\S&SSLAWKS\BeyondSecurity\beSOURCE developer\beSOURCE 5.0\data\CodePrism\Analyzer\codeprism\usa\windows\sasp.exe.x86_64 trace -v C:/Users/S&SSLAWKS/Desktop/Project/JAVA/temp/_cpt_27318374_1.init
[trac] [18:51:14] CP/SP     <TRACE> CodeMriAnalyzer- number: 57, running threads: 10,waiting threads: 8, memory check: 26MB
[trac] [18:51:14] CP/SP     <TRACE> -proc> [info] sasp: Loading the configuration file: C:/Users/S&SSLAWKS/Desktop/Project/JAVA/temp/_cpt_26740272_1.init
[trac] [18:51:14] CP/SP     <TRACE> -proc> [info] sasp: session.mode = load
[trac] [18:51:14] CP/SP     <TRACE> -proc> [info] sasp: Working directory: C:\Users\S&SSLAWKS\Desktop\Project\JAVA\temp\.sasp
[trac] [18:51:14] CP/SP     <TRACE> -proc> [info] Getting trace information of session/trace : (00000025, 31000209.2)
[trac] [18:51:14] CP/SP     <TRACE> -proc> [info] codeMRI: Loading the configuration file: C:/Users/S&SSLAWKS/Desktop/Project/JAVA/temp/_cpt_25218858_1.init
[trac] [18:51:14] CP/SP <INFO> ProcessRunner end. 980ms
[trac] [18:51:14] CP/SP <INFO> process end
[trac] [18:51:14] CP/SP <INFO> build result...
[trac] [18:51:14] CP/SP     <TRACE> CodeMriAnalyzer- number: 58, running threads: 10,waiting threads: 9, memory check: 26MB
[trac] [18:51:14] CP/SP     <TRACE> CodeMriAnalyzer- number: 59, running threads: 10,waiting threads: 9, memory check: 26MB
[trac] [18:51:14] CP/SP     <TRACE> -proc> [info] Process: [304] C:\Users\S&SSLAWKS\BeyondSecurity\beSOURCE developer\beSOURCE 5.0\data\CodePrism\Analyzer\codeprism\usa\windows\sasp.exe.x86_64 trace -v C:/Users/S&SSLAWKS/Desktop/Project/JAVA/temp/_cpt_25218858_1.init
[trac] [18:51:14] CP/SP     <TRACE> -proc> [info] codeMRI: Loading the configuration file: C:/Users/S&SSLAWKS/Desktop/Project/JAVA/temp/_cpt_18788761_1.init
[trac] [18:51:14] CP/SP     <TRACE> [TraceBackBuilder]-Thread-227# 31000209|63|"31000209.2"|"00000008"|C:/Users/S&SSLAWKS/Desktop/Project/JAVA/src/20200813185000/dao/TB_CODE_ANAL_LOAD.java
[trac] [18:51:14] CP/SP     <TRACE> -proc> [info] sasp: Loading the configuration file: C:/Users/S&SSLAWKS/Desktop/Project/JAVA/temp/_cpt_8550760_1.init
[trac] [18:51:14] CP/SP     <TRACE> -proc> [info] sasp: session.mode = load
[trac] [18:51:14] CP/SP     <TRACE> -proc> [info] sasp: Working directory: C:\Users\S&SSLAWKS\Desktop\Project\JAVA\temp\.sasp
[trac] [18:51:14] CP/SP     <TRACE> -proc> [info] Getting trace information of session/trace : (00000020, 31000209.2)
[trac] [18:51:14] CP/SP <INFO> ProcessRunner start. timeout=20s
[trac] [18:51:14] CP/SP <INFO> EXEC INFO: C:/Users/S&SSLAWKS/BeyondSecurity/beSOURCE developer/beSOURCE 5.0/data/CodePrism/Analyzer/codeprism/usa/windows/codeMRI.exe.x86_64 -t -v C:/Users/S&SSLAWKS/Desktop/Project/JAVA/temp/_cpt_1398720_1.init
[trac] [18:51:14] CP/SP     <TRACE> -proc> [info] Process: [316] C:\Users\S&SSLAWKS\BeyondSecurity\beSOURCE developer\beSOURCE 5.0\data\CodePrism\Analyzer\codeprism\usa\windows\sasp.exe.x86_64 trace -v C:/Users/S&SSLAWKS/Desktop/Project/JAVA/temp/_cpt_18788761_1.init
[trac] [18:51:14] CP/SP <INFO> ProcessRunner end. 734ms
[trac] [18:51:14] CP/SP <INFO> process end
[trac] [18:51:14] CP/SP <INFO> build result...
[trac] [18:51:14] CP/SP <INFO> ProcessRunner end. 726ms
[trac] [18:51:14] CP/SP <INFO> process end
[trac] [18:51:14] CP/SP <INFO> build result...
[trac] [18:51:14] CP/SP     <TRACE> CodeMriAnalyzer- number: 60, running threads: 10,waiting threads: 10, memory check: 26MB
[trac] [18:51:14] CP/SP     <TRACE> CodeMriAnalyzer- number: 61, running threads: 10,waiting threads: 10, memory check: 26MB
[trac] [18:51:14] CP/SP     <TRACE> [TraceBackBuilder]-Thread-229# 31000209|69|"31000209.3"|"00000008"|C:/Users/S&SSLAWKS/Desktop/Project/JAVA/src/20200813185000/dao/TB_CODE_ANAL_LOAD.java
[trac] [18:51:14] CP/SP     <TRACE> [TraceBackBuilder]-Thread-230# 31000209|29|"31000209.2"|"00000030"|C:/Users/S&SSLAWKS/Desktop/Project/JAVA/src/20200813185000/dao/TB_MAIL_DOMAIN.java
[trac] [18:51:14] CP/SP     <TRACE> CodeMriAnalyzer- number: 62, running threads: 10,waiting threads: 10, memory check: 26MB
[trac] [18:51:14] CP/SP     <TRACE> CodeMriAnalyzer- number: 63, running threads: 10,waiting threads: 10, memory check: 26MB
[trac] [18:51:14] CP/SP <INFO> ProcessRunner start. timeout=20s
[trac] [18:51:14] CP/SP <INFO> EXEC INFO: C:/Users/S&SSLAWKS/BeyondSecurity/beSOURCE developer/beSOURCE 5.0/data/CodePrism/Analyzer/codeprism/usa/windows/codeMRI.exe.x86_64 -t -v C:/Users/S&SSLAWKS/Desktop/Project/JAVA/temp/_cpt_12539221_1.init
[trac] [18:51:14] CP/SP     <TRACE> -proc> [info] sasp: Loading the configuration file: C:/Users/S&SSLAWKS/Desktop/Project/JAVA/temp/_cpt_27318374_1.init
[trac] [18:51:14] CP/SP     <TRACE> -proc> [info] sasp: session.mode = load
[trac] [18:51:14] CP/SP     <TRACE> -proc> [info] sasp: Working directory: C:\Users\S&SSLAWKS\Desktop\Project\JAVA\temp\.sasp
[trac] [18:51:14] CP/SP     <TRACE> -proc> [info] Getting trace information of session/trace : (00000021, 31000209.3)
[trac] [18:51:14] CP/SP <INFO> ProcessRunner end. 642ms
[trac] [18:51:14] CP/SP <INFO> process end
[trac] [18:51:14] CP/SP <INFO> build result...
[trac] [18:51:14] CP/SP <INFO> ProcessRunner start. timeout=20s
[trac] [18:51:14] CP/SP <INFO> EXEC INFO: C:/Users/S&SSLAWKS/BeyondSecurity/beSOURCE developer/beSOURCE 5.0/data/CodePrism/Analyzer/codeprism/usa/windows/codeMRI.exe.x86_64 -t -v C:/Users/S&SSLAWKS/Desktop/Project/JAVA/temp/_cpt_24856323_1.init
[trac] [18:51:14] CP/SP <INFO> ProcessRunner end. 511ms
[trac] [18:51:14] CP/SP <INFO> process end
[trac] [18:51:14] CP/SP <INFO> build result...
[trac] [18:51:14] CP/SP     <TRACE> -proc> [info] codeMRI: Loading the configuration file: C:/Users/S&SSLAWKS/Desktop/Project/JAVA/temp/_cpt_24713456_1.init
[trac] [18:51:14] CP/SP     <TRACE> [TraceBackBuilder]-Thread-234# 31000209|35|"31000209.3"|"00000030"|C:/Users/S&SSLAWKS/Desktop/Project/JAVA/src/20200813185000/dao/TB_MAIL_DOMAIN.java
[trac] [18:51:14] CP/SP     <TRACE> CodeMriAnalyzer- number: 64, running threads: 10,waiting threads: 11, memory check: 27MB
[trac] [18:51:14] CP/SP     <TRACE> [TraceBackBuilder]-Thread-250# 31000209|63|"31000209.2"|"00000031"|C:/Users/S&SSLAWKS/Desktop/Project/JAVA/src/20200813185000/dao/TB_MAIL_DOMAIN.java
[trac] [18:51:14] CP/SP     <TRACE> -proc> [info] sasp: Loading the configuration file: C:/Users/S&SSLAWKS/Desktop/Project/JAVA/temp/_cpt_18788761_1.init
[trac] [18:51:14] CP/SP     <TRACE> -proc> [info] sasp: session.mode = load
[trac] [18:51:14] CP/SP     <TRACE> -proc> [info] sasp: Working directory: C:\Users\S&SSLAWKS\Desktop\Project\JAVA\temp\.sasp
[trac] [18:51:14] CP/SP     <TRACE> -proc> [info] Getting trace information of session/trace : (00000020, 31000209.3)
[trac] [18:51:14] CP/SP <INFO> ProcessRunner start. timeout=20s
[trac] [18:51:14] CP/SP <INFO> EXEC INFO: C:/Users/S&SSLAWKS/BeyondSecurity/beSOURCE developer/beSOURCE 5.0/data/CodePrism/Analyzer/codeprism/usa/windows/codeMRI.exe.x86_64 -t -v C:/Users/S&SSLAWKS/Desktop/Project/JAVA/temp/_cpt_7438914_1.init
[trac] [18:51:14] CP/SP <INFO> ProcessRunner start. timeout=20s
[trac] [18:51:14] CP/SP <INFO> EXEC INFO: C:/Users/S&SSLAWKS/BeyondSecurity/beSOURCE developer/beSOURCE 5.0/data/CodePrism/Analyzer/codeprism/usa/windows/codeMRI.exe.x86_64 -t -v C:/Users/S&SSLAWKS/Desktop/Project/JAVA/temp/_cpt_3865497_1.init
[trac] [18:51:14] CP/SP     <TRACE> -proc> [info] codeMRI: Loading the configuration file: C:/Users/S&SSLAWKS/Desktop/Project/JAVA/temp/_cpt_32542424_1.init
[trac] [18:51:14] CP/SP <INFO> ProcessRunner end. 419ms
[trac] [18:51:14] CP/SP <INFO> process end
[trac] [18:51:14] CP/SP <INFO> build result...
[trac] [18:51:14] CP/SP     <TRACE> -proc> [info] Process: [316] C:\Users\S&SSLAWKS\BeyondSecurity\beSOURCE developer\beSOURCE 5.0\data\CodePrism\Analyzer\codeprism\usa\windows\sasp.exe.x86_64 trace -v C:/Users/S&SSLAWKS/Desktop/Project/JAVA/temp/_cpt_32542424_1.init
[trac] [18:51:14] CP/SP     <TRACE> -proc> [info] sasp: Loading the configuration file: C:/Users/S&SSLAWKS/Desktop/Project/JAVA/temp/_cpt_25218858_1.init
[trac] [18:51:14] CP/SP     <TRACE> -proc> [info] sasp: session.mode = load
[trac] [18:51:14] CP/SP     <TRACE> -proc> [info] sasp: Working directory: C:\Users\S&SSLAWKS\Desktop\Project\JAVA\temp\.sasp
[trac] [18:51:14] CP/SP     <TRACE> -proc> [info] Getting trace information of session/trace : (00000021, 31000209.2)
[trac] [18:51:14] CP/SP     <TRACE> [TraceBackBuilder]-Thread-253# 31000209|69|"31000209.3"|"00000031"|C:/Users/S&SSLAWKS/Desktop/Project/JAVA/src/20200813185000/dao/TB_MAIL_DOMAIN.java
[trac] [18:51:14] CP/SP <INFO> ProcessRunner start. timeout=20s
[trac] [18:51:14] CP/SP <INFO> EXEC INFO: C:/Users/S&SSLAWKS/BeyondSecurity/beSOURCE developer/beSOURCE 5.0/data/CodePrism/Analyzer/codeprism/usa/windows/codeMRI.exe.x86_64 -t -v C:/Users/S&SSLAWKS/Desktop/Project/JAVA/temp/_cpt_4634890_1.init
[trac] [18:51:14] CP/SP     <TRACE> -proc> [info] Process: [316] C:\Users\S&SSLAWKS\BeyondSecurity\beSOURCE developer\beSOURCE 5.0\data\CodePrism\Analyzer\codeprism\usa\windows\sasp.exe.x86_64 trace -v C:/Users/S&SSLAWKS/Desktop/Project/JAVA/temp/_cpt_24713456_1.init
[trac] [18:51:14] CP/SP     <TRACE> -proc> [info] codeMRI: Loading the configuration file: C:/Users/S&SSLAWKS/Desktop/Project/JAVA/temp/_cpt_1398720_1.init
[trac] [18:51:14] CP/SP     <TRACE> -proc> [info] Process: [320] C:\Users\S&SSLAWKS\BeyondSecurity\beSOURCE developer\beSOURCE 5.0\data\CodePrism\Analyzer\codeprism\usa\windows\sasp.exe.x86_64 trace -v C:/Users/S&SSLAWKS/Desktop/Project/JAVA/temp/_cpt_1398720_1.init
[trac] [18:51:14] CP/SP     <TRACE> -proc> [info] sasp: Loading the configuration file: C:/Users/S&SSLAWKS/Desktop/Project/JAVA/temp/_cpt_32542424_1.init
[trac] [18:51:14] CP/SP     <TRACE> -proc> [info] sasp: session.mode = load
[trac] [18:51:14] CP/SP     <TRACE> -proc> [info] sasp: Working directory: C:\Users\S&SSLAWKS\Desktop\Project\JAVA\temp\.sasp
[trac] [18:51:14] CP/SP     <TRACE> -proc> [info] Getting trace information of session/trace : (00000007, 31000209.3)
[trac] [18:51:14] CP/SP <INFO> ProcessRunner end. 597ms
[trac] [18:51:14] CP/SP <INFO> process end
[trac] [18:51:14] CP/SP <INFO> build result...
[trac] [18:51:15] CP/SP     <TRACE> -proc> [info] codeMRI: Loading the configuration file: C:/Users/S&SSLAWKS/Desktop/Project/JAVA/temp/_cpt_12539221_1.init
[trac] [18:51:15] CP/SP <INFO> ProcessRunner end. 575ms
[trac] [18:51:15] CP/SP <INFO> process end
[trac] [18:51:15] CP/SP <INFO> build result...
[trac] [18:51:15] CP/SP     <TRACE> [TraceBackBuilder]-Thread-254# 31000209|29|"31000209.2"|"00000006"|C:/Users/S&SSLAWKS/Desktop/Project/JAVA/src/20200813185000/dao/TB_CUSTOMER.java
[trac] [18:51:15] CP/SP     <TRACE> [TraceBackBuilder]-Thread-256# 31000209|35|"31000209.3"|"00000006"|C:/Users/S&SSLAWKS/Desktop/Project/JAVA/src/20200813185000/dao/TB_CUSTOMER.java
[trac] [18:51:15] CP/SP     <TRACE> -proc> [info] sasp: Loading the configuration file: C:/Users/S&SSLAWKS/Desktop/Project/JAVA/temp/_cpt_24713456_1.init
[trac] [18:51:15] CP/SP     <TRACE> -proc> [info] sasp: session.mode = load
[trac] [18:51:15] CP/SP     <TRACE> -proc> [info] sasp: Working directory: C:\Users\S&SSLAWKS\Desktop\Project\JAVA\temp\.sasp
[trac] [18:51:15] CP/SP     <TRACE> -proc> [info] Getting trace information of session/trace : (00000007, 31000209.2)
[trac] [18:51:15] CP/SP <INFO> ProcessRunner start. timeout=20s
[trac] [18:51:15] CP/SP <INFO> ProcessRunner start. timeout=20s
[trac] [18:51:15] CP/SP <INFO> EXEC INFO: C:/Users/S&SSLAWKS/BeyondSecurity/beSOURCE developer/beSOURCE 5.0/data/CodePrism/Analyzer/codeprism/usa/windows/codeMRI.exe.x86_64 -t -v C:/Users/S&SSLAWKS/Desktop/Project/JAVA/temp/_cpt_19948346_1.init
[trac] [18:51:15] CP/SP <INFO> EXEC INFO: C:/Users/S&SSLAWKS/BeyondSecurity/beSOURCE developer/beSOURCE 5.0/data/CodePrism/Analyzer/codeprism/usa/windows/codeMRI.exe.x86_64 -t -v C:/Users/S&SSLAWKS/Desktop/Project/JAVA/temp/_cpt_29525730_1.init
[trac] [18:51:15] CP/SP     <TRACE> -proc> [info] Process: [304] C:\Users\S&SSLAWKS\BeyondSecurity\beSOURCE developer\beSOURCE 5.0\data\CodePrism\Analyzer\codeprism\usa\windows\sasp.exe.x86_64 trace -v C:/Users/S&SSLAWKS/Desktop/Project/JAVA/temp/_cpt_12539221_1.init
[trac] [18:51:15] CP/SP     <TRACE> -proc> [info] codeMRI: Loading the configuration file: C:/Users/S&SSLAWKS/Desktop/Project/JAVA/temp/_cpt_24856323_1.init
[trac] [18:51:15] CP/SP <INFO> ProcessRunner end. 450ms
[trac] [18:51:15] CP/SP     <TRACE> -proc> [info] Process: [312] C:\Users\S&SSLAWKS\BeyondSecurity\beSOURCE developer\beSOURCE 5.0\data\CodePrism\Analyzer\codeprism\usa\windows\sasp.exe.x86_64 trace -v C:/Users/S&SSLAWKS/Desktop/Project/JAVA/temp/_cpt_24856323_1.init
[trac] [18:51:15] CP/SP <INFO> process end
[trac] [18:51:15] CP/SP <INFO> build result...
[trac] [18:51:15] CP/SP     <TRACE> CodeMriAnalyzer- number: 65, running threads: 10,waiting threads: 8, memory check: 29MB
[trac] [18:51:15] CP/SP     <TRACE> -proc> [info] sasp: Loading the configuration file: C:/Users/S&SSLAWKS/Desktop/Project/JAVA/temp/_cpt_1398720_1.init
[trac] [18:51:15] CP/SP     <TRACE> -proc> [info] sasp: session.mode = load
[trac] [18:51:15] CP/SP     <TRACE> -proc> [info] sasp: Working directory: C:\Users\S&SSLAWKS\Desktop\Project\JAVA\temp\.sasp
[trac] [18:51:15] CP/SP     <TRACE> -proc> [info] Getting trace information of session/trace : (00000008, 31000209.2)
[trac] [18:51:15] CP/SP     <TRACE> -proc> [info] codeMRI: Loading the configuration file: C:/Users/S&SSLAWKS/Desktop/Project/JAVA/temp/_cpt_3865497_1.init
[trac] [18:51:15] CP/SP     <TRACE> [TraceBackBuilder]-Thread-271# 31000209|62|"31000209.2"|"00000009"|C:/Users/S&SSLAWKS/Desktop/Project/JAVA/src/20200813185000/dao/TB_CUSTOMER.java
[trac] [18:51:15] CP/SP <INFO> ProcessRunner end. 521ms
[trac] [18:51:15] CP/SP <INFO> process end
[trac] [18:51:15] CP/SP <INFO> build result...
[trac] [18:51:15] CP/SP     <TRACE> CodeMriAnalyzer- number: 66, running threads: 10,waiting threads: 8, memory check: 29MB
[trac] [18:51:15] CP/SP     <TRACE> CodeMriAnalyzer- number: 67, running threads: 10,waiting threads: 8, memory check: 29MB
[trac] [18:51:15] CP/SP     <TRACE> -proc> [info] Process: [304] C:\Users\S&SSLAWKS\BeyondSecurity\beSOURCE developer\beSOURCE 5.0\data\CodePrism\Analyzer\codeprism\usa\windows\sasp.exe.x86_64 trace -v C:/Users/S&SSLAWKS/Desktop/Project/JAVA/temp/_cpt_3865497_1.init
[trac] [18:51:15] CP/SP <INFO> ProcessRunner start. timeout=20s
[trac] [18:51:15] CP/SP <INFO> EXEC INFO: C:/Users/S&SSLAWKS/BeyondSecurity/beSOURCE developer/beSOURCE 5.0/data/CodePrism/Analyzer/codeprism/usa/windows/codeMRI.exe.x86_64 -t -v C:/Users/S&SSLAWKS/Desktop/Project/JAVA/temp/_cpt_27766975_1.init
[trac] [18:51:15] CP/SP     <TRACE> [TraceBackBuilder]-Thread-272# 31000209|68|"31000209.3"|"00000009"|C:/Users/S&SSLAWKS/Desktop/Project/JAVA/src/20200813185000/dao/TB_CUSTOMER.java
[trac] [18:51:15] CP/SP     <TRACE> CodeMriAnalyzer- number: 68, running threads: 10,waiting threads: 9, memory check: 29MB
[trac] [18:51:15] CP/SP     <TRACE> CodeMriAnalyzer- number: 69, running threads: 10,waiting threads: 9, memory check: 29MB
[trac] [18:51:15] CP/SP     <TRACE> -proc> [info] sasp: Loading the configuration file: C:/Users/S&SSLAWKS/Desktop/Project/JAVA/temp/_cpt_12539221_1.init
[trac] [18:51:15] CP/SP     <TRACE> -proc> [info] sasp: session.mode = load
[trac] [18:51:15] CP/SP     <TRACE> -proc> [info] sasp: Working directory: C:\Users\S&SSLAWKS\Desktop\Project\JAVA\temp\.sasp
[trac] [18:51:15] CP/SP     <TRACE> -proc> [info] Getting trace information of session/trace : (00000008, 31000209.3)
[trac] [18:51:15] CP/SP <INFO> ProcessRunner start. timeout=20s
[trac] [18:51:15] CP/SP <INFO> EXEC INFO: C:/Users/S&SSLAWKS/BeyondSecurity/beSOURCE developer/beSOURCE 5.0/data/CodePrism/Analyzer/codeprism/usa/windows/codeMRI.exe.x86_64 -t -v C:/Users/S&SSLAWKS/Desktop/Project/JAVA/temp/_cpt_12582949_1.init
[trac] [18:51:15] CP/SP     <TRACE> CodeMriAnalyzer- number: 70, running threads: 10,waiting threads: 11, memory check: 30MB
[trac] [18:51:15] CP/SP <INFO> ProcessRunner end. 442ms
[trac] [18:51:15] CP/SP <INFO> process end
[trac] [18:51:15] CP/SP <INFO> build result...
[trac] [18:51:15] CP/SP     <TRACE> -proc> [info] sasp: Loading the configuration file: C:/Users/S&SSLAWKS/Desktop/Project/JAVA/temp/_cpt_24856323_1.init
[trac] [18:51:15] CP/SP     <TRACE> -proc> [info] sasp: session.mode = load
[trac] [18:51:15] CP/SP     <TRACE> -proc> [info] sasp: Working directory: C:\Users\S&SSLAWKS\Desktop\Project\JAVA\temp\.sasp
[trac] [18:51:15] CP/SP     <TRACE> -proc> [info] Getting trace information of session/trace : (00000030, 31000209.2)
[trac] [18:51:15] CP/SP     <TRACE> -proc> [info] codeMRI: Loading the configuration file: C:/Users/S&SSLAWKS/Desktop/Project/JAVA/temp/_cpt_4634890_1.init
[trac] [18:51:15] CP/SP     <TRACE> [TraceBackBuilder]-Thread-273# 31000209|98|"31000209.2"|"00000010"|C:/Users/S&SSLAWKS/Desktop/Project/JAVA/src/20200813185000/dao/TB_CUSTOMER.java
[trac] [18:51:15] CP/SP     <TRACE> -proc> [info] codeMRI: Loading the configuration file: C:/Users/S&SSLAWKS/Desktop/Project/JAVA/temp/_cpt_7438914_1.init
[trac] [18:51:15] CP/SP <INFO> ProcessRunner start. timeout=20s
[trac] [18:51:15] CP/SP <INFO> EXEC INFO: C:/Users/S&SSLAWKS/BeyondSecurity/beSOURCE developer/beSOURCE 5.0/data/CodePrism/Analyzer/codeprism/usa/windows/codeMRI.exe.x86_64 -t -v C:/Users/S&SSLAWKS/Desktop/Project/JAVA/temp/_cpt_27003862_1.init
[trac] [18:51:15] CP/SP     <TRACE> -proc> [info] Process: [128] C:\Users\S&SSLAWKS\BeyondSecurity\beSOURCE developer\beSOURCE 5.0\data\CodePrism\Analyzer\codeprism\usa\windows\sasp.exe.x86_64 trace -v C:/Users/S&SSLAWKS/Desktop/Project/JAVA/temp/_cpt_7438914_1.init
[trac] [18:51:15] CP/SP     <TRACE> -proc> [info] sasp: Loading the configuration file: C:/Users/S&SSLAWKS/Desktop/Project/JAVA/temp/_cpt_3865497_1.init
[trac] [18:51:15] CP/SP     <TRACE> -proc> [info] sasp: session.mode = load
[trac] [18:51:15] CP/SP     <TRACE> -proc> [info] sasp: Working directory: C:\Users\S&SSLAWKS\Desktop\Project\JAVA\temp\.sasp
[trac] [18:51:15] CP/SP     <TRACE> -proc> [info] Getting trace information of session/trace : (00000031, 31000209.2)
[trac] [18:51:15] CP/SP     <TRACE> -proc> [info] Process: [292] C:\Users\S&SSLAWKS\BeyondSecurity\beSOURCE developer\beSOURCE 5.0\data\CodePrism\Analyzer\codeprism\usa\windows\sasp.exe.x86_64 trace -v C:/Users/S&SSLAWKS/Desktop/Project/JAVA/temp/_cpt_4634890_1.init
[trac] [18:51:15] CP/SP <INFO> ProcessRunner end. 482ms
[trac] [18:51:15] CP/SP <INFO> process end
[trac] [18:51:15] CP/SP <INFO> build result...
[trac] [18:51:15] CP/SP <INFO> ProcessRunner end. 472ms
[trac] [18:51:15] CP/SP <INFO> process end
[trac] [18:51:15] CP/SP <INFO> build result...
[trac] [18:51:15] CP/SP     <TRACE> [TraceBackBuilder]-Thread-275# 31000209|104|"31000209.3"|"00000010"|C:/Users/S&SSLAWKS/Desktop/Project/JAVA/src/20200813185000/dao/TB_CUSTOMER.java
[trac] [18:51:15] CP/SP     <TRACE> [TraceBackBuilder]-Thread-276# 31000209|132|"31000209.2"|"00000011"|C:/Users/S&SSLAWKS/Desktop/Project/JAVA/src/20200813185000/dao/TB_CUSTOMER.java
[trac] [18:51:15] CP/SP <INFO> ProcessRunner start. timeout=20s
[trac] [18:51:15] CP/SP <INFO> EXEC INFO: C:/Users/S&SSLAWKS/BeyondSecurity/beSOURCE developer/beSOURCE 5.0/data/CodePrism/Analyzer/codeprism/usa/windows/codeMRI.exe.x86_64 -t -v C:/Users/S&SSLAWKS/Desktop/Project/JAVA/temp/_cpt_20371928_1.init
[trac] [18:51:15] CP/SP <INFO> ProcessRunner start. timeout=20s
[trac] [18:51:15] CP/SP     <TRACE> -proc> [info] sasp: Loading the configuration file: C:/Users/S&SSLAWKS/Desktop/Project/JAVA/temp/_cpt_7438914_1.init
[trac] [18:51:15] CP/SP     <TRACE> -proc> [info] sasp: session.mode = load
[trac] [18:51:15] CP/SP     <TRACE> -proc> [info] sasp: Working directory: C:\Users\S&SSLAWKS\Desktop\Project\JAVA\temp\.sasp
[trac] [18:51:15] CP/SP     <TRACE> -proc> [info] Getting trace information of session/trace : (00000030, 31000209.3)
[trac] [18:51:15] CP/SP <INFO> EXEC INFO: C:/Users/S&SSLAWKS/BeyondSecurity/beSOURCE developer/beSOURCE 5.0/data/CodePrism/Analyzer/codeprism/usa/windows/codeMRI.exe.x86_64 -t -v C:/Users/S&SSLAWKS/Desktop/Project/JAVA/temp/_cpt_1583057_1.init
[trac] [18:51:15] CP/SP <INFO> ProcessRunner end. 497ms
[trac] [18:51:15] CP/SP <INFO> process end
[trac] [18:51:15] CP/SP <INFO> build result...
[trac] [18:51:15] CP/SP     <TRACE> -proc> [info] codeMRI: Loading the configuration file: C:/Users/S&SSLAWKS/Desktop/Project/JAVA/temp/_cpt_19948346_1.init
[trac] [18:51:15] CP/SP     <TRACE> [TraceBackBuilder]-Thread-279# 31000209|138|"31000209.3"|"00000011"|C:/Users/S&SSLAWKS/Desktop/Project/JAVA/src/20200813185000/dao/TB_CUSTOMER.java
[trac] [18:51:15] CP/SP     <TRACE> -proc> [info] sasp: Loading the configuration file: C:/Users/S&SSLAWKS/Desktop/Project/JAVA/temp/_cpt_4634890_1.init
[trac] [18:51:15] CP/SP     <TRACE> -proc> [info] sasp: session.mode = load
[trac] [18:51:15] CP/SP     <TRACE> -proc> [info] sasp: Working directory: C:\Users\S&SSLAWKS\Desktop\Project\JAVA\temp\.sasp
[trac] [18:51:15] CP/SP     <TRACE> -proc> [info] Getting trace information of session/trace : (00000031, 31000209.3)
[trac] [18:51:15] CP/SP     <TRACE> -proc> [info] Process: [296] C:\Users\S&SSLAWKS\BeyondSecurity\beSOURCE developer\beSOURCE 5.0\data\CodePrism\Analyzer\codeprism\usa\windows\sasp.exe.x86_64 trace -v C:/Users/S&SSLAWKS/Desktop/Project/JAVA/temp/_cpt_19948346_1.init
[trac] [18:51:15] CP/SP     <TRACE> -proc> [info] codeMRI: Loading the configuration file: C:/Users/S&SSLAWKS/Desktop/Project/JAVA/temp/_cpt_27766975_1.init
[trac] [18:51:15] CP/SP <INFO> ProcessRunner start. timeout=20s
[trac] [18:51:15] CP/SP <INFO> EXEC INFO: C:/Users/S&SSLAWKS/BeyondSecurity/beSOURCE developer/beSOURCE 5.0/data/CodePrism/Analyzer/codeprism/usa/windows/codeMRI.exe.x86_64 -t -v C:/Users/S&SSLAWKS/Desktop/Project/JAVA/temp/_cpt_16954038_1.init
[trac] [18:51:15] CP/SP     <TRACE> -proc> [info] codeMRI: Loading the configuration file: C:/Users/S&SSLAWKS/Desktop/Project/JAVA/temp/_cpt_29525730_1.init
[trac] [18:51:15] CP/SP     <TRACE> -proc> [info] codeMRI: Loading the configuration file: C:/Users/S&SSLAWKS/Desktop/Project/JAVA/temp/_cpt_27003862_1.init
[trac] [18:51:15] CP/SP     <TRACE> -proc> [info] Process: [296] C:\Users\S&SSLAWKS\BeyondSecurity\beSOURCE developer\beSOURCE 5.0\data\CodePrism\Analyzer\codeprism\usa\windows\sasp.exe.x86_64 trace -v C:/Users/S&SSLAWKS/Desktop/Project/JAVA/temp/_cpt_29525730_1.init
[trac] [18:51:15] CP/SP <INFO> ProcessRunner end. 607ms
[trac] [18:51:15] CP/SP <INFO> process end
[trac] [18:51:15] CP/SP <INFO> build result...
[trac] [18:51:15] CP/SP     <TRACE> CodeMriAnalyzer- number: 71, running threads: 10,waiting threads: 8, memory check: 31MB
[trac] [18:51:15] CP/SP <INFO> ProcessRunner end. 543ms
[trac] [18:51:15] CP/SP <INFO> process end
[trac] [18:51:15] CP/SP <INFO> build result...
[trac] [18:51:15] CP/SP     <TRACE> -proc> [info] sasp: Loading the configuration file: C:/Users/S&SSLAWKS/Desktop/Project/JAVA/temp/_cpt_19948346_1.init
[trac] [18:51:15] CP/SP     <TRACE> -proc> [info] sasp: session.mode = load
[trac] [18:51:15] CP/SP     <TRACE> -proc> [info] sasp: Working directory: C:\Users\S&SSLAWKS\Desktop\Project\JAVA\temp\.sasp
[trac] [18:51:15] CP/SP     <TRACE> -proc> [info] Getting trace information of session/trace : (00000006, 31000209.2)
[trac] [18:51:15] CP/SP     <TRACE> [TraceBackBuilder]-Thread-280# 31000209|167|"31000209.2"|"00000012"|C:/Users/S&SSLAWKS/Desktop/Project/JAVA/src/20200813185000/dao/TB_CUSTOMER.java
[trac] [18:51:15] CP/SP     <TRACE> [TraceBackBuilder]-Thread-285# 31000209|173|"31000209.3"|"00000012"|C:/Users/S&SSLAWKS/Desktop/Project/JAVA/src/20200813185000/dao/TB_CUSTOMER.java
[trac] [18:51:15] CP/SP <INFO> ProcessRunner start. timeout=20s
[trac] [18:51:15] CP/SP <INFO> EXEC INFO: C:/Users/S&SSLAWKS/BeyondSecurity/beSOURCE developer/beSOURCE 5.0/data/CodePrism/Analyzer/codeprism/usa/windows/codeMRI.exe.x86_64 -t -v C:/Users/S&SSLAWKS/Desktop/Project/JAVA/temp/_cpt_10014334_1.init
[trac] [18:51:15] CP/SP     <TRACE> -proc> [info] Process: [304] C:\Users\S&SSLAWKS\BeyondSecurity\beSOURCE developer\beSOURCE 5.0\data\CodePrism\Analyzer\codeprism\usa\windows\sasp.exe.x86_64 trace -v C:/Users/S&SSLAWKS/Desktop/Project/JAVA/temp/_cpt_27003862_1.init
[trac] [18:51:15] CP/SP     <TRACE> CodeMriAnalyzer- number: 72, running threads: 10,waiting threads: 7, memory check: 32MB
[trac] [18:51:15] CP/SP     <TRACE> CodeMriAnalyzer- number: 73, running threads: 10,waiting threads: 7, memory check: 32MB
[trac] [18:51:15] CP/SP <INFO> ProcessRunner start. timeout=20s
[trac] [18:51:15] CP/SP     <TRACE> -proc> [info] codeMRI: Loading the configuration file: C:/Users/S&SSLAWKS/Desktop/Project/JAVA/temp/_cpt_20371928_1.init
[trac] [18:51:15] CP/SP <INFO> EXEC INFO: C:/Users/S&SSLAWKS/BeyondSecurity/beSOURCE developer/beSOURCE 5.0/data/CodePrism/Analyzer/codeprism/usa/windows/codeMRI.exe.x86_64 -t -v C:/Users/S&SSLAWKS/Desktop/Project/JAVA/temp/_cpt_1882017_1.init
[trac] [18:51:15] CP/SP     <TRACE> -proc> [info] sasp: Loading the configuration file: C:/Users/S&SSLAWKS/Desktop/Project/JAVA/temp/_cpt_29525730_1.init
[trac] [18:51:15] CP/SP     <TRACE> -proc> [info] sasp: session.mode = load
[trac] [18:51:15] CP/SP     <TRACE> -proc> [info] sasp: Working directory: C:\Users\S&SSLAWKS\Desktop\Project\JAVA\temp\.sasp
[trac] [18:51:15] CP/SP     <TRACE> -proc> [info] Getting trace information of session/trace : (00000006, 31000209.3)
[trac] [18:51:15] CP/SP     <TRACE> CodeMriAnalyzer- number: 74, running threads: 10,waiting threads: 9, memory check: 32MB
[trac] [18:51:15] CP/SP     <TRACE> CodeMriAnalyzer- number: 75, running threads: 10,waiting threads: 9, memory check: 32MB
[trac] [18:51:15] CP/SP     <TRACE> -proc> [info] Process: [316] C:\Users\S&SSLAWKS\BeyondSecurity\beSOURCE developer\beSOURCE 5.0\data\CodePrism\Analyzer\codeprism\usa\windows\sasp.exe.x86_64 trace -v C:/Users/S&SSLAWKS/Desktop/Project/JAVA/temp/_cpt_27766975_1.init
[trac] [18:51:15] CP/SP     <TRACE> -proc> [info] Process: [320] C:\Users\S&SSLAWKS\BeyondSecurity\beSOURCE developer\beSOURCE 5.0\data\CodePrism\Analyzer\codeprism\usa\windows\sasp.exe.x86_64 trace -v C:/Users/S&SSLAWKS/Desktop/Project/JAVA/temp/_cpt_20371928_1.init
[trac] [18:51:15] CP/SP     <TRACE> CodeMriAnalyzer- number: 76, running threads: 10,waiting threads: 11, memory check: 32MB
[trac] [18:51:15] CP/SP     <TRACE> -proc> [info] codeMRI: Loading the configuration file: C:/Users/S&SSLAWKS/Desktop/Project/JAVA/temp/_cpt_12582949_1.init
[trac] [18:51:15] CP/SP     <TRACE> -proc> [info] sasp: Loading the configuration file: C:/Users/S&SSLAWKS/Desktop/Project/JAVA/temp/_cpt_27003862_1.init
[trac] [18:51:15] CP/SP     <TRACE> -proc> [info] sasp: session.mode = load
[trac] [18:51:15] CP/SP     <TRACE> -proc> [info] sasp: Working directory: C:\Users\S&SSLAWKS\Desktop\Project\JAVA\temp\.sasp
[trac] [18:51:15] CP/SP     <TRACE> -proc> [info] Getting trace information of session/trace : (00000010, 31000209.2)
[trac] [18:51:15] CP/SP <INFO> ProcessRunner end. 546ms
[trac] [18:51:15] CP/SP <INFO> process end
[trac] [18:51:15] CP/SP <INFO> build result...
[trac] [18:51:15] CP/SP     <TRACE> -proc> [info] codeMRI: Loading the configuration file: C:/Users/S&SSLAWKS/Desktop/Project/JAVA/temp/_cpt_1583057_1.init
[trac] [18:51:15] CP/SP     <TRACE> -proc> [info] Process: [292] C:\Users\S&SSLAWKS\BeyondSecurity\beSOURCE developer\beSOURCE 5.0\data\CodePrism\Analyzer\codeprism\usa\windows\sasp.exe.x86_64 trace -v C:/Users/S&SSLAWKS/Desktop/Project/JAVA/temp/_cpt_12582949_1.init
[trac] [18:51:15] CP/SP     <TRACE> [TraceBackBuilder]-Thread-299# 31000209|29|"31000209.2"|"00000037"|C:/Users/S&SSLAWKS/Desktop/Project/JAVA/src/20200813185000/dao/TB_ZIP_CODE.java
[trac] [18:51:15] CP/SP     <TRACE> -proc> [info] sasp: Loading the configuration file: C:/Users/S&SSLAWKS/Desktop/Project/JAVA/temp/_cpt_27766975_1.init
[trac] [18:51:15] CP/SP     <TRACE> -proc> [info] sasp: session.mode = load
[trac] [18:51:15] CP/SP     <TRACE> -proc> [info] sasp: Working directory: C:\Users\S&SSLAWKS\Desktop\Project\JAVA\temp\.sasp
[trac] [18:51:15] CP/SP     <TRACE> -proc> [info] Getting trace information of session/trace : (00000009, 31000209.2)
[trac] [18:51:15] CP/SP     <TRACE> -proc> [info] Process: [316] C:\Users\S&SSLAWKS\BeyondSecurity\beSOURCE developer\beSOURCE 5.0\data\CodePrism\Analyzer\codeprism\usa\windows\sasp.exe.x86_64 trace -v C:/Users/S&SSLAWKS/Desktop/Project/JAVA/temp/_cpt_1583057_1.init
[trac] [18:51:15] CP/SP <INFO> ProcessRunner start. timeout=20s
[trac] [18:51:15] CP/SP     <TRACE> -proc> [info] sasp: Loading the configuration file: C:/Users/S&SSLAWKS/Desktop/Project/JAVA/temp/_cpt_20371928_1.init
[trac] [18:51:15] CP/SP     <TRACE> -proc> [info] sasp: session.mode = load
[trac] [18:51:15] CP/SP     <TRACE> -proc> [info] sasp: Working directory: C:\Users\S&SSLAWKS\Desktop\Project\JAVA\temp\.sasp
[trac] [18:51:15] CP/SP     <TRACE> -proc> [info] Getting trace information of session/trace : (00000010, 31000209.3)
[trac] [18:51:15] CP/SP <INFO> EXEC INFO: C:/Users/S&SSLAWKS/BeyondSecurity/beSOURCE developer/beSOURCE 5.0/data/CodePrism/Analyzer/codeprism/usa/windows/codeMRI.exe.x86_64 -t -v C:/Users/S&SSLAWKS/Desktop/Project/JAVA/temp/_cpt_3916302_1.init
[trac] [18:51:15] CP/SP <INFO> ProcessRunner end. 423ms
[trac] [18:51:15] CP/SP <INFO> process end
[trac] [18:51:15] CP/SP <INFO> build result...
[trac] [18:51:15] CP/SP     <TRACE> [TraceBackBuilder]-Thread-302# 31000209|35|"31000209.3"|"00000037"|C:/Users/S&SSLAWKS/Desktop/Project/JAVA/src/20200813185000/dao/TB_ZIP_CODE.java
[trac] [18:51:15] CP/SP <INFO> ProcessRunner start. timeout=20s
[trac] [18:51:15] CP/SP     <TRACE> -proc> [info] codeMRI: Loading the configuration file: C:/Users/S&SSLAWKS/Desktop/Project/JAVA/temp/_cpt_16954038_1.init
[trac] [18:51:15] CP/SP <INFO> EXEC INFO: C:/Users/S&SSLAWKS/BeyondSecurity/beSOURCE developer/beSOURCE 5.0/data/CodePrism/Analyzer/codeprism/usa/windows/codeMRI.exe.x86_64 -t -v C:/Users/S&SSLAWKS/Desktop/Project/JAVA/temp/_cpt_16862753_1.init
[trac] [18:51:15] CP/SP     <TRACE> -proc> [info] sasp: Loading the configuration file: C:/Users/S&SSLAWKS/Desktop/Project/JAVA/temp/_cpt_12582949_1.init
[trac] [18:51:15] CP/SP     <TRACE> -proc> [info] sasp: session.mode = load
[trac] [18:51:15] CP/SP     <TRACE> -proc> [info] sasp: Working directory: C:\Users\S&SSLAWKS\Desktop\Project\JAVA\temp\.sasp
[trac] [18:51:15] CP/SP     <TRACE> -proc> [info] Getting trace information of session/trace : (00000009, 31000209.3)
[trac] [18:51:15] CP/SP <INFO> ProcessRunner end. 639ms
[trac] [18:51:15] CP/SP <INFO> process end
[trac] [18:51:15] CP/SP <INFO> build result...
[trac] [18:51:15] CP/SP     <TRACE> -proc> [info] sasp: Loading the configuration file: C:/Users/S&SSLAWKS/Desktop/Project/JAVA/temp/_cpt_1583057_1.init
[trac] [18:51:15] CP/SP     <TRACE> -proc> [info] sasp: session.mode = load
[trac] [18:51:15] CP/SP     <TRACE> -proc> [info] sasp: Working directory: C:\Users\S&SSLAWKS\Desktop\Project\JAVA\temp\.sasp
[trac] [18:51:15] CP/SP     <TRACE> -proc> [info] Getting trace information of session/trace : (00000011, 31000209.2)
[trac] [18:51:15] CP/SP <INFO> ProcessRunner end. 571ms
[trac] [18:51:15] CP/SP <INFO> process end
[trac] [18:51:15] CP/SP <INFO> build result...
[trac] [18:51:15] CP/SP     <TRACE> -proc> [info] codeMRI: Loading the configuration file: C:/Users/S&SSLAWKS/Desktop/Project/JAVA/temp/_cpt_1882017_1.init
[trac] [18:51:15] CP/SP     <TRACE> [TraceBackBuilder]-Thread-303# 31000209|29|"31000209.2"|"00000002"|C:/Users/S&SSLAWKS/Desktop/Project/JAVA/src/20200813185000/dao/TB_CD20.java
[trac] [18:51:15] CP/SP     <TRACE> -proc> [info] Process: [328] C:\Users\S&SSLAWKS\BeyondSecurity\beSOURCE developer\beSOURCE 5.0\data\CodePrism\Analyzer\codeprism\usa\windows\sasp.exe.x86_64 trace -v C:/Users/S&SSLAWKS/Desktop/Project/JAVA/temp/_cpt_16954038_1.init
[trac] [18:51:15] CP/SP     <TRACE> -proc> [info] codeMRI: Loading the configuration file: C:/Users/S&SSLAWKS/Desktop/Project/JAVA/temp/_cpt_10014334_1.init
[trac] [18:51:15] CP/SP     <TRACE> [TraceBackBuilder]-Thread-305# 31000209|35|"31000209.3"|"00000002"|C:/Users/S&SSLAWKS/Desktop/Project/JAVA/src/20200813185000/dao/TB_CD20.java
[trac] [18:51:15] CP/SP <INFO> ProcessRunner start. timeout=20s
[trac] [18:51:15] CP/SP <INFO> EXEC INFO: C:/Users/S&SSLAWKS/BeyondSecurity/beSOURCE developer/beSOURCE 5.0/data/CodePrism/Analyzer/codeprism/usa/windows/codeMRI.exe.x86_64 -t -v C:/Users/S&SSLAWKS/Desktop/Project/JAVA/temp/_cpt_13756354_1.init
[trac] [18:51:15] CP/SP     <TRACE> -proc> [info] Process: [312] C:\Users\S&SSLAWKS\BeyondSecurity\beSOURCE developer\beSOURCE 5.0\data\CodePrism\Analyzer\codeprism\usa\windows\sasp.exe.x86_64 trace -v C:/Users/S&SSLAWKS/Desktop/Project/JAVA/temp/_cpt_1882017_1.init
[trac] [18:51:15] CP/SP <INFO> ProcessRunner start. timeout=20s
[trac] [18:51:15] CP/SP <INFO> EXEC INFO: C:/Users/S&SSLAWKS/BeyondSecurity/beSOURCE developer/beSOURCE 5.0/data/CodePrism/Analyzer/codeprism/usa/windows/codeMRI.exe.x86_64 -t -v C:/Users/S&SSLAWKS/Desktop/Project/JAVA/temp/_cpt_13011608_1.init
[trac] [18:51:15] CP/SP <INFO> ProcessRunner end. 621ms
[trac] [18:51:15] CP/SP     <TRACE> -proc> [info] codeMRI: Loading the configuration file: C:/Users/S&SSLAWKS/Desktop/Project/JAVA/temp/_cpt_3916302_1.init
[trac] [18:51:15] CP/SP <INFO> process end
[trac] [18:51:15] CP/SP <INFO> build result...
[trac] [18:51:15] CP/SP <INFO> ProcessRunner end. 470ms
[trac] [18:51:15] CP/SP <INFO> process end
[trac] [18:51:15] CP/SP <INFO> build result...
[trac] [18:51:15] CP/SP     <TRACE> -proc> [info] sasp: Loading the configuration file: C:/Users/S&SSLAWKS/Desktop/Project/JAVA/temp/_cpt_16954038_1.init
[trac] [18:51:15] CP/SP     <TRACE> -proc> [info] sasp: session.mode = load
[trac] [18:51:15] CP/SP     <TRACE> -proc> [info] sasp: Working directory: C:\Users\S&SSLAWKS\Desktop\Project\JAVA\temp\.sasp
[trac] [18:51:15] CP/SP     <TRACE> -proc> [info] Getting trace information of session/trace : (00000011, 31000209.3)
[trac] [18:51:15] CP/SP     <TRACE> [TraceBackBuilder]-Thread-306# 31000209|29|"31000209.2"|"00000022"|C:/Users/S&SSLAWKS/Desktop/Project/JAVA/src/20200813185000/dao/TB_CUST_ORDSUM.java
[trac] [18:51:15] CP/SP     <TRACE> -proc> [info] Process: [316] C:\Users\S&SSLAWKS\BeyondSecurity\beSOURCE developer\beSOURCE 5.0\data\CodePrism\Analyzer\codeprism\usa\windows\sasp.exe.x86_64 trace -v C:/Users/S&SSLAWKS/Desktop/Project/JAVA/temp/_cpt_10014334_1.init
[trac] [18:51:15] CP/SP     <TRACE> [TraceBackBuilder]-Thread-312# 31000209|35|"31000209.3"|"00000022"|C:/Users/S&SSLAWKS/Desktop/Project/JAVA/src/20200813185000/dao/TB_CUST_ORDSUM.java
[trac] [18:51:15] CP/SP     <TRACE> CodeMriAnalyzer- number: 77, running threads: 10,waiting threads: 6, memory check: 34MB
[trac] [18:51:15] CP/SP <INFO> ProcessRunner start. timeout=20s
[trac] [18:51:15] CP/SP     <TRACE> CodeMriAnalyzer- number: 78, running threads: 10,waiting threads: 7, memory check: 34MB
[trac] [18:51:15] CP/SP <INFO> EXEC INFO: C:/Users/S&SSLAWKS/BeyondSecurity/beSOURCE developer/beSOURCE 5.0/data/CodePrism/Analyzer/codeprism/usa/windows/codeMRI.exe.x86_64 -t -v C:/Users/S&SSLAWKS/Desktop/Project/JAVA/temp/_cpt_18360202_1.init
[trac] [18:51:15] CP/SP     <TRACE> -proc> [info] Process: [316] C:\Users\S&SSLAWKS\BeyondSecurity\beSOURCE developer\beSOURCE 5.0\data\CodePrism\Analyzer\codeprism\usa\windows\sasp.exe.x86_64 trace -v C:/Users/S&SSLAWKS/Desktop/Project/JAVA/temp/_cpt_3916302_1.init
[trac] [18:51:15] CP/SP <INFO> ProcessRunner start. timeout=20s
[trac] [18:51:15] CP/SP <INFO> EXEC INFO: C:/Users/S&SSLAWKS/BeyondSecurity/beSOURCE developer/beSOURCE 5.0/data/CodePrism/Analyzer/codeprism/usa/windows/codeMRI.exe.x86_64 -t -v C:/Users/S&SSLAWKS/Desktop/Project/JAVA/temp/_cpt_13372929_1.init
[trac] [18:51:15] CP/SP     <TRACE> -proc> [info] sasp: Loading the configuration file: C:/Users/S&SSLAWKS/Desktop/Project/JAVA/temp/_cpt_1882017_1.init
[trac] [18:51:15] CP/SP     <TRACE> -proc> [info] sasp: session.mode = load
[trac] [18:51:15] CP/SP     <TRACE> -proc> [info] sasp: Working directory: C:\Users\S&SSLAWKS\Desktop\Project\JAVA\temp\.sasp
[trac] [18:51:15] CP/SP     <TRACE> -proc> [info] Getting trace information of session/trace : (00000012, 31000209.3)
[trac] [18:51:15] CP/SP <INFO> ProcessRunner end. 567ms
[trac] [18:51:15] CP/SP <INFO> process end
[trac] [18:51:15] CP/SP <INFO> build result...
[trac] [18:51:15] CP/SP <INFO> ProcessRunner end. 536ms
[trac] [18:51:15] CP/SP <INFO> process end
[trac] [18:51:15] CP/SP <INFO> build result...
[trac] [18:51:15] CP/SP     <TRACE> -proc> [info] codeMRI: Loading the configuration file: C:/Users/S&SSLAWKS/Desktop/Project/JAVA/temp/_cpt_16862753_1.init
[trac] [18:51:15] CP/SP     <TRACE> [TraceBackBuilder]-Thread-325# 31000209|63|"31000209.2"|"00000023"|C:/Users/S&SSLAWKS/Desktop/Project/JAVA/src/20200813185000/dao/TB_CUST_ORDSUM.java
[trac] [18:51:15] CP/SP     <TRACE> -proc> [info] sasp: Loading the configuration file: C:/Users/S&SSLAWKS/Desktop/Project/JAVA/temp/_cpt_3916302_1.init
[trac] [18:51:15] CP/SP     <TRACE> [TraceBackBuilder]-Thread-329# 31000209|69|"31000209.3"|"00000023"|C:/Users/S&SSLAWKS/Desktop/Project/JAVA/src/20200813185000/dao/TB_CUST_ORDSUM.java
[trac] [18:51:15] CP/SP     <TRACE> -proc> [info] sasp: session.mode = load
[trac] [18:51:15] CP/SP <INFO> ProcessRunner start. timeout=20s
[trac] [18:51:15] CP/SP     <TRACE> -proc> [info] sasp: Working directory: C:\Users\S&SSLAWKS\Desktop\Project\JAVA\temp\.sasp
[trac] [18:51:15] CP/SP     <TRACE> -proc> [info] Getting trace information of session/trace : (00000037, 31000209.2)
[trac] [18:51:15] CP/SP     <TRACE> -proc> [info] codeMRI: Loading the configuration file: C:/Users/S&SSLAWKS/Desktop/Project/JAVA/temp/_cpt_13756354_1.init
[trac] [18:51:15] CP/SP <INFO> EXEC INFO: C:/Users/S&SSLAWKS/BeyondSecurity/beSOURCE developer/beSOURCE 5.0/data/CodePrism/Analyzer/codeprism/usa/windows/codeMRI.exe.x86_64 -t -v C:/Users/S&SSLAWKS/Desktop/Project/JAVA/temp/_cpt_1680250_1.init
[trac] [18:51:15] CP/SP <INFO> ProcessRunner end. 434ms
[trac] [18:51:15] CP/SP     <TRACE> -proc> [info] Process: [296] C:\Users\S&SSLAWKS\BeyondSecurity\beSOURCE developer\beSOURCE 5.0\data\CodePrism\Analyzer\codeprism\usa\windows\sasp.exe.x86_64 trace -v C:/Users/S&SSLAWKS/Desktop/Project/JAVA/temp/_cpt_16862753_1.init
[trac] [18:51:15] CP/SP <INFO> process end
[trac] [18:51:15] CP/SP <INFO> build result...
[trac] [18:51:15] CP/SP <INFO> ProcessRunner start. timeout=20s
[trac] [18:51:15] CP/SP <INFO> EXEC INFO: C:/Users/S&SSLAWKS/BeyondSecurity/beSOURCE developer/beSOURCE 5.0/data/CodePrism/Analyzer/codeprism/usa/windows/codeMRI.exe.x86_64 -t -v C:/Users/S&SSLAWKS/Desktop/Project/JAVA/temp/_cpt_653967_1.init
[trac] [18:51:15] CP/SP     <TRACE> [TraceBackBuilder]-Thread-330# 31000209|29|"31000209.2"|"00000034"|C:/Users/S&SSLAWKS/Desktop/Project/JAVA/src/20200813185000/dao/TB_ORDER_DETAIL.java
[trac] [18:51:15] CP/SP     <TRACE> -proc> [info] sasp: Loading the configuration file: C:/Users/S&SSLAWKS/Desktop/Project/JAVA/temp/_cpt_10014334_1.init
[trac] [18:51:15] CP/SP     <TRACE> -proc> [info] sasp: session.mode = load
[trac] [18:51:15] CP/SP     <TRACE> -proc> [info] sasp: Working directory: C:\Users\S&SSLAWKS\Desktop\Project\JAVA\temp\.sasp
[trac] [18:51:15] CP/SP     <TRACE> -proc> [info] Getting trace information of session/trace : (00000012, 31000209.2)
[trac] [18:51:15] CP/SP     <TRACE> -proc> [info] codeMRI: Loading the configuration file: C:/Users/S&SSLAWKS/Desktop/Project/JAVA/temp/_cpt_13011608_1.init
[trac] [18:51:15] CP/SP <INFO> ProcessRunner start. timeout=20s
[trac] [18:51:15] CP/SP <INFO> EXEC INFO: C:/Users/S&SSLAWKS/BeyondSecurity/beSOURCE developer/beSOURCE 5.0/data/CodePrism/Analyzer/codeprism/usa/windows/codeMRI.exe.x86_64 -t -v C:/Users/S&SSLAWKS/Desktop/Project/JAVA/temp/_cpt_20263497_1.init
[trac] [18:51:16] CP/SP <INFO> ProcessRunner end. 410ms
[trac] [18:51:16] CP/SP <INFO> process end
[trac] [18:51:16] CP/SP <INFO> build result...
[trac] [18:51:16] CP/SP     <TRACE> -proc> [info] Process: [304] C:\Users\S&SSLAWKS\BeyondSecurity\beSOURCE developer\beSOURCE 5.0\data\CodePrism\Analyzer\codeprism\usa\windows\sasp.exe.x86_64 trace -v C:/Users/S&SSLAWKS/Desktop/Project/JAVA/temp/_cpt_13756354_1.init
[trac] [18:51:16] CP/SP     <TRACE> -proc> [info] Process: [308] C:\Users\S&SSLAWKS\BeyondSecurity\beSOURCE developer\beSOURCE 5.0\data\CodePrism\Analyzer\codeprism\usa\windows\sasp.exe.x86_64 trace -v C:/Users/S&SSLAWKS/Desktop/Project/JAVA/temp/_cpt_13011608_1.init
[trac] [18:51:16] CP/SP     <TRACE> -proc> [info] sasp: Loading the configuration file: C:/Users/S&SSLAWKS/Desktop/Project/JAVA/temp/_cpt_16862753_1.init
[trac] [18:51:16] CP/SP     <TRACE> -proc> [info] sasp: session.mode = load
[trac] [18:51:16] CP/SP     <TRACE> -proc> [info] sasp: Working directory: C:\Users\S&SSLAWKS\Desktop\Project\JAVA\temp\.sasp
[trac] [18:51:16] CP/SP     <TRACE> -proc> [info] Getting trace information of session/trace : (00000037, 31000209.3)
[trac] [18:51:16] CP/SP     <TRACE> [TraceBackBuilder]-Thread-335# 31000209|62|"31000209.2"|"00000035"|C:/Users/S&SSLAWKS/Desktop/Project/JAVA/src/20200813185000/dao/TB_ORDER_DETAIL.java
[trac] [18:51:16] CP/SP <INFO> ProcessRunner start. timeout=20s
[trac] [18:51:16] CP/SP <INFO> ProcessRunner end. 857ms
[trac] [18:51:16] CP/SP <INFO> process end
[trac] [18:51:16] CP/SP <INFO> build result...
[trac] [18:51:16] CP/SP <INFO> EXEC INFO: C:/Users/S&SSLAWKS/BeyondSecurity/beSOURCE developer/beSOURCE 5.0/data/CodePrism/Analyzer/codeprism/usa/windows/codeMRI.exe.x86_64 -t -v C:/Users/S&SSLAWKS/Desktop/Project/JAVA/temp/_cpt_3564915_1.init
[trac] [18:51:16] CP/SP     <TRACE> [TraceBackBuilder]-Thread-334# 31000209|35|"31000209.3"|"00000034"|C:/Users/S&SSLAWKS/Desktop/Project/JAVA/src/20200813185000/dao/TB_ORDER_DETAIL.java
[trac] [18:51:16] CP/SP     <TRACE> -proc> [info] sasp: Loading the configuration file: C:/Users/S&SSLAWKS/Desktop/Project/JAVA/temp/_cpt_13756354_1.init
[trac] [18:51:16] CP/SP     <TRACE> -proc> [info] sasp: session.mode = load
[trac] [18:51:16] CP/SP     <TRACE> -proc> [info] sasp: Working directory: C:\Users\S&SSLAWKS\Desktop\Project\JAVA\temp\.sasp
[trac] [18:51:16] CP/SP     <TRACE> -proc> [info] Getting trace information of session/trace : (00000002, 31000209.2)
[trac] [18:51:16] CP/SP <INFO> ProcessRunner start. timeout=20s
[trac] [18:51:16] CP/SP <INFO> EXEC INFO: C:/Users/S&SSLAWKS/BeyondSecurity/beSOURCE developer/beSOURCE 5.0/data/CodePrism/Analyzer/codeprism/usa/windows/codeMRI.exe.x86_64 -t -v C:/Users/S&SSLAWKS/Desktop/Project/JAVA/temp/_cpt_27109735_1.init
[trac] [18:51:16] CP/SP     <TRACE> -proc> [info] sasp: Loading the configuration file: C:/Users/S&SSLAWKS/Desktop/Project/JAVA/temp/_cpt_13011608_1.init
[trac] [18:51:16] CP/SP     <TRACE> -proc> [info] sasp: session.mode = load
[trac] [18:51:16] CP/SP     <TRACE> -proc> [info] sasp: Working directory: C:\Users\S&SSLAWKS\Desktop\Project\JAVA\temp\.sasp
[trac] [18:51:16] CP/SP     <TRACE> -proc> [info] Getting trace information of session/trace : (00000002, 31000209.3)
[trac] [18:51:16] CP/SP <INFO> ProcessRunner end. 722ms
[trac] [18:51:16] CP/SP <INFO> process end
[trac] [18:51:16] CP/SP <INFO> build result...
[trac] [18:51:16] CP/SP     <TRACE> -proc> [info] codeMRI: Loading the configuration file: C:/Users/S&SSLAWKS/Desktop/Project/JAVA/temp/_cpt_13372929_1.init
[trac] [18:51:16] CP/SP     <TRACE> [TraceBackBuilder]-Thread-338# 31000209|68|"31000209.3"|"00000035"|C:/Users/S&SSLAWKS/Desktop/Project/JAVA/src/20200813185000/dao/TB_ORDER_DETAIL.java
[trac] [18:51:16] CP/SP     <TRACE> -proc> [info] Process: [312] C:\Users\S&SSLAWKS\BeyondSecurity\beSOURCE developer\beSOURCE 5.0\data\CodePrism\Analyzer\codeprism\usa\windows\sasp.exe.x86_64 trace -v C:/Users/S&SSLAWKS/Desktop/Project/JAVA/temp/_cpt_13372929_1.init
[trac] [18:51:16] CP/SP <INFO> ProcessRunner start. timeout=20s
[trac] [18:51:16] CP/SP <INFO> EXEC INFO: C:/Users/S&SSLAWKS/BeyondSecurity/beSOURCE developer/beSOURCE 5.0/data/CodePrism/Analyzer/codeprism/usa/windows/codeMRI.exe.x86_64 -t -v C:/Users/S&SSLAWKS/Desktop/Project/JAVA/temp/_cpt_7245716_1.init
[trac] [18:51:16] CP/SP <INFO> ProcessRunner end. 832ms
[trac] [18:51:16] CP/SP <INFO> process end
[trac] [18:51:16] CP/SP <INFO> build result...
[trac] [18:51:16] CP/SP     <TRACE> -proc> [info] codeMRI: Loading the configuration file: C:/Users/S&SSLAWKS/Desktop/Project/JAVA/temp/_cpt_18360202_1.init
[trac] [18:51:16] CP/SP <INFO> ProcessRunner end. 816ms
[trac] [18:51:16] CP/SP <INFO> process end
[trac] [18:51:16] CP/SP <INFO> build result...
[trac] [18:51:16] CP/SP     <TRACE> -proc> [info] sasp: Loading the configuration file: C:/Users/S&SSLAWKS/Desktop/Project/JAVA/temp/_cpt_13372929_1.init
[trac] [18:51:16] CP/SP     <TRACE> -proc> [info] sasp: session.mode = load
[trac] [18:51:16] CP/SP     <TRACE> -proc> [info] sasp: Working directory: C:\Users\S&SSLAWKS\Desktop\Project\JAVA\temp\.sasp
[trac] [18:51:16] CP/SP     <TRACE> -proc> [info] Getting trace information of session/trace : (00000022, 31000209.3)
[trac] [18:51:16] CP/SP     <TRACE> -proc> [info] codeMRI: Loading the configuration file: C:/Users/S&SSLAWKS/Desktop/Project/JAVA/temp/_cpt_20263497_1.init
[trac] [18:51:16] CP/SP     <TRACE> [TraceBackBuilder]-Thread-351# 31000209|29|"31000209.2"|"00000036"|C:/Users/S&SSLAWKS/Desktop/Project/JAVA/src/20200813185000/dao/TB_VENDOR.java
[trac] [18:51:16] CP/SP     <TRACE> -proc> [info] codeMRI: Loading the configuration file: C:/Users/S&SSLAWKS/Desktop/Project/JAVA/temp/_cpt_1680250_1.init
[trac] [18:51:16] CP/SP     <TRACE> [TraceBackBuilder]-Thread-353# 31000209|35|"31000209.3"|"00000036"|C:/Users/S&SSLAWKS/Desktop/Project/JAVA/src/20200813185000/dao/TB_VENDOR.java
[trac] [18:51:16] CP/SP     <TRACE> -proc> [info] codeMRI: Loading the configuration file: C:/Users/S&SSLAWKS/Desktop/Project/JAVA/temp/_cpt_653967_1.init
[trac] [18:51:16] CP/SP <INFO> ProcessRunner start. timeout=20s
[trac] [18:51:16] CP/SP <INFO> EXEC INFO: C:/Users/S&SSLAWKS/BeyondSecurity/beSOURCE developer/beSOURCE 5.0/data/CodePrism/Analyzer/codeprism/usa/windows/codeMRI.exe.x86_64 -t -v C:/Users/S&SSLAWKS/Desktop/Project/JAVA/temp/_cpt_3434740_1.init
[trac] [18:51:16] CP/SP     <TRACE> -proc> [info] Process: [304] C:\Users\S&SSLAWKS\BeyondSecurity\beSOURCE developer\beSOURCE 5.0\data\CodePrism\Analyzer\codeprism\usa\windows\sasp.exe.x86_64 trace -v C:/Users/S&SSLAWKS/Desktop/Project/JAVA/temp/_cpt_20263497_1.init
[trac] [18:51:16] CP/SP <INFO> ProcessRunner start. timeout=20s
[trac] [18:51:16] CP/SP <INFO> EXEC INFO: C:/Users/S&SSLAWKS/BeyondSecurity/beSOURCE developer/beSOURCE 5.0/data/CodePrism/Analyzer/codeprism/usa/windows/codeMRI.exe.x86_64 -t -v C:/Users/S&SSLAWKS/Desktop/Project/JAVA/temp/_cpt_18012736_1.init
[trac] [18:51:16] CP/SP     <TRACE> -proc> [info] codeMRI: Loading the configuration file: C:/Users/S&SSLAWKS/Desktop/Project/JAVA/temp/_cpt_27109735_1.init
[trac] [18:51:16] CP/SP <INFO> ProcessRunner end. 812ms
[trac] [18:51:16] CP/SP <INFO> process end
[trac] [18:51:16] CP/SP <INFO> build result...
[trac] [18:51:16] CP/SP     <TRACE> -proc> [info] sasp: Loading the configuration file: C:/Users/S&SSLAWKS/Desktop/Project/JAVA/temp/_cpt_20263497_1.init
[trac] [18:51:16] CP/SP     <TRACE> -proc> [info] sasp: session.mode = load
[trac] [18:51:16] CP/SP     <TRACE> -proc> [info] sasp: Working directory: C:\Users\S&SSLAWKS\Desktop\Project\JAVA\temp\.sasp
[trac] [18:51:16] CP/SP     <TRACE> -proc> [info] Getting trace information of session/trace : (00000034, 31000209.2)
[trac] [18:51:16] CP/SP     <TRACE> -proc> [info] codeMRI: Loading the configuration file: C:/Users/S&SSLAWKS/Desktop/Project/JAVA/temp/_cpt_7245716_1.init
[trac] [18:51:16] CP/SP     <TRACE> -proc> [info] Process: [308] C:\Users\S&SSLAWKS\BeyondSecurity\beSOURCE developer\beSOURCE 5.0\data\CodePrism\Analyzer\codeprism\usa\windows\sasp.exe.x86_64 trace -v C:/Users/S&SSLAWKS/Desktop/Project/JAVA/temp/_cpt_27109735_1.init
[trac] [18:51:16] CP/SP     <TRACE> -proc> [info] Process: [316] C:\Users\S&SSLAWKS\BeyondSecurity\beSOURCE developer\beSOURCE 5.0\data\CodePrism\Analyzer\codeprism\usa\windows\sasp.exe.x86_64 trace -v C:/Users/S&SSLAWKS/Desktop/Project/JAVA/temp/_cpt_7245716_1.init
[trac] [18:51:16] CP/SP     <TRACE> -proc> [info] Process: [308] C:\Users\S&SSLAWKS\BeyondSecurity\beSOURCE developer\beSOURCE 5.0\data\CodePrism\Analyzer\codeprism\usa\windows\sasp.exe.x86_64 trace -v C:/Users/S&SSLAWKS/Desktop/Project/JAVA/temp/_cpt_18360202_1.init
[trac] [18:51:16] CP/SP     <TRACE> -proc> [info] Process: [304] C:\Users\S&SSLAWKS\BeyondSecurity\beSOURCE developer\beSOURCE 5.0\data\CodePrism\Analyzer\codeprism\usa\windows\sasp.exe.x86_64 trace -v C:/Users/S&SSLAWKS/Desktop/Project/JAVA/temp/_cpt_1680250_1.init
[trac] [18:51:16] CP/SP     <TRACE> -proc> [info] Process: [316] C:\Users\S&SSLAWKS\BeyondSecurity\beSOURCE developer\beSOURCE 5.0\data\CodePrism\Analyzer\codeprism\usa\windows\sasp.exe.x86_64 trace -v C:/Users/S&SSLAWKS/Desktop/Project/JAVA/temp/_cpt_653967_1.init
[trac] [18:51:16] CP/SP     <TRACE> -proc> [info] codeMRI: Loading the configuration file: C:/Users/S&SSLAWKS/Desktop/Project/JAVA/temp/_cpt_3564915_1.init
[trac] [18:51:16] CP/SP <INFO> ProcessRunner end. 859ms
[trac] [18:51:16] CP/SP <INFO> process end
[trac] [18:51:16] CP/SP <INFO> build result...
[trac] [18:51:16] CP/SP     <TRACE> -proc> [info] codeMRI: Loading the configuration file: C:/Users/S&SSLAWKS/Desktop/Project/JAVA/temp/_cpt_18012736_1.init
[trac] [18:51:16] CP/SP     <TRACE> -proc> [info] sasp: Loading the configuration file: C:/Users/S&SSLAWKS/Desktop/Project/JAVA/temp/_cpt_18360202_1.init
[trac] [18:51:16] CP/SP     <TRACE> -proc> [info] sasp: session.mode = load
[trac] [18:51:16] CP/SP     <TRACE> -proc> [info] sasp: Working directory: C:\Users\S&SSLAWKS\Desktop\Project\JAVA\temp\.sasp
[trac] [18:51:16] CP/SP     <TRACE> -proc> [info] Getting trace information of session/trace : (00000022, 31000209.2)
[trac] [18:51:16] CP/SP     <TRACE> -proc> [info] Process: [308] C:\Users\S&SSLAWKS\BeyondSecurity\beSOURCE developer\beSOURCE 5.0\data\CodePrism\Analyzer\codeprism\usa\windows\sasp.exe.x86_64 trace -v C:/Users/S&SSLAWKS/Desktop/Project/JAVA/temp/_cpt_3564915_1.init
[trac] [18:51:16] CP/SP     <TRACE> -proc> [info] codeMRI: Loading the configuration file: C:/Users/S&SSLAWKS/Desktop/Project/JAVA/temp/_cpt_3434740_1.init
[trac] [18:51:16] CP/SP     <TRACE> -proc> [info] Process: [320] C:\Users\S&SSLAWKS\BeyondSecurity\beSOURCE developer\beSOURCE 5.0\data\CodePrism\Analyzer\codeprism\usa\windows\sasp.exe.x86_64 trace -v C:/Users/S&SSLAWKS/Desktop/Project/JAVA/temp/_cpt_18012736_1.init
[trac] [18:51:16] CP/SP     <TRACE> -proc> [info] sasp: Loading the configuration file: C:/Users/S&SSLAWKS/Desktop/Project/JAVA/temp/_cpt_653967_1.init
[trac] [18:51:16] CP/SP     <TRACE> -proc> [info] sasp: session.mode = load
[trac] [18:51:16] CP/SP     <TRACE> -proc> [info] sasp: Working directory: C:\Users\S&SSLAWKS\Desktop\Project\JAVA\temp\.sasp
[trac] [18:51:16] CP/SP     <TRACE> -proc> [info] Getting trace information of session/trace : (00000023, 31000209.3)
[trac] [18:51:16] CP/SP     <TRACE> -proc> [info] Process: [304] C:\Users\S&SSLAWKS\BeyondSecurity\beSOURCE developer\beSOURCE 5.0\data\CodePrism\Analyzer\codeprism\usa\windows\sasp.exe.x86_64 trace -v C:/Users/S&SSLAWKS/Desktop/Project/JAVA/temp/_cpt_3434740_1.init
[trac] [18:51:16] CP/SP     <TRACE> -proc> [info] sasp: Loading the configuration file: C:/Users/S&SSLAWKS/Desktop/Project/JAVA/temp/_cpt_1680250_1.init
[trac] [18:51:16] CP/SP     <TRACE> -proc> [info] sasp: session.mode = load
[trac] [18:51:16] CP/SP     <TRACE> -proc> [info] sasp: Working directory: C:\Users\S&SSLAWKS\Desktop\Project\JAVA\temp\.sasp
[trac] [18:51:16] CP/SP     <TRACE> -proc> [info] Getting trace information of session/trace : (00000023, 31000209.2)
[trac] [18:51:16] CP/SP     <TRACE> -proc> [info] sasp: Loading the configuration file: C:/Users/S&SSLAWKS/Desktop/Project/JAVA/temp/_cpt_3564915_1.init
[trac] [18:51:16] CP/SP     <TRACE> -proc> [info] sasp: session.mode = load
[trac] [18:51:16] CP/SP     <TRACE> -proc> [info] sasp: Working directory: C:\Users\S&SSLAWKS\Desktop\Project\JAVA\temp\.sasp
[trac] [18:51:16] CP/SP     <TRACE> -proc> [info] Getting trace information of session/trace : (00000035, 31000209.2)
[trac] [18:51:16] CP/SP     <TRACE> -proc> [info] sasp: Loading the configuration file: C:/Users/S&SSLAWKS/Desktop/Project/JAVA/temp/_cpt_7245716_1.init
[trac] [18:51:16] CP/SP     <TRACE> -proc> [info] sasp: session.mode = load
[trac] [18:51:16] CP/SP     <TRACE> -proc> [info] sasp: Working directory: C:\Users\S&SSLAWKS\Desktop\Project\JAVA\temp\.sasp
[trac] [18:51:16] CP/SP     <TRACE> -proc> [info] Getting trace information of session/trace : (00000035, 31000209.3)
[trac] [18:51:16] CP/SP <INFO> ProcessRunner end. 1043ms
[trac] [18:51:16] CP/SP <INFO> process end
[trac] [18:51:16] CP/SP <INFO> build result...
[trac] [18:51:16] CP/SP     <TRACE> -proc> [info] sasp: Loading the configuration file: C:/Users/S&SSLAWKS/Desktop/Project/JAVA/temp/_cpt_27109735_1.init
[trac] [18:51:16] CP/SP     <TRACE> -proc> [info] sasp: session.mode = load
[trac] [18:51:16] CP/SP     <TRACE> -proc> [info] sasp: Working directory: C:\Users\S&SSLAWKS\Desktop\Project\JAVA\temp\.sasp
[trac] [18:51:16] CP/SP     <TRACE> -proc> [info] Getting trace information of session/trace : (00000034, 31000209.3)
[trac] [18:51:16] CP/SP <INFO> ProcessRunner end. 1137ms
[trac] [18:51:16] CP/SP <INFO> process end
[trac] [18:51:16] CP/SP <INFO> build result...
[trac] [18:51:16] CP/SP     <TRACE> -proc> [info] sasp: Loading the configuration file: C:/Users/S&SSLAWKS/Desktop/Project/JAVA/temp/_cpt_18012736_1.init
[trac] [18:51:16] CP/SP     <TRACE> -proc> [info] sasp: session.mode = load
[trac] [18:51:16] CP/SP     <TRACE> -proc> [info] sasp: Working directory: C:\Users\S&SSLAWKS\Desktop\Project\JAVA\temp\.sasp
[trac] [18:51:16] CP/SP     <TRACE> -proc> [info] Getting trace information of session/trace : (00000036, 31000209.3)
[trac] [18:51:17] CP/SP <INFO> ProcessRunner end. 1080ms
[trac] [18:51:17] CP/SP <INFO> process end
[trac] [18:51:17] CP/SP <INFO> build result...
[trac] [18:51:17] CP/SP     <TRACE> -proc> [info] sasp: Loading the configuration file: C:/Users/S&SSLAWKS/Desktop/Project/JAVA/temp/_cpt_3434740_1.init
[trac] [18:51:17] CP/SP     <TRACE> -proc> [info] sasp: session.mode = load
[trac] [18:51:17] CP/SP     <TRACE> -proc> [info] sasp: Working directory: C:\Users\S&SSLAWKS\Desktop\Project\JAVA\temp\.sasp
[trac] [18:51:17] CP/SP     <TRACE> -proc> [info] Getting trace information of session/trace : (00000036, 31000209.2)
[trac] [18:51:17] CP/SP <INFO> ProcessRunner end. 684ms
[trac] [18:51:17] CP/SP <INFO> process end
[trac] [18:51:17] CP/SP <INFO> build result...
[trac] [18:51:17] CP/SP <INFO> ProcessRunner end. 608ms
[trac] [18:51:17] CP/SP <INFO> process end
[trac] [18:51:17] CP/SP <INFO> build result...
[trac] [18:51:17] CP/SP <INFO> ProcessRunner end. 421ms
[trac] [18:51:17] CP/SP <INFO> process end
[trac] [18:51:17] CP/SP <INFO> build result...
[trac] [18:51:17] CP/SP <INFO> ProcessRunner end. 659ms
[trac] [18:51:17] CP/SP <INFO> process end
[trac] [18:51:17] CP/SP <INFO> build result...
[trac] [18:51:17] CP/SP <INFO> ProcessRunner end. 452ms
[trac] [18:51:17] CP/SP <INFO> process end
[trac] [18:51:17] CP/SP <INFO> build result...
[trac] [18:51:17] CP/SP     <TRACE> CodeMriAnalyzer-traceback end> count: 78,time: 5817ms, mem: 38MB
[trac] [18:51:17] CP/SP    <DEBUG> CPStandAlone-END END-JOB...
[trac] [18:51:17] CP/SP    <DEBUG> CPStandAlone-END ALL JOB...
[trac] [18:51:17] CP/SP    <DEBUG> Memory-max=494.9375M, total=247.5M, free=208.56396M, used=38.936035M
[trac] [18:51:17] CP/SP     <TRACE> CPStandAlone-SUMMARY - +++++++++++++++++++++++++++++++++++++++++++++++++++++++++++++++++++
[trac] [18:51:17] CP/SP     <TRACE> CPStandAlone-SUMMARY - ID :0
[trac] [18:51:17] CP/SP     <TRACE> CPStandAlone-SUMMARY - ERROR COUNT :3
[trac] [18:51:17] CP/SP     <TRACE> CPStandAlone-SUMMARY -     * RA ERR COUNT :3
[trac] [18:51:17] CP/SP     <TRACE> CPStandAlone-SUMMARY -     * USA ERR COUNT :0
[trac] [18:51:17] CP/SP     <TRACE> CPStandAlone-SUMMARY -     * CP/SP ERR COUNT :0
[trac] [18:51:17] CP/SP     <TRACE> CPStandAlone-SUMMARY -     * ETC ERR COUNT :0
[trac] [18:51:17] CP/SP     <TRACE> CPStandAlone-SUMMARY - RESULT :79
[trac] [18:51:17] CP/SP     <TRACE> CPStandAlone-SUMMARY - Core Analyzer Runtime :0 min 36 sec.
[trac] [18:51:17] CP/SP     <TRACE> CPStandAlone-SUMMARY - +++++++++++++++++++++++++++++++++++++++++++++++++++++++++++++++++++
#90,100
[erro] [7000-1005] [CPSA-2000] java.lang.ExceptionInInitializerError\ncom.gtone.codeprism.standalone.run.CPStandAloneException: java.lang.ExceptionInInitializerError\r\n	at com.gtone.codeprism.standalone.run.CPStandAlone.analyzeFile(CPStandAlone.java:601)\r\n	at com.gtone.codeprism.standalone.run.CPStandAlone.run(CPStandAlone.java:252)\r\n	at java.lang.Thread.run(Unknown Source)\r\nCaused by: java.lang.ExceptionInInitializerError\r\n	at com.gtone.cm.parser.java.src.parser.dumper.PilBuilder.warningAndMark(PilBuilder.java:275)\r\n	at com.gtone.cm.parser.java.src.parser.dumper.PilBuilder.visit(PilBuilder.java:2218)\r\n	at com.gtone.cm.parser.java.src.parser.tree.ASTImportDirective.jjtAccept(ASTImportDirective.java:59)\r\n	at com.gtone.cm.parser.java.src.parser.tree.SimpleNode.childrenAccept(SimpleNode.java:105)\r\n	at com.gtone.cm.parser.java.src.parser.dumper.PilBuilder.visit(PilBuilder.java:2152)\r\n	at com.gtone.cm.parser.java.src.parser.tree.ASTCompilationUnit.jjtAccept(ASTCompilationUnit.java:58)\r\n	at com.gtone.cm.parser.java.analyzer.JavaAnalyzer.extract(JavaAnalyzer.java:303)\r\n	at com.itplus.cm.parser.java18.run.CMParserJavaExtractor.analyzeForCommon(CMParserJavaExtractor.java:136)\r\n	at com.gtone.codeprism.standalone.run.CPStandAlone.analyzeFile(CPStandAlone.java:566)\r\n	... 2 more\r\nCaused by: java.util.MissingResourceException: Can't find bundle for base name com.gtone.cm.parser.java.message, locale it_IT\r\n	at java.util.ResourceBundle.throwMissingResourceException(Unknown Source)\r\n	at java.util.ResourceBundle.getBundleImpl(Unknown Source)\r\n	at java.util.ResourceBundle.getBundle(Unknown Source)\r\n	at com.gtone.cm.parser.java.Messages.<clinit>(Messages.java:38)\r\n	... 11 more\r\n
at C:/Users/S&SSLAWKS/Desktop/Project/JAVA/src/20200813185000/com/gtone/dq/customer/query/SQLQuery.java, (0#0#0#0#C:/Users/S&SSLAWKS/Desktop/Project/JAVA/src/20200813185000/com/gtone/dq/customer/query/SQLQuery.java
[erro] [7000-1005] [CPSA-2000] Could not initialize class com.gtone.cm.parser.java.Messages\ncom.gtone.codeprism.standalone.run.CPStandAloneException: Could not initialize class com.gtone.cm.parser.java.Messages\r\n	at com.gtone.codeprism.standalone.run.CPStandAlone.analyzeFile(CPStandAlone.java:601)\r\n	at com.gtone.codeprism.standalone.run.CPStandAlone.run(CPStandAlone.java:252)\r\n	at java.lang.Thread.run(Unknown Source)\r\nCaused by: java.lang.NoClassDefFoundError: Could not initialize class com.gtone.cm.parser.java.Messages\r\n	at com.gtone.cm.parser.java.src.parser.dumper.PilBuilder.warningAndMark(PilBuilder.java:275)\r\n	at com.gtone.cm.parser.java.src.parser.dumper.PilBuilder.visit(PilBuilder.java:2218)\r\n	at com.gtone.cm.parser.java.src.parser.tree.ASTImportDirective.jjtAccept(ASTImportDirective.java:59)\r\n	at com.gtone.cm.parser.java.src.parser.tree.SimpleNode.childrenAccept(SimpleNode.java:105)\r\n	at com.gtone.cm.parser.java.src.parser.dumper.PilBuilder.visit(PilBuilder.java:2152)\r\n	at com.gtone.cm.parser.java.src.parser.tree.ASTCompilationUnit.jjtAccept(ASTCompilationUnit.java:58)\r\n	at com.gtone.cm.parser.java.analyzer.JavaAnalyzer.extract(JavaAnalyzer.java:303)\r\n	at com.itplus.cm.parser.java18.run.CMParserJavaExtractor.analyzeForCommon(CMParserJavaExtractor.java:136)\r\n	at com.gtone.codeprism.standalone.run.CPStandAlone.analyzeFile(CPStandAlone.java:566)\r\n	... 2 more\r\n
at C:/Users/S&SSLAWKS/Desktop/Project/JAVA/src/20200813185000/com/gtone/dq/customer/server/CustomerDetailRun.java, (0#0#0#0#C:/Users/S&SSLAWKS/Desktop/Project/JAVA/src/20200813185000/com/gtone/dq/customer/server/CustomerDetailRun.java
[erro] [7000-1005] [CPSA-2000] Could not initialize class com.gtone.cm.parser.java.Messages\ncom.gtone.codeprism.standalone.run.CPStandAloneException: Could not initialize class com.gtone.cm.parser.java.Messages\r\n	at com.gtone.codeprism.standalone.run.CPStandAlone.analyzeFile(CPStandAlone.java:601)\r\n	at com.gtone.codeprism.standalone.run.CPStandAlone.run(CPStandAlone.java:252)\r\n	at java.lang.Thread.run(Unknown Source)\r\nCaused by: java.lang.NoClassDefFoundError: Could not initialize class com.gtone.cm.parser.java.Messages\r\n	at com.gtone.cm.parser.java.src.parser.dumper.PilBuilder.warningAndMark(PilBuilder.java:275)\r\n	at com.gtone.cm.parser.java.src.parser.dumper.PilBuilder.visit(PilBuilder.java:2218)\r\n	at com.gtone.cm.parser.java.src.parser.tree.ASTImportDirective.jjtAccept(ASTImportDirective.java:59)\r\n	at com.gtone.cm.parser.java.src.parser.tree.SimpleNode.childrenAccept(SimpleNode.java:105)\r\n	at com.gtone.cm.parser.java.src.parser.dumper.PilBuilder.visit(PilBuilder.java:2152)\r\n	at com.gtone.cm.parser.java.src.parser.tree.ASTCompilationUnit.jjtAccept(ASTCompilationUnit.java:58)\r\n	at com.gtone.cm.parser.java.analyzer.JavaAnalyzer.extract(JavaAnalyzer.java:303)\r\n	at com.itplus.cm.parser.java18.run.CMParserJavaExtractor.analyzeForCommon(CMParserJavaExtractor.java:136)\r\n	at com.gtone.codeprism.standalone.run.CPStandAlone.analyzeFile(CPStandAlone.java:566)\r\n	... 2 more\r\n
at C:/Users/S&SSLAWKS/Desktop/Project/JAVA/src/20200813185000/com/gtone/dq/customer/server/CustomerMasterRun.java, (0#0#0#0#C:/Users/S&SSLAWKS/Desktop/Project/JAVA/src/20200813185000/com/gtone/dq/customer/server/CustomerMasterRun.java
[trac] [file] start. C:/Users/S&SSLAWKS/Desktop/Project/JAVA/src/20200813185000/dao/TB_ITEM_MASTER.java
[info] DEFECTKEY>19,31000209,29<>TB_ITEM_MASTER.java#dao.TB_ITEM_MASTER.getData()#31000209#e.printStackTrace();<>6023325215308160306
[info] DEFECTKEY>19,31000209,35<>TB_ITEM_MASTER.java#dao.TB_ITEM_MASTER.getData()#31000209#e.printStackTrace();<>6023325215308160306
[info] DEFECTKEY>19,31000209,63<>TB_ITEM_MASTER.java#dao.TB_ITEM_MASTER.getData2()#31000209#e.printStackTrace();<>-8482754353393530870
[info] DEFECTKEY>19,31000209,69<>TB_ITEM_MASTER.java#dao.TB_ITEM_MASTER.getData2()#31000209#e.printStackTrace();<>-8482754353393530870
[trac] [file] end.
#90,100
[trac] [file] start. C:/Users/S&SSLAWKS/Desktop/Project/JAVA/src/20200813185000/dao/TB_ORDERM.java
[info] DEFECTKEY>21,31000209,29<>TB_ORDERM.java#dao.TB_ORDERM.getData()#31000209#e.printStackTrace();<>4542975700094392743
[info] DEFECTKEY>21,31000209,35<>TB_ORDERM.java#dao.TB_ORDERM.getData()#31000209#e.printStackTrace();<>4542975700094392743
[info] DEFECTKEY>21,31000209,62<>TB_ORDERM.java#dao.TB_ORDERM.getData2()#31000209#e.printStackTrace();<>7504675750100797102
[info] DEFECTKEY>21,31000209,68<>TB_ORDERM.java#dao.TB_ORDERM.getData2()#31000209#e.printStackTrace();<>7504675750100797102
[trac] [file] end.
#90,100
[trac] [file] start. C:/Users/S&SSLAWKS/Desktop/Project/JAVA/src/20200813185000/dao/TB_CUSTOMER20.java
[info] DEFECTKEY>14,31000209,29<>TB_CUSTOMER20.java#dao.TB_CUSTOMER20.getData()#31000209#e.printStackTrace();<>-1379401059126725414
[info] DEFECTKEY>14,31000209,35<>TB_CUSTOMER20.java#dao.TB_CUSTOMER20.getData()#31000209#e.printStackTrace();<>-1379401059126725414
[info] DEFECTKEY>14,31000209,65<>TB_CUSTOMER20.java#dao.TB_CUSTOMER20.insertData()#31000209#e.printStackTrace();<>3705345313727950307
[info] DEFECTKEY>14,31000209,71<>TB_CUSTOMER20.java#dao.TB_CUSTOMER20.insertData()#31000209#e.printStackTrace();<>3705345313727950307
[info] DEFECTKEY>14,31000209,99<>TB_CUSTOMER20.java#dao.TB_CUSTOMER20.updateData()#31000209#e.printStackTrace();<>8281300792842726736
[info] DEFECTKEY>14,31000209,105<>TB_CUSTOMER20.java#dao.TB_CUSTOMER20.updateData()#31000209#e.printStackTrace();<>8281300792842726736
[info] DEFECTKEY>14,31000209,134<>TB_CUSTOMER20.java#dao.TB_CUSTOMER20.deleteData()#31000209#e.printStackTrace();<>3632367938868755290
[info] DEFECTKEY>14,31000209,140<>TB_CUSTOMER20.java#dao.TB_CUSTOMER20.deleteData()#31000209#e.printStackTrace();<>3632367938868755290
[trac] [file] end.
#90,100
[trac] [file] start. C:/Users/S&SSLAWKS/Desktop/Project/JAVA/src/20200813185000/dao/TB_CD.java
[info] DEFECTKEY>8,31000209,30<>TB_CD.java#dao.TB_CD.getData()#31000209#e.printStackTrace();<>-3555084395796996934
[info] DEFECTKEY>8,31000209,36<>TB_CD.java#dao.TB_CD.getData()#31000209#e.printStackTrace();<>-3555084395796996934
[trac] [file] end.
#91,100
[trac] [file] start. C:/Users/S&SSLAWKS/Desktop/Project/JAVA/src/20200813185000/com/gtone/dq/customer/config/CUSTConfig.java
[info] DEFECTKEY>25,31000022,26<>CUSTConfig.java#com.gtone.dq.customer.config.CUSTConfig.initConfig()#31000022#almprop.load(new FileInputStream(SysUtil.getRealPath(Constants.ALARM_PROPERTIES)));<>-5876298480645952215
[trac] [file] end.
#91,100
[trac] [file] start. C:/Users/S&SSLAWKS/Desktop/Project/JAVA/src/20200813185000/dao/TB_CUSTOMER10.java
[info] DEFECTKEY>13,31000209,29<>TB_CUSTOMER10.java#dao.TB_CUSTOMER10.getData()#31000209#e.printStackTrace();<>4592179521423049207
[info] DEFECTKEY>13,31000209,35<>TB_CUSTOMER10.java#dao.TB_CUSTOMER10.getData()#31000209#e.printStackTrace();<>4592179521423049207
[info] DEFECTKEY>13,31000209,62<>TB_CUSTOMER10.java#dao.TB_CUSTOMER10.getData2()#31000209#e.printStackTrace();<>-7904987771351586545
[info] DEFECTKEY>13,31000209,68<>TB_CUSTOMER10.java#dao.TB_CUSTOMER10.getData2()#31000209#e.printStackTrace();<>-7904987771351586545
[info] DEFECTKEY>13,31000209,97<>TB_CUSTOMER10.java#dao.TB_CUSTOMER10.insertData()#31000209#e.printStackTrace();<>7711045057701290292
[info] DEFECTKEY>13,31000209,103<>TB_CUSTOMER10.java#dao.TB_CUSTOMER10.insertData()#31000209#e.printStackTrace();<>7711045057701290292
[info] DEFECTKEY>13,31000209,131<>TB_CUSTOMER10.java#dao.TB_CUSTOMER10.updateData()#31000209#e.printStackTrace();<>-3750220179329110939
[info] DEFECTKEY>13,31000209,137<>TB_CUSTOMER10.java#dao.TB_CUSTOMER10.updateData()#31000209#e.printStackTrace();<>-3750220179329110939
[info] DEFECTKEY>13,31000209,166<>TB_CUSTOMER10.java#dao.TB_CUSTOMER10.deleteData()#31000209#e.printStackTrace();<>5602792675846630315
[info] DEFECTKEY>13,31000209,172<>TB_CUSTOMER10.java#dao.TB_CUSTOMER10.deleteData()#31000209#e.printStackTrace();<>5602792675846630315
[trac] [file] end.
#91,100
[trac] [file] start. C:/Users/S&SSLAWKS/Desktop/Project/JAVA/src/20200813185000/dao/TB_CD10.java
[info] DEFECTKEY>9,31000209,29<>TB_CD10.java#dao.TB_CD10.getData()#31000209#e.printStackTrace();<>8999321799669338742
[info] DEFECTKEY>9,31000209,35<>TB_CD10.java#dao.TB_CD10.getData()#31000209#e.printStackTrace();<>8999321799669338742
[trac] [file] end.
#91,100
[trac] [file] start. C:/Users/S&SSLAWKS/Desktop/Project/JAVA/src/20200813185000/dao/DAO.java
[info] DEFECTKEY>7,31000259,21<>DAO.java#dao.DAO.getConnection()#31000259#conn = DriverManager.getConnection(db_url, db_user, db_pwd);<>-6739038615233180704
[info] DEFECTKEY>7,31000209,13<>DAO.java#dao.DAO.getConnection()#31000209#e.printStackTrace();<>-3883016364860357678
[info] DEFECTKEY>7,31000209,23<>DAO.java#dao.DAO.getConnection()#31000209#e.printStackTrace();<>-3883016364860357678
[trac] [file] end.
#92,100
[trac] [file] start. C:/Users/S&SSLAWKS/Desktop/Project/JAVA/src/20200813185000/dao/TB_DT_TYPE_STD_VAL.java
[info] DEFECTKEY>18,31000209,29<>TB_DT_TYPE_STD_VAL.java#dao.TB_DT_TYPE_STD_VAL.getData()#31000209#e.printStackTrace();<>9148343054412791211
[info] DEFECTKEY>18,31000209,35<>TB_DT_TYPE_STD_VAL.java#dao.TB_DT_TYPE_STD_VAL.getData()#31000209#e.printStackTrace();<>9148343054412791211
[info] DEFECTKEY>18,31000209,63<>TB_DT_TYPE_STD_VAL.java#dao.TB_DT_TYPE_STD_VAL.getData2()#31000209#e.printStackTrace();<>-3602864826181385662
[info] DEFECTKEY>18,31000209,69<>TB_DT_TYPE_STD_VAL.java#dao.TB_DT_TYPE_STD_VAL.getData2()#31000209#e.printStackTrace();<>-3602864826181385662
[trac] [file] end.
#92,100
[trac] [file] start. C:/Users/S&SSLAWKS/Desktop/Project/JAVA/src/20200813185000/dao/TB_CUST_PLACE.java
[info] DEFECTKEY>17,31000209,29<>TB_CUST_PLACE.java#dao.TB_CUST_PLACE.getData()#31000209#e.printStackTrace();<>1025162420330636585
[info] DEFECTKEY>17,31000209,35<>TB_CUST_PLACE.java#dao.TB_CUST_PLACE.getData()#31000209#e.printStackTrace();<>1025162420330636585
[info] DEFECTKEY>17,31000209,62<>TB_CUST_PLACE.java#dao.TB_CUST_PLACE.getData2()#31000209#e.printStackTrace();<>-5121272802763789148
[info] DEFECTKEY>17,31000209,68<>TB_CUST_PLACE.java#dao.TB_CUST_PLACE.getData2()#31000209#e.printStackTrace();<>-5121272802763789148
[trac] [file] end.
#92,100
[trac] [file] start. C:/Users/S&SSLAWKS/Desktop/Project/JAVA/src/20200813185000/com/gtone/dq/customer/util/SysUtil.java
[info] DEFECTKEY>33,31003034,98<>SysUtil.java#com.gtone.dq.customer.util.SysUtil.getValue(java.io.InputStream)#31003034#BufferedReader reader = new BufferedReader(new InputStreamReader(in));<>-4468769296535935569
[trac] [file] end.
#92,100
[trac] [file] start. C:/Users/S&SSLAWKS/Desktop/Project/JAVA/src/20200813185000/dao/TB_CUST_HOUSEH.java
[info] DEFECTKEY>15,31000209,29<>TB_CUST_HOUSEH.java#dao.TB_CUST_HOUSEH.getData()#31000209#e.printStackTrace();<>-8177051056033105733
[info] DEFECTKEY>15,31000209,35<>TB_CUST_HOUSEH.java#dao.TB_CUST_HOUSEH.getData()#31000209#e.printStackTrace();<>-8177051056033105733
[info] DEFECTKEY>15,31000209,62<>TB_CUST_HOUSEH.java#dao.TB_CUST_HOUSEH.getData2()#31000209#e.printStackTrace();<>2195695991920055012
[info] DEFECTKEY>15,31000209,68<>TB_CUST_HOUSEH.java#dao.TB_CUST_HOUSEH.getData2()#31000209#e.printStackTrace();<>2195695991920055012
[trac] [file] end.
#93,100
[trac] [file] start. C:/Users/S&SSLAWKS/Desktop/Project/JAVA/src/20200813185000/dao/TB_MAIL_DOMAIN.java
[info] DEFECTKEY>20,31000209,29<>TB_MAIL_DOMAIN.java#dao.TB_MAIL_DOMAIN.getData()#31000209#e.printStackTrace();<>-6432713565074917254
[info] DEFECTKEY>20,31000209,35<>TB_MAIL_DOMAIN.java#dao.TB_MAIL_DOMAIN.getData()#31000209#e.printStackTrace();<>-6432713565074917254
[info] DEFECTKEY>20,31000209,63<>TB_MAIL_DOMAIN.java#dao.TB_MAIL_DOMAIN.getData2()#31000209#e.printStackTrace();<>-1485162682472141620
[info] DEFECTKEY>20,31000209,69<>TB_MAIL_DOMAIN.java#dao.TB_MAIL_DOMAIN.getData2()#31000209#e.printStackTrace();<>-1485162682472141620
[trac] [file] end.
#93,100
[trac] [file] start. C:/Users/S&SSLAWKS/Desktop/Project/JAVA/src/20200813185000/dao/TB_CODE_ANAL_LOAD.java
[info] DEFECTKEY>11,31000209,29<>TB_CODE_ANAL_LOAD.java#dao.TB_CODE_ANAL_LOAD.getData()#31000209#e.printStackTrace();<>2087168806940317960
[info] DEFECTKEY>11,31000209,35<>TB_CODE_ANAL_LOAD.java#dao.TB_CODE_ANAL_LOAD.getData()#31000209#e.printStackTrace();<>2087168806940317960
[info] DEFECTKEY>11,31000209,63<>TB_CODE_ANAL_LOAD.java#dao.TB_CODE_ANAL_LOAD.getData2()#31000209#e.printStackTrace();<>3830330665486925372
[info] DEFECTKEY>11,31000209,69<>TB_CODE_ANAL_LOAD.java#dao.TB_CODE_ANAL_LOAD.getData2()#31000209#e.printStackTrace();<>3830330665486925372
[trac] [file] end.
#93,100
[trac] [file] start. C:/Users/S&SSLAWKS/Desktop/Project/JAVA/src/20200813185000/dao/TB_ZIP_CODE.java
[info] DEFECTKEY>24,31000209,29<>TB_ZIP_CODE.java#dao.TB_ZIP_CODE.getData()#31000209#e.printStackTrace();<>3887403805163742799
[info] DEFECTKEY>24,31000209,35<>TB_ZIP_CODE.java#dao.TB_ZIP_CODE.getData()#31000209#e.printStackTrace();<>3887403805163742799
[trac] [file] end.
#93,100
[trac] [file] start. C:/Users/S&SSLAWKS/Desktop/Project/JAVA/src/20200813185000/dao/TB_CUSTOMER.java
[info] DEFECTKEY>12,31000209,29<>TB_CUSTOMER.java#dao.TB_CUSTOMER.getData()#31000209#e.printStackTrace();<>955298824553212192
[info] DEFECTKEY>12,31000209,35<>TB_CUSTOMER.java#dao.TB_CUSTOMER.getData()#31000209#e.printStackTrace();<>955298824553212192
[info] DEFECTKEY>12,31000209,62<>TB_CUSTOMER.java#dao.TB_CUSTOMER.getData2()#31000209#e.printStackTrace();<>7476860037279218790
[info] DEFECTKEY>12,31000209,68<>TB_CUSTOMER.java#dao.TB_CUSTOMER.getData2()#31000209#e.printStackTrace();<>7476860037279218790
[info] DEFECTKEY>12,31000209,98<>TB_CUSTOMER.java#dao.TB_CUSTOMER.insertData()#31000209#e.printStackTrace();<>-385013434413077060
[info] DEFECTKEY>12,31000209,104<>TB_CUSTOMER.java#dao.TB_CUSTOMER.insertData()#31000209#e.printStackTrace();<>-385013434413077060
[info] DEFECTKEY>12,31000209,132<>TB_CUSTOMER.java#dao.TB_CUSTOMER.updateData()#31000209#e.printStackTrace();<>-5838564233925731212
[info] DEFECTKEY>12,31000209,138<>TB_CUSTOMER.java#dao.TB_CUSTOMER.updateData()#31000209#e.printStackTrace();<>-5838564233925731212
[info] DEFECTKEY>12,31000209,167<>TB_CUSTOMER.java#dao.TB_CUSTOMER.deleteData()#31000209#e.printStackTrace();<>6779775753306872076
[info] DEFECTKEY>12,31000209,173<>TB_CUSTOMER.java#dao.TB_CUSTOMER.deleteData()#31000209#e.printStackTrace();<>6779775753306872076
[trac] [file] end.
#94,100
[trac] [file] start. C:/Users/S&SSLAWKS/Desktop/Project/JAVA/src/20200813185000/dao/TB_CD20.java
[info] DEFECTKEY>10,31000209,29<>TB_CD20.java#dao.TB_CD20.getData()#31000209#e.printStackTrace();<>6407810587715899952
[info] DEFECTKEY>10,31000209,35<>TB_CD20.java#dao.TB_CD20.getData()#31000209#e.printStackTrace();<>6407810587715899952
[trac] [file] end.
#94,100
[trac] [file] start. C:/Users/S&SSLAWKS/Desktop/Project/JAVA/src/20200813185000/dao/TB_CUST_ORDSUM.java
[info] DEFECTKEY>16,31000209,29<>TB_CUST_ORDSUM.java#dao.TB_CUST_ORDSUM.getData()#31000209#e.printStackTrace();<>-1930165261897763864
[info] DEFECTKEY>16,31000209,35<>TB_CUST_ORDSUM.java#dao.TB_CUST_ORDSUM.getData()#31000209#e.printStackTrace();<>-1930165261897763864
[info] DEFECTKEY>16,31000209,63<>TB_CUST_ORDSUM.java#dao.TB_CUST_ORDSUM.getData2()#31000209#e.printStackTrace();<>-1828490109257571139
[info] DEFECTKEY>16,31000209,69<>TB_CUST_ORDSUM.java#dao.TB_CUST_ORDSUM.getData2()#31000209#e.printStackTrace();<>-1828490109257571139
[trac] [file] end.
#94,100
[trac] [file] start. C:/Users/S&SSLAWKS/Desktop/Project/JAVA/src/20200813185000/dao/TB_ORDER_DETAIL.java
[info] DEFECTKEY>22,31000209,29<>TB_ORDER_DETAIL.java#dao.TB_ORDER_DETAIL.getData()#31000209#e.printStackTrace();<>4743345475589757884
[info] DEFECTKEY>22,31000209,35<>TB_ORDER_DETAIL.java#dao.TB_ORDER_DETAIL.getData()#31000209#e.printStackTrace();<>4743345475589757884
[info] DEFECTKEY>22,31000209,62<>TB_ORDER_DETAIL.java#dao.TB_ORDER_DETAIL.getData2()#31000209#e.printStackTrace();<>7203051506895363049
[info] DEFECTKEY>22,31000209,68<>TB_ORDER_DETAIL.java#dao.TB_ORDER_DETAIL.getData2()#31000209#e.printStackTrace();<>7203051506895363049
[trac] [file] end.
#94,100
[trac] [file] start. C:/Users/S&SSLAWKS/Desktop/Project/JAVA/src/20200813185000/dao/TB_VENDOR.java
[info] DEFECTKEY>23,31000209,29<>TB_VENDOR.java#dao.TB_VENDOR.getData()#31000209#e.printStackTrace();<>-4244850932726244340
[info] DEFECTKEY>23,31000209,35<>TB_VENDOR.java#dao.TB_VENDOR.getData()#31000209#e.printStackTrace();<>-4244850932726244340
[trac] [file] end.
[trac] [file] insert violation : 79
#95,100
[info] db-insert end. 162ms
#95,100
[trac] [ENDJOB] run project end-job...
[trac] [ENDJOB] update src_detail.
[trac] [ENDJOB] skip metric.
[trac] [ENDJOB] update project analyze data.
[info] project file changed. (matched=1)
[trac] [HandlerLoader] run endjob handlers...
[trac] [HandlerLoader] do not use handlers. (skip)
#100,100
[info] working time: 38872ms
#complete
